Datetime,Open,High,Low,Close,Volume,Symbol
2025-09-04 00:00:00,0.8367,0.8376,0.8366,0.8375,30535.8,ADAUSDT
2025-09-04 00:01:00,0.8374,0.8383,0.8374,0.8379,28391.8,ADAUSDT
2025-09-04 00:02:00,0.8379,0.838,0.8371,0.8379,163090.2,ADAUSDT
2025-09-04 00:03:00,0.8379,0.8384,0.8376,0.8383,33335.3,ADAUSDT
2025-09-04 00:04:00,0.8383,0.8384,0.8381,0.8383,16950.1,ADAUSDT
2025-09-04 00:05:00,0.8384,0.8387,0.8383,0.8387,22298.2,ADAUSDT
2025-09-04 00:06:00,0.8388,0.8389,0.838,0.838,7475.6,ADAUSDT
2025-09-04 00:07:00,0.838,0.838,0.8377,0.8379,32271.8,ADAUSDT
2025-09-04 00:08:00,0.8378,0.838,0.8377,0.838,31955.8,ADAUSDT
2025-09-04 00:09:00,0.838,0.838,0.8375,0.8375,10511.1,ADAUSDT
2025-09-04 00:10:00,0.8375,0.8375,0.837,0.8372,20628.0,ADAUSDT
2025-09-04 00:11:00,0.8372,0.8374,0.8372,0.8374,7615.1,ADAUSDT
2025-09-04 00:12:00,0.8375,0.8381,0.8375,0.8379,71390.8,ADAUSDT
2025-09-04 00:13:00,0.8378,0.8384,0.8378,0.8383,22226.8,ADAUSDT
2025-09-04 00:14:00,0.8384,0.8386,0.8383,0.8384,7908.0,ADAUSDT
2025-09-04 00:15:00,0.8384,0.8384,0.8379,0.8379,4739.5,ADAUSDT
2025-09-04 00:16:00,0.8378,0.8378,0.8373,0.8373,11846.5,ADAUSDT
2025-09-04 00:17:00,0.8373,0.8376,0.8372,0.8376,13916.0,ADAUSDT
2025-09-04 00:18:00,0.8375,0.8382,0.8375,0.8382,10405.8,ADAUSDT
2025-09-04 00:19:00,0.8382,0.839,0.8382,0.839,22322.1,ADAUSDT
2025-09-04 00:20:00,0.8391,0.8404,0.8391,0.8401,171405.8,ADAUSDT
2025-09-04 00:21:00,0.84,0.8409,0.8399,0.8405,51103.6,ADAUSDT
2025-09-04 00:22:00,0.8404,0.8418,0.8403,0.8413,150884.6,ADAUSDT
2025-09-04 00:23:00,0.8412,0.8417,0.8411,0.8411,131716.7,ADAUSDT
2025-09-04 00:24:00,0.8411,0.8412,0.8404,0.8404,154984.7,ADAUSDT
2025-09-04 00:25:00,0.8404,0.8404,0.84,0.8401,36460.0,ADAUSDT
2025-09-04 00:26:00,0.8401,0.8412,0.8401,0.8412,106577.4,ADAUSDT
2025-09-04 00:27:00,0.8411,0.8412,0.8409,0.8409,21538.5,ADAUSDT
2025-09-04 00:28:00,0.8409,0.8415,0.8409,0.841,12458.7,ADAUSDT
2025-09-04 00:29:00,0.8409,0.841,0.8404,0.8404,38769.0,ADAUSDT
2025-09-04 00:30:00,0.8404,0.8409,0.84,0.84,41110.7,ADAUSDT
2025-09-04 00:31:00,0.84,0.8401,0.8397,0.84,10147.2,ADAUSDT
2025-09-04 00:32:00,0.8399,0.84,0.8394,0.8394,20806.4,ADAUSDT
2025-09-04 00:33:00,0.8395,0.8407,0.8395,0.8407,9145.8,ADAUSDT
2025-09-04 00:34:00,0.8408,0.8414,0.8408,0.8414,78729.6,ADAUSDT
2025-09-04 00:35:00,0.8413,0.8414,0.8409,0.841,20036.1,ADAUSDT
2025-09-04 00:36:00,0.8411,0.8415,0.841,0.841,7746.3,ADAUSDT
2025-09-04 00:37:00,0.8411,0.8415,0.8409,0.841,11117.0,ADAUSDT
2025-09-04 00:38:00,0.841,0.841,0.8403,0.8405,77072.8,ADAUSDT
2025-09-04 00:39:00,0.8405,0.8406,0.8399,0.8399,17540.2,ADAUSDT
2025-09-04 00:40:00,0.8399,0.8405,0.8399,0.8403,12688.5,ADAUSDT
2025-09-04 00:41:00,0.8402,0.8407,0.8399,0.8406,7254.4,ADAUSDT
2025-09-04 00:42:00,0.8405,0.8408,0.8404,0.8405,24898.2,ADAUSDT
2025-09-04 00:43:00,0.8405,0.8406,0.8402,0.8402,7492.8,ADAUSDT
2025-09-04 00:44:00,0.8402,0.8403,0.8398,0.8398,12722.3,ADAUSDT
2025-09-04 00:45:00,0.8397,0.8399,0.8396,0.8396,3651.6,ADAUSDT
2025-09-04 00:46:00,0.8395,0.8397,0.8393,0.8395,17400.4,ADAUSDT
2025-09-04 00:47:00,0.8394,0.8395,0.8391,0.8391,23072.5,ADAUSDT
2025-09-04 00:48:00,0.8392,0.8397,0.8392,0.8396,8624.4,ADAUSDT
2025-09-04 00:49:00,0.8396,0.8398,0.8396,0.8397,9015.4,ADAUSDT
2025-09-04 00:50:00,0.8397,0.8403,0.8396,0.8403,308899.1,ADAUSDT
2025-09-04 00:51:00,0.8403,0.8403,0.8399,0.8399,8012.5,ADAUSDT
2025-09-04 00:52:00,0.8398,0.8402,0.8394,0.8401,20976.0,ADAUSDT
2025-09-04 00:53:00,0.8401,0.8401,0.8399,0.8399,148599.3,ADAUSDT
2025-09-04 00:54:00,0.8399,0.8404,0.8399,0.8404,30230.0,ADAUSDT
2025-09-04 00:55:00,0.8404,0.8405,0.8403,0.8404,103016.4,ADAUSDT
2025-09-04 00:56:00,0.8404,0.8404,0.8402,0.8404,72726.0,ADAUSDT
2025-09-04 00:57:00,0.8404,0.8404,0.84,0.84,29617.2,ADAUSDT
2025-09-04 00:58:00,0.8401,0.8401,0.8397,0.8397,20307.6,ADAUSDT
2025-09-04 00:59:00,0.8397,0.8398,0.8397,0.8398,11875.5,ADAUSDT
2025-09-04 01:00:00,0.8398,0.8398,0.8391,0.8391,8085.1,ADAUSDT
2025-09-04 01:01:00,0.8391,0.8391,0.8386,0.8387,84775.6,ADAUSDT
2025-09-04 01:02:00,0.8386,0.8387,0.8377,0.8379,6834.7,ADAUSDT
2025-09-04 01:03:00,0.8379,0.838,0.8373,0.8374,6875.4,ADAUSDT
2025-09-04 01:04:00,0.8375,0.8375,0.8372,0.8373,15710.7,ADAUSDT
2025-09-04 01:05:00,0.8374,0.8376,0.8363,0.8365,167104.9,ADAUSDT
2025-09-04 01:06:00,0.8365,0.8365,0.8361,0.8361,7766.4,ADAUSDT
2025-09-04 01:07:00,0.8361,0.8368,0.836,0.8363,91846.0,ADAUSDT
2025-09-04 01:08:00,0.8364,0.8366,0.8362,0.8364,28196.1,ADAUSDT
2025-09-04 01:09:00,0.8364,0.8367,0.8364,0.8366,4631.0,ADAUSDT
2025-09-04 01:10:00,0.8367,0.8368,0.8359,0.8359,95202.4,ADAUSDT
2025-09-04 01:11:00,0.8359,0.8359,0.8352,0.8352,61409.8,ADAUSDT
2025-09-04 01:12:00,0.8353,0.8353,0.8334,0.8339,244308.7,ADAUSDT
2025-09-04 01:13:00,0.8339,0.8341,0.8338,0.8339,117892.8,ADAUSDT
2025-09-04 01:14:00,0.8338,0.8341,0.8338,0.8339,122217.0,ADAUSDT
2025-09-04 01:15:00,0.8338,0.8338,0.8328,0.8329,59026.3,ADAUSDT
2025-09-04 01:16:00,0.833,0.8337,0.833,0.8337,226428.2,ADAUSDT
2025-09-04 01:17:00,0.8338,0.8343,0.8335,0.8342,22889.9,ADAUSDT
2025-09-04 01:18:00,0.8341,0.8345,0.8339,0.8343,69186.9,ADAUSDT
2025-09-04 01:19:00,0.8344,0.8346,0.834,0.834,45009.8,ADAUSDT
2025-09-04 01:20:00,0.8341,0.8349,0.8341,0.8348,53588.4,ADAUSDT
2025-09-04 01:21:00,0.8347,0.8347,0.8341,0.8341,26006.2,ADAUSDT
2025-09-04 01:22:00,0.8342,0.8347,0.834,0.8347,15824.2,ADAUSDT
2025-09-04 01:23:00,0.8347,0.8347,0.8341,0.8342,24298.0,ADAUSDT
2025-09-04 01:24:00,0.8342,0.8344,0.834,0.8341,18619.7,ADAUSDT
2025-09-04 01:25:00,0.8341,0.8341,0.8332,0.8337,136749.9,ADAUSDT
2025-09-04 01:26:00,0.8338,0.8342,0.8338,0.8338,25913.7,ADAUSDT
2025-09-04 01:27:00,0.8338,0.8345,0.8338,0.8343,47925.8,ADAUSDT
2025-09-04 01:28:00,0.8343,0.8343,0.834,0.8341,31475.8,ADAUSDT
2025-09-04 01:29:00,0.8341,0.8348,0.8341,0.8348,357586.5,ADAUSDT
2025-09-04 01:30:00,0.8347,0.835,0.8341,0.835,107537.5,ADAUSDT
2025-09-04 01:31:00,0.8349,0.8352,0.8345,0.8352,20208.9,ADAUSDT
2025-09-04 01:32:00,0.8353,0.8373,0.8353,0.8372,177837.0,ADAUSDT
2025-09-04 01:33:00,0.8371,0.8373,0.8361,0.8361,20222.7,ADAUSDT
2025-09-04 01:34:00,0.836,0.837,0.836,0.836,6554.6,ADAUSDT
2025-09-04 01:35:00,0.836,0.8368,0.836,0.8365,21435.4,ADAUSDT
2025-09-04 01:36:00,0.8366,0.8366,0.8359,0.8359,20535.4,ADAUSDT
2025-09-04 01:37:00,0.8358,0.8358,0.8352,0.8354,33494.0,ADAUSDT
2025-09-04 01:38:00,0.8354,0.8355,0.8349,0.835,24237.6,ADAUSDT
2025-09-04 01:39:00,0.835,0.8357,0.835,0.8357,16576.5,ADAUSDT
2025-09-04 00:00:00,603.6,603.9,603.6,603.9,16.066,BCH/USDT
2025-09-04 00:01:00,603.9,604.4,603.8,604.3,11.281,BCH/USDT
2025-09-04 00:02:00,604.3,604.6,604.0,604.0,41.616,BCH/USDT
2025-09-04 00:03:00,604.0,604.0,603.7,603.9,48.37,BCH/USDT
2025-09-04 00:04:00,603.9,603.9,603.5,603.6,21.25,BCH/USDT
2025-09-04 00:05:00,603.6,603.7,603.5,603.6,10.369,BCH/USDT
2025-09-04 00:06:00,603.6,603.6,603.4,603.4,8.395,BCH/USDT
2025-09-04 00:07:00,603.3,603.4,603.3,603.3,0.628,BCH/USDT
2025-09-04 00:08:00,603.4,603.4,603.2,603.2,38.876,BCH/USDT
2025-09-04 00:09:00,603.2,603.2,602.1,602.2,105.065,BCH/USDT
2025-09-04 00:10:00,602.2,602.3,601.8,601.8,11.091,BCH/USDT
2025-09-04 00:11:00,601.8,601.8,601.3,601.6,103.478,BCH/USDT
2025-09-04 00:12:00,601.7,601.8,601.7,601.7,1.732,BCH/USDT
2025-09-04 00:13:00,601.7,601.7,601.6,601.6,11.761,BCH/USDT
2025-09-04 00:14:00,601.5,601.7,601.5,601.7,3.437,BCH/USDT
2025-09-04 00:15:00,601.8,601.8,601.3,601.4,27.438,BCH/USDT
2025-09-04 00:16:00,601.3,601.3,600.7,600.7,106.536,BCH/USDT
2025-09-04 00:17:00,600.7,601.1,600.7,601.1,22.622,BCH/USDT
2025-09-04 00:18:00,601.1,601.2,600.8,601.1,15.359,BCH/USDT
2025-09-04 00:19:00,601.0,601.1,601.0,601.1,14.061,BCH/USDT
2025-09-04 00:20:00,601.0,601.2,601.0,601.2,23.655,BCH/USDT
2025-09-04 00:21:00,601.2,601.3,601.1,601.2,4.4,BCH/USDT
2025-09-04 00:22:00,601.2,601.6,601.1,601.3,25.169,BCH/USDT
2025-09-04 00:23:00,601.3,602.8,601.3,601.9,117.0,BCH/USDT
2025-09-04 00:24:00,601.9,602.8,601.9,601.9,97.6,BCH/USDT
2025-09-04 00:25:00,601.8,601.8,601.7,601.8,3.877,BCH/USDT
2025-09-04 00:26:00,601.7,602.1,601.7,602.1,15.578,BCH/USDT
2025-09-04 00:27:00,602.1,602.2,602.1,602.2,3.815,BCH/USDT
2025-09-04 00:28:00,602.2,602.3,601.5,601.5,28.756,BCH/USDT
2025-09-04 00:29:00,601.5,601.8,601.4,601.4,31.662,BCH/USDT
2025-09-04 00:30:00,601.5,601.6,601.1,601.1,9.19,BCH/USDT
2025-09-04 00:31:00,601.2,601.4,601.2,601.4,6.684,BCH/USDT
2025-09-04 00:32:00,601.5,601.8,601.5,601.8,3.201,BCH/USDT
2025-09-04 00:33:00,601.8,601.9,601.7,601.9,14.963,BCH/USDT
2025-09-04 00:34:00,601.9,601.9,601.0,601.1,19.115,BCH/USDT
2025-09-04 00:35:00,601.1,601.4,600.8,601.1,35.911,BCH/USDT
2025-09-04 00:36:00,601.1,601.1,600.8,600.8,9.533,BCH/USDT
2025-09-04 00:37:00,600.8,600.9,600.8,600.9,6.023,BCH/USDT
2025-09-04 00:38:00,600.9,600.9,600.8,600.8,6.228,BCH/USDT
2025-09-04 00:39:00,600.7,600.7,600.4,600.4,1.045,BCH/USDT
2025-09-04 00:40:00,600.4,600.7,600.4,600.7,3.309,BCH/USDT
2025-09-04 00:41:00,600.7,600.7,600.5,600.6,3.996,BCH/USDT
2025-09-04 00:42:00,600.6,600.8,600.6,600.7,16.561,BCH/USDT
2025-09-04 00:43:00,600.7,600.7,600.5,600.5,11.912,BCH/USDT
2025-09-04 00:44:00,600.5,600.6,600.5,600.5,2.351,BCH/USDT
2025-09-04 00:45:00,600.4,600.6,600.2,600.5,16.489,BCH/USDT
2025-09-04 00:46:00,600.5,600.7,600.5,600.6,13.547,BCH/USDT
2025-09-04 00:47:00,600.6,600.6,600.4,600.4,10.219,BCH/USDT
2025-09-04 00:48:00,600.5,600.9,600.5,600.9,2.817,BCH/USDT
2025-09-04 00:49:00,601.0,601.1,600.9,601.0,8.265,BCH/USDT
2025-09-04 00:50:00,600.9,601.0,600.8,601.0,4.832,BCH/USDT
2025-09-04 00:51:00,601.0,601.1,600.8,600.8,19.936,BCH/USDT
2025-09-04 00:52:00,600.7,600.9,600.7,600.9,7.071,BCH/USDT
2025-09-04 00:53:00,600.8,600.8,600.4,600.4,22.12,BCH/USDT
2025-09-04 00:54:00,600.4,600.5,600.4,600.5,4.909,BCH/USDT
2025-09-04 00:55:00,600.5,600.7,600.5,600.6,14.293,BCH/USDT
2025-09-04 00:56:00,600.6,600.7,600.5,600.7,16.555,BCH/USDT
2025-09-04 00:57:00,600.7,600.7,600.5,600.5,0.46,BCH/USDT
2025-09-04 00:58:00,600.5,600.5,600.5,600.5,4.88,BCH/USDT
2025-09-04 00:59:00,600.5,600.8,600.5,600.8,24.932,BCH/USDT
2025-09-04 01:00:00,600.7,600.7,600.1,600.2,20.34,BCH/USDT
2025-09-04 01:01:00,600.2,600.2,600.0,600.0,9.55,BCH/USDT
2025-09-04 01:02:00,600.0,600.4,599.4,600.3,75.586,BCH/USDT
2025-09-04 01:03:00,600.3,600.4,600.3,600.4,0.893,BCH/USDT
2025-09-04 01:04:00,600.3,600.3,600.3,600.3,1.068,BCH/USDT
2025-09-04 01:05:00,600.3,600.3,599.8,599.8,10.351,BCH/USDT
2025-09-04 01:06:00,599.8,600.1,599.8,600.1,4.884,BCH/USDT
2025-09-04 01:07:00,600.1,600.3,600.0,600.2,13.657,BCH/USDT
2025-09-04 01:08:00,600.2,600.4,600.0,600.3,20.378,BCH/USDT
2025-09-04 01:09:00,600.3,600.3,600.0,600.0,5.48,BCH/USDT
2025-09-04 01:10:00,600.0,600.1,600.0,600.1,0.508,BCH/USDT
2025-09-04 01:11:00,600.0,600.0,591.4,591.8,2054.251,BCH/USDT
2025-09-04 01:12:00,591.8,593.2,590.0,592.9,729.359,BCH/USDT
2025-09-04 01:13:00,592.9,593.1,592.0,593.1,67.632,BCH/USDT
2025-09-04 01:14:00,593.1,593.7,592.5,593.2,73.398,BCH/USDT
2025-09-04 01:15:00,593.3,594.1,593.1,593.6,233.204,BCH/USDT
2025-09-04 01:16:00,593.6,593.8,592.9,593.8,70.169,BCH/USDT
2025-09-04 01:17:00,593.7,593.7,592.6,592.6,24.639,BCH/USDT
2025-09-04 01:18:00,592.6,592.6,591.9,592.3,25.51,BCH/USDT
2025-09-04 01:19:00,592.3,592.5,591.4,591.4,27.02,BCH/USDT
2025-09-04 01:20:00,591.3,592.1,591.2,591.5,78.023,BCH/USDT
2025-09-04 01:21:00,591.5,591.5,591.1,591.2,27.977,BCH/USDT
2025-09-04 01:22:00,591.1,591.5,591.0,591.1,7.835,BCH/USDT
2025-09-04 01:23:00,591.2,591.6,590.9,591.3,113.426,BCH/USDT
2025-09-04 01:24:00,591.3,592.0,591.2,591.5,251.69,BCH/USDT
2025-09-04 01:25:00,591.5,591.8,591.1,591.5,121.492,BCH/USDT
2025-09-04 01:26:00,591.6,591.8,591.4,591.7,18.848,BCH/USDT
2025-09-04 01:27:00,591.7,591.9,591.2,591.5,42.489,BCH/USDT
2025-09-04 01:28:00,591.5,591.6,590.9,590.9,9.92,BCH/USDT
2025-09-04 01:29:00,590.9,590.9,590.7,590.8,19.66,BCH/USDT
2025-09-04 01:30:00,590.7,590.8,590.3,590.5,10.417,BCH/USDT
2025-09-04 01:31:00,590.5,590.8,590.1,590.3,46.479,BCH/USDT
2025-09-04 01:32:00,590.3,590.8,590.3,590.6,14.544,BCH/USDT
2025-09-04 01:33:00,590.5,590.5,590.0,590.2,24.806,BCH/USDT
2025-09-04 01:34:00,590.2,590.5,590.0,590.3,58.4,BCH/USDT
2025-09-04 01:35:00,590.2,590.2,589.7,589.8,46.318,BCH/USDT
2025-09-04 01:36:00,589.8,589.8,589.4,589.4,11.765,BCH/USDT
2025-09-04 01:37:00,589.5,589.5,588.7,588.7,25.15,BCH/USDT
2025-09-04 01:38:00,588.6,588.9,588.5,588.8,30.568,BCH/USDT
2025-09-04 01:39:00,588.9,589.2,588.5,588.5,34.115,BCH/USDT
2025-09-04 00:00:00,111705.72,111730.44,111691.03,111730.44,10.65809,BTCUSDT
2025-09-04 00:01:00,111730.44,111777.87,111730.43,111749.59,18.50895,BTCUSDT
2025-09-04 00:02:00,111749.37,111749.37,111653.66,111707.64,34.53902,BTCUSDT
2025-09-04 00:03:00,111707.65,111726.0,111688.4,111725.99,10.95898,BTCUSDT
2025-09-04 00:04:00,111726.0,111726.0,111710.59,111710.59,4.83461,BTCUSDT
2025-09-04 00:05:00,111710.59,111727.93,111710.59,111727.93,1.14749,BTCUSDT
2025-09-04 00:06:00,111727.92,111732.11,111668.54,111668.54,10.4682,BTCUSDT
2025-09-04 00:07:00,111668.55,111668.55,111652.74,111652.75,1.61931,BTCUSDT
2025-09-04 00:08:00,111652.75,111666.0,111652.74,111665.99,3.73915,BTCUSDT
2025-09-04 00:09:00,111665.99,111666.0,111646.21,111646.21,5.43026,BTCUSDT
2025-09-04 00:10:00,111646.22,111646.22,111619.86,111619.87,5.59624,BTCUSDT
2025-09-04 00:11:00,111619.86,111643.26,111619.86,111643.25,4.02784,BTCUSDT
2025-09-04 00:12:00,111643.26,111666.57,111643.26,111666.57,1.14764,BTCUSDT
2025-09-04 00:13:00,111666.56,111717.87,111666.56,111717.86,0.94087,BTCUSDT
2025-09-04 00:14:00,111717.86,111730.45,111717.86,111730.44,3.87125,BTCUSDT
2025-09-04 00:15:00,111730.45,111749.36,111730.44,111749.36,6.83362,BTCUSDT
2025-09-04 00:16:00,111749.35,111749.36,111691.9,111691.9,8.30172,BTCUSDT
2025-09-04 00:17:00,111691.91,111710.32,111672.04,111710.32,3.35689,BTCUSDT
2025-09-04 00:18:00,111710.31,111748.79,111702.0,111748.78,0.96595,BTCUSDT
2025-09-04 00:19:00,111748.78,111896.01,111748.78,111896.01,12.8909,BTCUSDT
2025-09-04 00:20:00,111896.69,111956.0,111896.68,111947.48,7.25843,BTCUSDT
2025-09-04 00:21:00,111947.48,111976.2,111924.0,111951.58,4.32536,BTCUSDT
2025-09-04 00:22:00,111951.59,112094.64,111947.47,112041.7,27.96152,BTCUSDT
2025-09-04 00:23:00,112041.71,112080.0,112026.0,112026.0,7.09668,BTCUSDT
2025-09-04 00:24:00,112026.01,112026.01,112008.47,112008.47,1.96086,BTCUSDT
2025-09-04 00:25:00,112008.48,112008.48,111975.48,111980.1,4.8262,BTCUSDT
2025-09-04 00:26:00,111980.1,112046.0,111980.09,112045.99,15.6425,BTCUSDT
2025-09-04 00:27:00,112046.0,112060.0,112045.99,112059.99,7.48355,BTCUSDT
2025-09-04 00:28:00,112059.99,112064.34,112031.44,112031.44,7.26558,BTCUSDT
2025-09-04 00:29:00,112031.44,112031.44,112005.0,112005.0,2.38835,BTCUSDT
2025-09-04 00:30:00,112005.0,112034.5,111990.59,111990.6,3.3594,BTCUSDT
2025-09-04 00:31:00,111990.59,111994.4,111984.36,111994.4,1.01514,BTCUSDT
2025-09-04 00:32:00,111994.41,111994.41,111955.7,111955.71,1.22566,BTCUSDT
2025-09-04 00:33:00,111955.7,112050.0,111955.7,112050.0,2.31115,BTCUSDT
2025-09-04 00:34:00,112050.0,112121.59,112049.99,112119.99,7.92389,BTCUSDT
2025-09-04 00:35:00,112119.99,112121.59,112096.12,112096.13,4.43843,BTCUSDT
2025-09-04 00:36:00,112096.12,112144.74,112096.12,112115.69,6.9265,BTCUSDT
2025-09-04 00:37:00,112115.69,112124.0,112105.49,112105.49,2.79849,BTCUSDT
2025-09-04 00:38:00,112105.49,112105.49,112053.99,112070.01,3.01351,BTCUSDT
2025-09-04 00:39:00,112070.02,112080.77,112021.24,112021.24,5.95356,BTCUSDT
2025-09-04 00:40:00,112021.24,112054.99,112021.24,112054.99,2.16798,BTCUSDT
2025-09-04 00:41:00,112054.99,112074.76,112044.0,112074.76,2.0006,BTCUSDT
2025-09-04 00:42:00,112074.76,112074.76,112064.01,112068.0,0.9541,BTCUSDT
2025-09-04 00:43:00,112067.99,112068.0,112067.99,112067.99,0.55366,BTCUSDT
2025-09-04 00:44:00,112068.0,112068.0,112067.99,112068.0,0.98705,BTCUSDT
2025-09-04 00:45:00,112067.99,112068.0,112052.1,112060.8,5.04355,BTCUSDT
2025-09-04 00:46:00,112060.8,112060.81,112041.62,112041.62,2.90952,BTCUSDT
2025-09-04 00:47:00,112041.62,112041.63,112016.0,112016.01,3.31682,BTCUSDT
2025-09-04 00:48:00,112016.01,112046.2,112016.0,112046.19,3.0389,BTCUSDT
2025-09-04 00:49:00,112046.2,112046.2,112046.19,112046.19,1.33909,BTCUSDT
2025-09-04 00:50:00,112046.19,112107.22,112046.19,112107.22,3.69624,BTCUSDT
2025-09-04 00:51:00,112107.22,112131.03,112107.21,112131.02,4.36719,BTCUSDT
2025-09-04 00:52:00,112131.02,112140.0,112095.77,112140.0,7.48024,BTCUSDT
2025-09-04 00:53:00,112140.0,112145.88,112139.99,112145.88,0.96299,BTCUSDT
2025-09-04 00:54:00,112145.88,112145.89,112145.87,112145.88,1.26988,BTCUSDT
2025-09-04 00:55:00,112145.89,112173.46,112145.88,112173.46,11.085,BTCUSDT
2025-09-04 00:56:00,112173.46,112180.0,112173.45,112180.0,3.86332,BTCUSDT
2025-09-04 00:57:00,112180.0,112180.0,112152.98,112152.99,3.11732,BTCUSDT
2025-09-04 00:58:00,112152.98,112152.99,112113.37,112113.37,6.24799,BTCUSDT
2025-09-04 00:59:00,112113.37,112113.38,112065.6,112065.61,4.01305,BTCUSDT
2025-09-04 01:00:00,112065.6,112080.0,112026.01,112026.01,7.69473,BTCUSDT
2025-09-04 01:01:00,112026.01,112046.67,112021.24,112045.99,4.21633,BTCUSDT
2025-09-04 01:02:00,112045.99,112046.0,112011.24,112011.24,1.9719,BTCUSDT
2025-09-04 01:03:00,112011.24,112011.25,111994.34,111994.34,2.12522,BTCUSDT
2025-09-04 01:04:00,111994.35,111994.35,111973.7,111983.69,5.44972,BTCUSDT
2025-09-04 01:05:00,111983.69,111997.41,111906.93,111906.94,10.60406,BTCUSDT
2025-09-04 01:06:00,111906.93,111906.94,111890.69,111890.69,2.88826,BTCUSDT
2025-09-04 01:07:00,111890.69,111890.7,111855.2,111889.53,4.87607,BTCUSDT
2025-09-04 01:08:00,111889.53,111908.97,111889.52,111908.97,7.64443,BTCUSDT
2025-09-04 01:09:00,111908.96,111922.36,111908.96,111908.96,4.7654,BTCUSDT
2025-09-04 01:10:00,111908.96,111908.97,111867.93,111867.94,3.29471,BTCUSDT
2025-09-04 01:11:00,111867.94,111867.94,111809.81,111809.81,9.41031,BTCUSDT
2025-09-04 01:12:00,111809.82,111809.82,111730.44,111730.44,8.61884,BTCUSDT
2025-09-04 01:13:00,111730.44,111749.74,111708.53,111708.54,13.19441,BTCUSDT
2025-09-04 01:14:00,111708.54,111708.54,111700.0,111704.81,2.88781,BTCUSDT
2025-09-04 01:15:00,111704.81,111704.81,111667.66,111667.66,2.23694,BTCUSDT
2025-09-04 01:16:00,111667.66,111667.68,111641.63,111667.68,4.97715,BTCUSDT
2025-09-04 01:17:00,111667.68,111720.0,111667.67,111719.99,3.51936,BTCUSDT
2025-09-04 01:18:00,111720.0,111743.0,111710.87,111739.99,6.0335,BTCUSDT
2025-09-04 01:19:00,111740.0,111740.0,111717.93,111717.94,4.68494,BTCUSDT
2025-09-04 01:20:00,111717.94,111753.83,111717.93,111748.09,2.86286,BTCUSDT
2025-09-04 01:21:00,111748.1,111748.1,111687.03,111687.03,4.00639,BTCUSDT
2025-09-04 01:22:00,111687.03,111740.0,111687.03,111739.99,3.86028,BTCUSDT
2025-09-04 01:23:00,111739.99,111760.28,111726.04,111726.05,2.99781,BTCUSDT
2025-09-04 01:24:00,111726.05,111737.4,111721.59,111735.99,4.32607,BTCUSDT
2025-09-04 01:25:00,111735.99,111736.0,111703.67,111734.64,1.62263,BTCUSDT
2025-09-04 01:26:00,111734.63,111755.15,111734.63,111747.22,3.8168,BTCUSDT
2025-09-04 01:27:00,111747.22,111781.62,111747.21,111781.61,1.91485,BTCUSDT
2025-09-04 01:28:00,111781.61,111781.62,111755.45,111765.99,1.67729,BTCUSDT
2025-09-04 01:29:00,111765.99,111795.91,111765.99,111795.9,1.54156,BTCUSDT
2025-09-04 01:30:00,111795.9,111830.59,111778.55,111830.58,3.17179,BTCUSDT
2025-09-04 01:31:00,111830.58,111830.59,111783.26,111829.18,2.73497,BTCUSDT
2025-09-04 01:32:00,111829.17,112013.99,111829.17,111988.0,16.09973,BTCUSDT
2025-09-04 01:33:00,111987.99,111988.0,111925.65,111925.65,4.6918,BTCUSDT
2025-09-04 01:34:00,111925.64,112000.0,111924.01,111924.01,4.16069,BTCUSDT
2025-09-04 01:35:00,111924.01,111973.35,111912.0,111912.01,5.34974,BTCUSDT
2025-09-04 01:36:00,111912.01,111916.88,111881.98,111881.98,3.08871,BTCUSDT
2025-09-04 01:37:00,111881.87,111884.0,111848.42,111858.0,3.91461,BTCUSDT
2025-09-04 01:38:00,111858.0,111870.8,111820.55,111820.55,8.81128,BTCUSDT
2025-09-04 01:39:00,111820.55,111858.59,111820.55,111856.0,1.63816,BTCUSDT
2025-09-04 00:00:00,3.866,3.867,3.865,3.865,926.07,DOTUSDT
2025-09-04 00:01:00,3.865,3.866,3.865,3.865,978.2,DOTUSDT
2025-09-04 00:02:00,3.865,3.866,3.863,3.866,4538.7,DOTUSDT
2025-09-04 00:03:00,3.866,3.867,3.865,3.867,428.22,DOTUSDT
2025-09-04 00:04:00,3.867,3.869,3.866,3.866,5812.88,DOTUSDT
2025-09-04 00:05:00,3.867,3.87,3.867,3.87,3433.58,DOTUSDT
2025-09-04 00:06:00,3.869,3.87,3.866,3.866,700.82,DOTUSDT
2025-09-04 00:07:00,3.866,3.866,3.866,3.866,224.01,DOTUSDT
2025-09-04 00:08:00,3.866,3.866,3.865,3.865,927.31,DOTUSDT
2025-09-04 00:09:00,3.866,3.866,3.864,3.865,2356.31,DOTUSDT
2025-09-04 00:10:00,3.865,3.865,3.864,3.864,1470.68,DOTUSDT
2025-09-04 00:11:00,3.863,3.863,3.863,3.863,666.69,DOTUSDT
2025-09-04 00:12:00,3.864,3.866,3.863,3.864,3835.93,DOTUSDT
2025-09-04 00:13:00,3.865,3.867,3.865,3.866,733.18,DOTUSDT
2025-09-04 00:14:00,3.866,3.868,3.866,3.867,132.86,DOTUSDT
2025-09-04 00:15:00,3.866,3.866,3.864,3.865,98.91,DOTUSDT
2025-09-04 00:16:00,3.864,3.864,3.862,3.862,626.18,DOTUSDT
2025-09-04 00:17:00,3.861,3.862,3.86,3.861,3201.3,DOTUSDT
2025-09-04 00:18:00,3.861,3.863,3.861,3.863,171.52,DOTUSDT
2025-09-04 00:19:00,3.863,3.867,3.863,3.867,5403.63,DOTUSDT
2025-09-04 00:20:00,3.868,3.872,3.868,3.87,18096.13,DOTUSDT
2025-09-04 00:21:00,3.871,3.873,3.871,3.872,1075.91,DOTUSDT
2025-09-04 00:22:00,3.871,3.877,3.871,3.875,7154.24,DOTUSDT
2025-09-04 00:23:00,3.875,3.876,3.871,3.871,2218.51,DOTUSDT
2025-09-04 00:24:00,3.871,3.871,3.87,3.87,852.08,DOTUSDT
2025-09-04 00:25:00,3.869,3.869,3.867,3.867,339.87,DOTUSDT
2025-09-04 00:26:00,3.868,3.872,3.868,3.872,1123.6,DOTUSDT
2025-09-04 00:27:00,3.871,3.871,3.871,3.871,410.27,DOTUSDT
2025-09-04 00:28:00,3.872,3.874,3.871,3.871,637.05,DOTUSDT
2025-09-04 00:29:00,3.87,3.87,3.868,3.869,1132.82,DOTUSDT
2025-09-04 00:30:00,3.868,3.868,3.867,3.867,678.83,DOTUSDT
2025-09-04 00:31:00,3.866,3.867,3.865,3.867,1589.16,DOTUSDT
2025-09-04 00:32:00,3.867,3.867,3.864,3.864,511.21,DOTUSDT
2025-09-04 00:33:00,3.865,3.87,3.865,3.87,2812.76,DOTUSDT
2025-09-04 00:34:00,3.871,3.874,3.871,3.874,1905.77,DOTUSDT
2025-09-04 00:35:00,3.873,3.874,3.873,3.873,2451.77,DOTUSDT
2025-09-04 00:36:00,3.873,3.876,3.873,3.873,2647.44,DOTUSDT
2025-09-04 00:37:00,3.873,3.873,3.871,3.871,625.06,DOTUSDT
2025-09-04 00:38:00,3.87,3.871,3.868,3.868,488.94,DOTUSDT
2025-09-04 00:39:00,3.868,3.868,3.867,3.867,63.64,DOTUSDT
2025-09-04 00:40:00,3.867,3.869,3.867,3.869,388.89,DOTUSDT
2025-09-04 00:41:00,3.869,3.87,3.868,3.87,6366.11,DOTUSDT
2025-09-04 00:42:00,3.869,3.87,3.868,3.869,2452.74,DOTUSDT
2025-09-04 00:43:00,3.868,3.869,3.868,3.868,1697.8,DOTUSDT
2025-09-04 00:44:00,3.868,3.868,3.867,3.867,261.8,DOTUSDT
2025-09-04 00:45:00,3.866,3.866,3.866,3.866,1681.06,DOTUSDT
2025-09-04 00:46:00,3.865,3.867,3.865,3.867,5971.54,DOTUSDT
2025-09-04 00:47:00,3.867,3.867,3.866,3.866,1292.74,DOTUSDT
2025-09-04 00:48:00,3.866,3.868,3.866,3.868,2276.49,DOTUSDT
2025-09-04 00:49:00,3.868,3.868,3.867,3.868,47.83,DOTUSDT
2025-09-04 00:50:00,3.869,3.87,3.869,3.87,1093.43,DOTUSDT
2025-09-04 00:51:00,3.87,3.872,3.87,3.871,293.01,DOTUSDT
2025-09-04 00:52:00,3.87,3.873,3.869,3.871,1223.2,DOTUSDT
2025-09-04 00:53:00,3.871,3.871,3.871,3.871,38.42,DOTUSDT
2025-09-04 00:54:00,3.871,3.873,3.871,3.873,1275.98,DOTUSDT
2025-09-04 00:55:00,3.874,3.874,3.873,3.874,53.34,DOTUSDT
2025-09-04 00:56:00,3.873,3.873,3.872,3.873,1066.33,DOTUSDT
2025-09-04 00:57:00,3.872,3.872,3.871,3.871,1146.22,DOTUSDT
2025-09-04 00:58:00,3.871,3.871,3.87,3.87,291.1,DOTUSDT
2025-09-04 00:59:00,3.87,3.87,3.869,3.869,1105.29,DOTUSDT
2025-09-04 01:00:00,3.869,3.869,3.867,3.867,2302.3,DOTUSDT
2025-09-04 01:01:00,3.867,3.867,3.866,3.866,1763.95,DOTUSDT
2025-09-04 01:02:00,3.867,3.867,3.864,3.864,1261.17,DOTUSDT
2025-09-04 01:03:00,3.864,3.864,3.861,3.862,1761.33,DOTUSDT
2025-09-04 01:04:00,3.861,3.861,3.86,3.86,647.87,DOTUSDT
2025-09-04 01:05:00,3.861,3.862,3.859,3.859,2546.13,DOTUSDT
2025-09-04 01:06:00,3.859,3.859,3.855,3.855,5107.68,DOTUSDT
2025-09-04 01:07:00,3.856,3.861,3.855,3.859,6465.49,DOTUSDT
2025-09-04 01:08:00,3.859,3.861,3.859,3.86,1185.6,DOTUSDT
2025-09-04 01:09:00,3.861,3.862,3.861,3.862,2843.64,DOTUSDT
2025-09-04 01:10:00,3.861,3.861,3.86,3.86,630.33,DOTUSDT
2025-09-04 01:11:00,3.86,3.86,3.856,3.856,1739.3,DOTUSDT
2025-09-04 01:12:00,3.856,3.856,3.853,3.854,1336.95,DOTUSDT
2025-09-04 01:13:00,3.854,3.856,3.852,3.856,30110.68,DOTUSDT
2025-09-04 01:14:00,3.855,3.857,3.855,3.856,3051.66,DOTUSDT
2025-09-04 01:15:00,3.855,3.855,3.852,3.853,2279.97,DOTUSDT
2025-09-04 01:16:00,3.853,3.857,3.853,3.857,4157.28,DOTUSDT
2025-09-04 01:17:00,3.857,3.858,3.856,3.857,1426.4,DOTUSDT
2025-09-04 01:18:00,3.856,3.856,3.854,3.855,1716.95,DOTUSDT
2025-09-04 01:19:00,3.855,3.855,3.854,3.854,1421.77,DOTUSDT
2025-09-04 01:20:00,3.854,3.857,3.853,3.855,3806.67,DOTUSDT
2025-09-04 01:21:00,3.855,3.855,3.853,3.853,2635.34,DOTUSDT
2025-09-04 01:22:00,3.853,3.856,3.853,3.855,4505.07,DOTUSDT
2025-09-04 01:23:00,3.855,3.855,3.853,3.853,876.61,DOTUSDT
2025-09-04 01:24:00,3.854,3.855,3.853,3.853,2066.32,DOTUSDT
2025-09-04 01:25:00,3.853,3.853,3.852,3.853,740.22,DOTUSDT
2025-09-04 01:26:00,3.852,3.855,3.852,3.854,1535.16,DOTUSDT
2025-09-04 01:27:00,3.853,3.856,3.853,3.855,4914.92,DOTUSDT
2025-09-04 01:28:00,3.856,3.856,3.855,3.856,1986.41,DOTUSDT
2025-09-04 01:29:00,3.855,3.856,3.855,3.856,1172.43,DOTUSDT
2025-09-04 01:30:00,3.856,3.857,3.854,3.857,2093.08,DOTUSDT
2025-09-04 01:31:00,3.857,3.857,3.855,3.857,751.72,DOTUSDT
2025-09-04 01:32:00,3.858,3.863,3.858,3.863,3069.05,DOTUSDT
2025-09-04 01:33:00,3.863,3.863,3.858,3.859,944.76,DOTUSDT
2025-09-04 01:34:00,3.858,3.863,3.858,3.858,3306.83,DOTUSDT
2025-09-04 01:35:00,3.86,3.862,3.859,3.859,1158.73,DOTUSDT
2025-09-04 01:36:00,3.859,3.859,3.858,3.858,307.51,DOTUSDT
2025-09-04 01:37:00,3.858,3.858,3.856,3.856,142.0,DOTUSDT
2025-09-04 01:38:00,3.856,3.856,3.856,3.856,63.84,DOTUSDT
2025-09-04 01:39:00,3.856,3.858,3.856,3.858,354.43,DOTUSDT
2025-09-04 00:00:00,4450.46,4450.46,4448.3,4450.15,238.0544,ETHUSDT
2025-09-04 00:01:00,4450.15,4452.13,4449.93,4449.93,146.9127,ETHUSDT
2025-09-04 00:02:00,4449.94,4451.26,4446.7,4451.25,202.507,ETHUSDT
2025-09-04 00:03:00,4451.26,4452.91,4450.1,4452.9,189.7622,ETHUSDT
2025-09-04 00:04:00,4452.9,4453.6,4450.24,4451.48,145.5841,ETHUSDT
2025-09-04 00:05:00,4451.47,4453.53,4450.93,4453.53,158.6968,ETHUSDT
2025-09-04 00:06:00,4453.53,4455.51,4449.53,4449.54,171.446,ETHUSDT
2025-09-04 00:07:00,4449.53,4452.03,4448.24,4450.35,93.8372,ETHUSDT
2025-09-04 00:08:00,4450.36,4452.37,4450.36,4452.35,88.4915,ETHUSDT
2025-09-04 00:09:00,4452.36,4452.36,4448.2,4448.21,320.8106,ETHUSDT
2025-09-04 00:10:00,4448.2,4448.21,4446.0,4446.49,817.8292,ETHUSDT
2025-09-04 00:11:00,4446.48,4447.82,4446.17,4447.82,186.0508,ETHUSDT
2025-09-04 00:12:00,4447.82,4450.81,4447.81,4449.74,109.3333,ETHUSDT
2025-09-04 00:13:00,4449.73,4454.9,4449.73,4454.9,231.4352,ETHUSDT
2025-09-04 00:14:00,4454.9,4460.45,4454.89,4460.45,257.9263,ETHUSDT
2025-09-04 00:15:00,4460.45,4460.83,4458.0,4459.31,215.9042,ETHUSDT
2025-09-04 00:16:00,4459.31,4459.31,4456.28,4456.39,108.5531,ETHUSDT
2025-09-04 00:17:00,4456.38,4458.35,4454.89,4458.35,177.5519,ETHUSDT
2025-09-04 00:18:00,4458.34,4460.94,4457.66,4460.94,235.1914,ETHUSDT
2025-09-04 00:19:00,4460.94,4466.6,4460.93,4466.59,377.4488,ETHUSDT
2025-09-04 00:20:00,4466.59,4473.84,4466.59,4470.78,780.5208,ETHUSDT
2025-09-04 00:21:00,4470.77,4473.91,4468.99,4471.66,262.1062,ETHUSDT
2025-09-04 00:22:00,4471.66,4480.0,4471.02,4476.48,945.2041,ETHUSDT
2025-09-04 00:23:00,4476.48,4478.35,4473.27,4473.27,241.4656,ETHUSDT
2025-09-04 00:24:00,4473.27,4474.52,4470.0,4470.01,186.8859,ETHUSDT
2025-09-04 00:25:00,4470.0,4472.01,4469.75,4471.99,310.4075,ETHUSDT
2025-09-04 00:26:00,4471.99,4479.37,4471.27,4479.37,419.8914,ETHUSDT
2025-09-04 00:27:00,4479.37,4479.37,4476.87,4476.89,706.4181,ETHUSDT
2025-09-04 00:28:00,4476.89,4479.45,4475.01,4475.01,729.1851,ETHUSDT
2025-09-04 00:29:00,4475.0,4475.38,4472.7,4472.92,184.6958,ETHUSDT
2025-09-04 00:30:00,4472.92,4474.91,4471.44,4471.45,148.9132,ETHUSDT
2025-09-04 00:31:00,4471.44,4473.21,4471.01,4473.21,88.0721,ETHUSDT
2025-09-04 00:32:00,4473.2,4473.2,4470.61,4471.75,141.6696,ETHUSDT
2025-09-04 00:33:00,4471.74,4479.01,4471.74,4479.0,240.145,ETHUSDT
2025-09-04 00:34:00,4479.01,4481.66,4479.0,4481.52,406.5412,ETHUSDT
2025-09-04 00:35:00,4481.52,4482.05,4478.41,4478.42,870.2281,ETHUSDT
2025-09-04 00:36:00,4478.42,4481.98,4477.98,4477.98,264.6728,ETHUSDT
2025-09-04 00:37:00,4477.98,4479.98,4477.18,4477.69,187.0225,ETHUSDT
2025-09-04 00:38:00,4477.68,4477.68,4473.75,4476.25,324.3261,ETHUSDT
2025-09-04 00:39:00,4476.25,4476.26,4471.0,4471.0,277.6687,ETHUSDT
2025-09-04 00:40:00,4471.01,4471.21,4470.11,4470.13,804.1356,ETHUSDT
2025-09-04 00:41:00,4470.13,4471.0,4468.49,4470.99,219.1102,ETHUSDT
2025-09-04 00:42:00,4471.0,4472.78,4470.99,4471.28,663.3586,ETHUSDT
2025-09-04 00:43:00,4471.27,4472.92,4470.03,4472.21,447.2055,ETHUSDT
2025-09-04 00:44:00,4472.21,4472.85,4468.75,4468.75,367.7629,ETHUSDT
2025-09-04 00:45:00,4468.76,4471.33,4467.48,4467.82,223.7026,ETHUSDT
2025-09-04 00:46:00,4467.82,4468.18,4465.6,4466.75,135.9398,ETHUSDT
2025-09-04 00:47:00,4466.75,4468.33,4465.99,4466.0,270.1485,ETHUSDT
2025-09-04 00:48:00,4466.0,4469.5,4466.0,4469.5,525.9449,ETHUSDT
2025-09-04 00:49:00,4469.5,4469.5,4468.05,4469.49,224.0303,ETHUSDT
2025-09-04 00:50:00,4469.49,4472.9,4468.0,4472.9,602.2951,ETHUSDT
2025-09-04 00:51:00,4472.89,4473.67,4472.66,4472.66,447.7548,ETHUSDT
2025-09-04 00:52:00,4472.6,4475.37,4469.93,4475.36,655.8193,ETHUSDT
2025-09-04 00:53:00,4475.35,4475.35,4474.88,4474.92,220.8881,ETHUSDT
2025-09-04 00:54:00,4474.92,4477.23,4474.5,4476.43,852.3242,ETHUSDT
2025-09-04 00:55:00,4476.43,4476.45,4476.13,4476.14,470.4255,ETHUSDT
2025-09-04 00:56:00,4476.14,4476.48,4475.38,4475.87,248.3916,ETHUSDT
2025-09-04 00:57:00,4475.87,4475.87,4473.2,4473.2,129.6186,ETHUSDT
2025-09-04 00:58:00,4473.2,4473.21,4467.56,4468.61,441.1764,ETHUSDT
2025-09-04 00:59:00,4468.6,4468.6,4466.75,4467.72,100.7742,ETHUSDT
2025-09-04 01:00:00,4467.72,4468.66,4465.95,4466.05,134.2157,ETHUSDT
2025-09-04 01:01:00,4466.05,4467.56,4466.05,4467.56,151.9763,ETHUSDT
2025-09-04 01:02:00,4467.56,4467.56,4465.4,4466.51,88.6565,ETHUSDT
2025-09-04 01:03:00,4466.51,4467.2,4465.55,4466.48,171.9602,ETHUSDT
2025-09-04 01:04:00,4466.47,4466.66,4465.79,4466.66,59.0068,ETHUSDT
2025-09-04 01:05:00,4466.66,4467.75,4459.66,4460.68,518.8398,ETHUSDT
2025-09-04 01:06:00,4460.68,4461.0,4456.04,4456.04,406.9404,ETHUSDT
2025-09-04 01:07:00,4456.03,4458.84,4454.45,4457.19,240.1126,ETHUSDT
2025-09-04 01:08:00,4457.18,4460.0,4456.9,4458.19,234.4979,ETHUSDT
2025-09-04 01:09:00,4458.18,4459.68,4457.66,4459.06,196.1228,ETHUSDT
2025-09-04 01:10:00,4459.07,4459.69,4455.28,4455.28,146.629,ETHUSDT
2025-09-04 01:11:00,4455.27,4455.28,4452.91,4453.82,190.3094,ETHUSDT
2025-09-04 01:12:00,4453.82,4453.82,4451.03,4452.91,233.2116,ETHUSDT
2025-09-04 01:13:00,4452.91,4454.73,4452.91,4453.92,99.6633,ETHUSDT
2025-09-04 01:14:00,4453.92,4455.67,4453.83,4455.01,80.1486,ETHUSDT
2025-09-04 01:15:00,4455.0,4455.0,4449.9,4450.57,304.5576,ETHUSDT
2025-09-04 01:16:00,4450.56,4454.33,4449.53,4454.33,187.2982,ETHUSDT
2025-09-04 01:17:00,4454.33,4457.2,4453.79,4457.18,180.2266,ETHUSDT
2025-09-04 01:18:00,4457.19,4457.66,4455.29,4456.57,150.1494,ETHUSDT
2025-09-04 01:19:00,4456.57,4458.0,4455.75,4456.58,243.8117,ETHUSDT
2025-09-04 01:20:00,4456.59,4458.99,4456.15,4457.55,240.5733,ETHUSDT
2025-09-04 01:21:00,4457.54,4457.76,4454.11,4454.19,131.0048,ETHUSDT
2025-09-04 01:22:00,4454.19,4458.0,4453.95,4458.0,108.2281,ETHUSDT
2025-09-04 01:23:00,4458.0,4458.9,4455.77,4455.77,85.895,ETHUSDT
2025-09-04 01:24:00,4455.78,4456.36,4454.29,4454.6,157.0893,ETHUSDT
2025-09-04 01:25:00,4454.61,4454.61,4450.61,4453.43,384.4614,ETHUSDT
2025-09-04 01:26:00,4453.43,4455.03,4452.17,4454.28,145.3703,ETHUSDT
2025-09-04 01:27:00,4454.27,4456.8,4454.27,4456.28,79.746,ETHUSDT
2025-09-04 01:28:00,4456.28,4457.76,4455.0,4456.54,138.6842,ETHUSDT
2025-09-04 01:29:00,4456.55,4460.0,4456.55,4460.0,199.6401,ETHUSDT
2025-09-04 01:30:00,4459.99,4463.09,4458.01,4463.08,215.2082,ETHUSDT
2025-09-04 01:31:00,4463.08,4465.0,4460.23,4465.0,331.8693,ETHUSDT
2025-09-04 01:32:00,4464.99,4478.58,4464.88,4476.91,1019.465,ETHUSDT
2025-09-04 01:33:00,4476.9,4476.9,4470.97,4470.97,285.6723,ETHUSDT
2025-09-04 01:34:00,4470.97,4476.06,4469.85,4469.86,278.6919,ETHUSDT
2025-09-04 01:35:00,4469.86,4474.55,4468.75,4470.28,158.3247,ETHUSDT
2025-09-04 01:36:00,4470.28,4470.28,4468.17,4468.18,93.6663,ETHUSDT
2025-09-04 01:37:00,4468.17,4468.18,4465.0,4465.42,285.0224,ETHUSDT
2025-09-04 01:38:00,4465.41,4466.43,4462.83,4463.28,217.8355,ETHUSDT
2025-09-04 01:39:00,4463.29,4466.74,4463.28,4465.78,448.5204,ETHUSDT
2025-09-04 00:00:00,23.69,23.7,23.68,23.69,554.14,LINKUSDT
2025-09-04 00:01:00,23.7,23.71,23.69,23.69,186.36,LINKUSDT
2025-09-04 00:02:00,23.69,23.7,23.68,23.69,1389.32,LINKUSDT
2025-09-04 00:03:00,23.7,23.72,23.7,23.72,662.06,LINKUSDT
2025-09-04 00:04:00,23.71,23.71,23.7,23.7,234.27,LINKUSDT
2025-09-04 00:05:00,23.71,23.74,23.71,23.73,1591.49,LINKUSDT
2025-09-04 00:06:00,23.73,23.73,23.71,23.72,696.91,LINKUSDT
2025-09-04 00:07:00,23.72,23.72,23.7,23.72,315.74,LINKUSDT
2025-09-04 00:08:00,23.71,23.71,23.7,23.71,350.51,LINKUSDT
2025-09-04 00:09:00,23.71,23.71,23.69,23.69,2243.05,LINKUSDT
2025-09-04 00:10:00,23.69,23.7,23.68,23.68,670.12,LINKUSDT
2025-09-04 00:11:00,23.68,23.69,23.68,23.69,34.95,LINKUSDT
2025-09-04 00:12:00,23.7,23.72,23.7,23.7,807.06,LINKUSDT
2025-09-04 00:13:00,23.71,23.73,23.71,23.73,309.04,LINKUSDT
2025-09-04 00:14:00,23.73,23.74,23.73,23.74,45.81,LINKUSDT
2025-09-04 00:15:00,23.73,23.76,23.72,23.74,25355.51,LINKUSDT
2025-09-04 00:16:00,23.74,23.74,23.72,23.72,473.25,LINKUSDT
2025-09-04 00:17:00,23.73,23.73,23.71,23.72,346.17,LINKUSDT
2025-09-04 00:18:00,23.72,23.75,23.72,23.74,180.91,LINKUSDT
2025-09-04 00:19:00,23.75,23.78,23.75,23.77,1353.3,LINKUSDT
2025-09-04 00:20:00,23.77,23.79,23.77,23.78,645.03,LINKUSDT
2025-09-04 00:21:00,23.79,23.82,23.79,23.81,1187.69,LINKUSDT
2025-09-04 00:22:00,23.81,23.83,23.79,23.82,3105.79,LINKUSDT
2025-09-04 00:23:00,23.82,23.83,23.81,23.81,1464.99,LINKUSDT
2025-09-04 00:24:00,23.82,23.82,23.79,23.79,869.24,LINKUSDT
2025-09-04 00:25:00,23.8,23.81,23.79,23.8,710.11,LINKUSDT
2025-09-04 00:26:00,23.81,23.83,23.81,23.83,2076.51,LINKUSDT
2025-09-04 00:27:00,23.83,23.84,23.82,23.82,852.94,LINKUSDT
2025-09-04 00:28:00,23.83,23.85,23.82,23.82,754.65,LINKUSDT
2025-09-04 00:29:00,23.82,23.82,23.8,23.8,614.68,LINKUSDT
2025-09-04 00:30:00,23.8,23.81,23.79,23.79,728.86,LINKUSDT
2025-09-04 00:31:00,23.8,23.8,23.79,23.8,389.82,LINKUSDT
2025-09-04 00:32:00,23.79,23.8,23.78,23.79,1059.69,LINKUSDT
2025-09-04 00:33:00,23.79,23.82,23.79,23.82,447.17,LINKUSDT
2025-09-04 00:34:00,23.83,23.84,23.83,23.84,80.3,LINKUSDT
2025-09-04 00:35:00,23.84,23.85,23.83,23.83,945.87,LINKUSDT
2025-09-04 00:36:00,23.83,23.85,23.83,23.84,586.41,LINKUSDT
2025-09-04 00:37:00,23.83,23.85,23.83,23.83,366.31,LINKUSDT
2025-09-04 00:38:00,23.83,23.84,23.82,23.83,299.94,LINKUSDT
2025-09-04 00:39:00,23.82,23.82,23.81,23.81,8053.52,LINKUSDT
2025-09-04 00:40:00,23.81,23.83,23.81,23.82,1150.0,LINKUSDT
2025-09-04 00:41:00,23.83,23.83,23.81,23.82,458.22,LINKUSDT
2025-09-04 00:42:00,23.83,23.84,23.82,23.84,249.82,LINKUSDT
2025-09-04 00:43:00,23.83,23.83,23.82,23.82,222.71,LINKUSDT
2025-09-04 00:44:00,23.83,23.83,23.81,23.81,1188.85,LINKUSDT
2025-09-04 00:45:00,23.81,23.84,23.8,23.82,15551.61,LINKUSDT
2025-09-04 00:46:00,23.82,23.82,23.81,23.82,769.45,LINKUSDT
2025-09-04 00:47:00,23.82,23.83,23.81,23.81,229.98,LINKUSDT
2025-09-04 00:48:00,23.8,23.83,23.8,23.82,548.91,LINKUSDT
2025-09-04 00:49:00,23.82,23.83,23.82,23.82,214.55,LINKUSDT
2025-09-04 00:50:00,23.82,23.84,23.81,23.84,1191.45,LINKUSDT
2025-09-04 00:51:00,23.84,23.85,23.83,23.83,398.05,LINKUSDT
2025-09-04 00:52:00,23.83,23.85,23.83,23.85,715.31,LINKUSDT
2025-09-04 00:53:00,23.85,23.86,23.85,23.86,3349.02,LINKUSDT
2025-09-04 00:54:00,23.86,23.88,23.86,23.87,395.6,LINKUSDT
2025-09-04 00:55:00,23.88,23.89,23.87,23.87,2305.57,LINKUSDT
2025-09-04 00:56:00,23.88,23.89,23.88,23.88,521.23,LINKUSDT
2025-09-04 00:57:00,23.89,23.89,23.87,23.87,3083.47,LINKUSDT
2025-09-04 00:58:00,23.88,23.88,23.86,23.87,1630.18,LINKUSDT
2025-09-04 00:59:00,23.87,23.87,23.85,23.85,970.6,LINKUSDT
2025-09-04 01:00:00,23.86,23.86,23.83,23.83,571.46,LINKUSDT
2025-09-04 01:01:00,23.83,23.85,23.83,23.85,376.54,LINKUSDT
2025-09-04 01:02:00,23.85,23.85,23.82,23.83,755.12,LINKUSDT
2025-09-04 01:03:00,23.84,23.84,23.82,23.82,244.7,LINKUSDT
2025-09-04 01:04:00,23.82,23.82,23.8,23.81,1768.13,LINKUSDT
2025-09-04 01:05:00,23.82,23.82,23.78,23.79,331.32,LINKUSDT
2025-09-04 01:06:00,23.79,23.79,23.77,23.78,5938.65,LINKUSDT
2025-09-04 01:07:00,23.78,23.8,23.78,23.79,1235.24,LINKUSDT
2025-09-04 01:08:00,23.79,23.81,23.78,23.8,2567.41,LINKUSDT
2025-09-04 01:09:00,23.81,23.81,23.81,23.81,10.85,LINKUSDT
2025-09-04 01:10:00,23.81,23.83,23.79,23.8,475.28,LINKUSDT
2025-09-04 01:11:00,23.8,23.8,23.77,23.78,526.61,LINKUSDT
2025-09-04 01:12:00,23.77,23.79,23.75,23.75,675.83,LINKUSDT
2025-09-04 01:13:00,23.76,23.78,23.76,23.76,516.74,LINKUSDT
2025-09-04 01:14:00,23.77,23.79,23.76,23.77,1454.52,LINKUSDT
2025-09-04 01:15:00,23.77,23.77,23.74,23.74,914.33,LINKUSDT
2025-09-04 01:16:00,23.74,23.75,23.73,23.75,191.66,LINKUSDT
2025-09-04 01:17:00,23.75,23.75,23.73,23.73,904.11,LINKUSDT
2025-09-04 01:18:00,23.73,23.74,23.72,23.73,2378.43,LINKUSDT
2025-09-04 01:19:00,23.74,23.74,23.72,23.73,1342.19,LINKUSDT
2025-09-04 01:20:00,23.73,23.75,23.73,23.74,290.96,LINKUSDT
2025-09-04 01:21:00,23.74,23.74,23.73,23.73,338.79,LINKUSDT
2025-09-04 01:22:00,23.73,23.75,23.73,23.75,407.63,LINKUSDT
2025-09-04 01:23:00,23.75,23.75,23.73,23.74,247.47,LINKUSDT
2025-09-04 01:24:00,23.74,23.75,23.73,23.74,118.69,LINKUSDT
2025-09-04 01:25:00,23.73,23.74,23.72,23.74,2504.63,LINKUSDT
2025-09-04 01:26:00,23.73,23.75,23.72,23.75,687.36,LINKUSDT
2025-09-04 01:27:00,23.75,23.76,23.74,23.75,710.55,LINKUSDT
2025-09-04 01:28:00,23.75,23.76,23.74,23.76,114.37,LINKUSDT
2025-09-04 01:29:00,23.75,23.77,23.75,23.77,78.89,LINKUSDT
2025-09-04 01:30:00,23.76,23.79,23.75,23.79,720.66,LINKUSDT
2025-09-04 01:31:00,23.79,23.79,23.77,23.79,887.7,LINKUSDT
2025-09-04 01:32:00,23.79,23.85,23.79,23.85,2955.0,LINKUSDT
2025-09-04 01:33:00,23.85,23.85,23.81,23.81,383.91,LINKUSDT
2025-09-04 01:34:00,23.81,23.84,23.8,23.82,535.79,LINKUSDT
2025-09-04 01:35:00,23.82,23.85,23.82,23.83,382.41,LINKUSDT
2025-09-04 01:36:00,23.83,23.83,23.81,23.82,79.48,LINKUSDT
2025-09-04 01:37:00,23.82,23.82,23.79,23.8,181.68,LINKUSDT
2025-09-04 01:38:00,23.8,23.8,23.78,23.78,1006.93,LINKUSDT
2025-09-04 01:39:00,23.79,23.81,23.78,23.8,150.36,LINKUSDT
2025-09-04 00:00:00,112.98,113.07,112.98,113.06,40.792,LTCUSDT
2025-09-04 00:01:00,113.07,113.15,113.07,113.08,692.742,LTCUSDT
2025-09-04 00:02:00,113.09,113.12,113.04,113.12,100.776,LTCUSDT
2025-09-04 00:03:00,113.13,113.15,113.07,113.15,126.768,LTCUSDT
2025-09-04 00:04:00,113.14,113.23,113.14,113.23,676.308,LTCUSDT
2025-09-04 00:05:00,113.22,113.22,113.18,113.19,170.544,LTCUSDT
2025-09-04 00:06:00,113.19,113.2,113.16,113.16,146.132,LTCUSDT
2025-09-04 00:07:00,113.16,113.16,113.14,113.15,34.179,LTCUSDT
2025-09-04 00:08:00,113.16,113.16,113.13,113.16,60.652,LTCUSDT
2025-09-04 00:09:00,113.15,113.16,113.13,113.14,102.271,LTCUSDT
2025-09-04 00:10:00,113.14,113.14,113.11,113.12,209.33,LTCUSDT
2025-09-04 00:11:00,113.11,113.13,113.11,113.13,41.186,LTCUSDT
2025-09-04 00:12:00,113.13,113.19,113.13,113.17,119.998,LTCUSDT
2025-09-04 00:13:00,113.17,113.21,113.17,113.2,57.296,LTCUSDT
2025-09-04 00:14:00,113.21,113.21,113.18,113.18,50.87,LTCUSDT
2025-09-04 00:15:00,113.18,113.18,113.13,113.13,210.199,LTCUSDT
2025-09-04 00:16:00,113.13,113.13,113.07,113.07,28.437,LTCUSDT
2025-09-04 00:17:00,113.08,113.09,113.03,113.09,96.69,LTCUSDT
2025-09-04 00:18:00,113.1,113.16,113.09,113.16,24.403,LTCUSDT
2025-09-04 00:19:00,113.15,113.21,113.15,113.19,138.529,LTCUSDT
2025-09-04 00:20:00,113.18,113.35,113.18,113.32,386.918,LTCUSDT
2025-09-04 00:21:00,113.32,113.4,113.31,113.4,80.38,LTCUSDT
2025-09-04 00:22:00,113.4,113.5,113.39,113.43,226.033,LTCUSDT
2025-09-04 00:23:00,113.42,113.49,113.42,113.46,72.086,LTCUSDT
2025-09-04 00:24:00,113.46,113.47,113.44,113.44,30.827,LTCUSDT
2025-09-04 00:25:00,113.43,113.44,113.4,113.42,207.476,LTCUSDT
2025-09-04 00:26:00,113.42,113.43,113.29,113.37,281.226,LTCUSDT
2025-09-04 00:27:00,113.37,113.37,113.32,113.32,35.866,LTCUSDT
2025-09-04 00:28:00,113.33,113.34,113.28,113.28,28.431,LTCUSDT
2025-09-04 00:29:00,113.28,113.29,113.23,113.23,180.339,LTCUSDT
2025-09-04 00:30:00,113.23,113.27,113.21,113.22,53.845,LTCUSDT
2025-09-04 00:31:00,113.22,113.23,113.15,113.16,559.521,LTCUSDT
2025-09-04 00:32:00,113.16,113.16,113.12,113.12,31.625,LTCUSDT
2025-09-04 00:33:00,113.12,113.25,113.12,113.25,2834.619,LTCUSDT
2025-09-04 00:34:00,113.24,113.24,113.22,113.23,21.08,LTCUSDT
2025-09-04 00:35:00,113.23,113.24,113.18,113.2,676.732,LTCUSDT
2025-09-04 00:36:00,113.2,113.25,113.2,113.2,91.444,LTCUSDT
2025-09-04 00:37:00,113.19,113.2,113.17,113.17,26.999,LTCUSDT
2025-09-04 00:38:00,113.16,113.16,113.14,113.14,53.868,LTCUSDT
2025-09-04 00:39:00,113.14,113.14,113.08,113.09,42.548,LTCUSDT
2025-09-04 00:40:00,113.09,113.1,113.05,113.09,195.389,LTCUSDT
2025-09-04 00:41:00,113.1,113.13,113.07,113.13,30.38,LTCUSDT
2025-09-04 00:42:00,113.12,113.13,113.09,113.09,20.229,LTCUSDT
2025-09-04 00:43:00,113.1,113.1,113.06,113.06,142.515,LTCUSDT
2025-09-04 00:44:00,113.07,113.09,113.04,113.04,120.355,LTCUSDT
2025-09-04 00:45:00,113.05,113.05,113.0,113.01,51.368,LTCUSDT
2025-09-04 00:46:00,113.01,113.01,112.99,112.99,21.717,LTCUSDT
2025-09-04 00:47:00,112.99,112.99,112.96,112.96,30.914,LTCUSDT
2025-09-04 00:48:00,112.97,113.02,112.96,113.02,215.07,LTCUSDT
2025-09-04 00:49:00,113.02,113.02,112.99,113.01,9.211,LTCUSDT
2025-09-04 00:50:00,113.02,113.05,113.0,113.05,25.122,LTCUSDT
2025-09-04 00:51:00,113.06,113.07,113.04,113.04,15.734,LTCUSDT
2025-09-04 00:52:00,113.03,113.05,113.0,113.03,11.821,LTCUSDT
2025-09-04 00:53:00,113.04,113.05,113.03,113.05,28.987,LTCUSDT
2025-09-04 00:54:00,113.05,113.06,113.04,113.06,13.726,LTCUSDT
2025-09-04 00:55:00,113.05,113.06,113.04,113.04,25.888,LTCUSDT
2025-09-04 00:56:00,113.05,113.08,113.05,113.08,5.524,LTCUSDT
2025-09-04 00:57:00,113.09,113.09,113.03,113.04,266.361,LTCUSDT
2025-09-04 00:58:00,113.03,113.03,113.02,113.02,68.511,LTCUSDT
2025-09-04 00:59:00,113.03,113.04,112.99,113.02,420.293,LTCUSDT
2025-09-04 01:00:00,113.03,113.04,112.96,112.97,311.12,LTCUSDT
2025-09-04 01:01:00,112.97,112.98,112.96,112.98,35.839,LTCUSDT
2025-09-04 01:02:00,112.97,112.97,112.9,112.92,105.615,LTCUSDT
2025-09-04 01:03:00,112.92,112.92,112.88,112.89,92.731,LTCUSDT
2025-09-04 01:04:00,112.89,112.89,112.88,112.89,91.079,LTCUSDT
2025-09-04 01:05:00,112.9,112.92,112.81,112.82,118.77,LTCUSDT
2025-09-04 01:06:00,112.82,112.83,112.76,112.79,479.804,LTCUSDT
2025-09-04 01:07:00,112.79,112.83,112.77,112.81,228.11,LTCUSDT
2025-09-04 01:08:00,112.8,112.83,112.77,112.8,449.709,LTCUSDT
2025-09-04 01:09:00,112.8,112.82,112.77,112.77,10.366,LTCUSDT
2025-09-04 01:10:00,112.77,112.78,112.74,112.74,28.52,LTCUSDT
2025-09-04 01:11:00,112.73,112.73,112.62,112.63,802.285,LTCUSDT
2025-09-04 01:12:00,112.63,112.63,112.54,112.55,107.27,LTCUSDT
2025-09-04 01:13:00,112.55,112.6,112.55,112.6,92.202,LTCUSDT
2025-09-04 01:14:00,112.6,112.61,112.58,112.61,89.3,LTCUSDT
2025-09-04 01:15:00,112.61,112.61,112.54,112.59,74.591,LTCUSDT
2025-09-04 01:16:00,112.59,112.66,112.55,112.66,76.899,LTCUSDT
2025-09-04 01:17:00,112.66,112.71,112.62,112.67,85.454,LTCUSDT
2025-09-04 01:18:00,112.67,112.69,112.63,112.64,37.62,LTCUSDT
2025-09-04 01:19:00,112.63,112.66,112.63,112.64,23.965,LTCUSDT
2025-09-04 01:20:00,112.63,112.7,112.63,112.69,128.369,LTCUSDT
2025-09-04 01:21:00,112.68,112.68,112.64,112.64,20.413,LTCUSDT
2025-09-04 01:22:00,112.65,112.67,112.62,112.65,280.773,LTCUSDT
2025-09-04 01:23:00,112.66,112.67,112.62,112.62,60.623,LTCUSDT
2025-09-04 01:24:00,112.62,112.66,112.62,112.66,21.751,LTCUSDT
2025-09-04 01:25:00,112.65,112.65,112.57,112.61,197.869,LTCUSDT
2025-09-04 01:26:00,112.62,112.68,112.61,112.65,176.939,LTCUSDT
2025-09-04 01:27:00,112.66,112.69,112.64,112.68,14.707,LTCUSDT
2025-09-04 01:28:00,112.68,112.69,112.64,112.67,17.876,LTCUSDT
2025-09-04 01:29:00,112.66,112.66,112.6,112.64,133.134,LTCUSDT
2025-09-04 01:30:00,112.63,112.69,112.58,112.69,16.723,LTCUSDT
2025-09-04 01:31:00,112.7,112.7,112.62,112.7,44.13,LTCUSDT
2025-09-04 01:32:00,112.69,112.83,112.68,112.81,85.83,LTCUSDT
2025-09-04 01:33:00,112.8,112.81,112.71,112.71,154.732,LTCUSDT
2025-09-04 01:34:00,112.71,112.78,112.68,112.68,75.259,LTCUSDT
2025-09-04 01:35:00,112.69,112.76,112.69,112.72,100.086,LTCUSDT
2025-09-04 01:36:00,112.72,112.72,112.65,112.66,354.158,LTCUSDT
2025-09-04 01:37:00,112.66,112.66,112.62,112.63,13.97,LTCUSDT
2025-09-04 01:38:00,112.62,112.65,112.58,112.59,55.41,LTCUSDT
2025-09-04 01:39:00,112.59,112.65,112.59,112.65,67.925,LTCUSDT
2025-09-04 00:00:00,0.3622,0.3622,0.3621,0.3622,19024.0,XLMUSDT
2025-09-04 00:01:00,0.3622,0.3623,0.3621,0.3622,3741.0,XLMUSDT
2025-09-04 00:02:00,0.3621,0.3621,0.3621,0.3621,24558.0,XLMUSDT
2025-09-04 00:03:00,0.3621,0.3622,0.3621,0.3622,15543.0,XLMUSDT
2025-09-04 00:04:00,0.3622,0.3622,0.3621,0.3621,70989.0,XLMUSDT
2025-09-04 00:05:00,0.362,0.3622,0.362,0.3622,11548.0,XLMUSDT
2025-09-04 00:06:00,0.3623,0.3623,0.362,0.362,25934.0,XLMUSDT
2025-09-04 00:07:00,0.362,0.3621,0.3619,0.3621,14320.0,XLMUSDT
2025-09-04 00:08:00,0.362,0.362,0.3619,0.362,12212.0,XLMUSDT
2025-09-04 00:09:00,0.3619,0.3619,0.3619,0.3619,2808.0,XLMUSDT
2025-09-04 00:10:00,0.3619,0.3619,0.3616,0.3617,28048.0,XLMUSDT
2025-09-04 00:11:00,0.3617,0.3617,0.3616,0.3617,1594.0,XLMUSDT
2025-09-04 00:12:00,0.3617,0.362,0.3617,0.362,13356.0,XLMUSDT
2025-09-04 00:13:00,0.362,0.3622,0.362,0.362,3785.0,XLMUSDT
2025-09-04 00:14:00,0.362,0.3621,0.362,0.362,8798.0,XLMUSDT
2025-09-04 00:15:00,0.362,0.362,0.3619,0.3619,1163.0,XLMUSDT
2025-09-04 00:16:00,0.3619,0.3619,0.3616,0.3617,23342.0,XLMUSDT
2025-09-04 00:17:00,0.3616,0.3617,0.3615,0.3615,691.0,XLMUSDT
2025-09-04 00:18:00,0.3616,0.3619,0.3615,0.3619,6227.0,XLMUSDT
2025-09-04 00:19:00,0.362,0.3622,0.362,0.3622,15685.0,XLMUSDT
2025-09-04 00:20:00,0.3622,0.3625,0.3622,0.3624,70828.0,XLMUSDT
2025-09-04 00:21:00,0.3624,0.3628,0.3624,0.3626,30563.0,XLMUSDT
2025-09-04 00:22:00,0.3626,0.3632,0.3626,0.3631,11703.0,XLMUSDT
2025-09-04 00:23:00,0.3631,0.3634,0.3631,0.3632,4451.0,XLMUSDT
2025-09-04 00:24:00,0.3631,0.3631,0.363,0.363,1551.0,XLMUSDT
2025-09-04 00:25:00,0.3629,0.3629,0.3628,0.3628,371.0,XLMUSDT
2025-09-04 00:26:00,0.3629,0.3631,0.3629,0.3631,4689.0,XLMUSDT
2025-09-04 00:27:00,0.3632,0.3633,0.3632,0.3633,2550.0,XLMUSDT
2025-09-04 00:28:00,0.3633,0.3633,0.3633,0.3633,2231.0,XLMUSDT
2025-09-04 00:29:00,0.3633,0.3633,0.3629,0.3629,20534.0,XLMUSDT
2025-09-04 00:30:00,0.3628,0.3628,0.3625,0.3625,15037.0,XLMUSDT
2025-09-04 00:31:00,0.3624,0.3626,0.3623,0.3625,16291.0,XLMUSDT
2025-09-04 00:32:00,0.3625,0.3625,0.3623,0.3623,5149.0,XLMUSDT
2025-09-04 00:33:00,0.3622,0.3629,0.3622,0.3629,5882.0,XLMUSDT
2025-09-04 00:34:00,0.3629,0.363,0.3629,0.363,1871.0,XLMUSDT
2025-09-04 00:35:00,0.3631,0.3631,0.3629,0.3631,67435.0,XLMUSDT
2025-09-04 00:36:00,0.3631,0.3633,0.3631,0.3631,17322.0,XLMUSDT
2025-09-04 00:37:00,0.3631,0.3631,0.363,0.363,2531.0,XLMUSDT
2025-09-04 00:38:00,0.3629,0.363,0.3628,0.3629,7928.0,XLMUSDT
2025-09-04 00:39:00,0.3628,0.3628,0.3626,0.3626,4015.0,XLMUSDT
2025-09-04 00:40:00,0.3626,0.3627,0.3626,0.3627,2053.0,XLMUSDT
2025-09-04 00:41:00,0.3626,0.3626,0.3624,0.3625,12946.0,XLMUSDT
2025-09-04 00:42:00,0.3626,0.3626,0.3625,0.3625,1083.0,XLMUSDT
2025-09-04 00:43:00,0.3625,0.3625,0.3623,0.3624,5203.0,XLMUSDT
2025-09-04 00:44:00,0.3624,0.3624,0.3622,0.3622,2278.0,XLMUSDT
2025-09-04 00:45:00,0.3622,0.3622,0.362,0.362,15189.0,XLMUSDT
2025-09-04 00:46:00,0.3619,0.3621,0.3619,0.362,6999.0,XLMUSDT
2025-09-04 00:47:00,0.362,0.362,0.3617,0.3617,6649.0,XLMUSDT
2025-09-04 00:48:00,0.3617,0.362,0.3617,0.362,17707.0,XLMUSDT
2025-09-04 00:49:00,0.3619,0.3621,0.3619,0.3621,18326.0,XLMUSDT
2025-09-04 00:50:00,0.3621,0.3622,0.3619,0.3622,16994.0,XLMUSDT
2025-09-04 00:51:00,0.3623,0.3624,0.3622,0.3622,25165.0,XLMUSDT
2025-09-04 00:52:00,0.3622,0.3623,0.362,0.3623,15236.0,XLMUSDT
2025-09-04 00:53:00,0.3623,0.3623,0.3623,0.3623,5080.0,XLMUSDT
2025-09-04 00:54:00,0.3623,0.3623,0.3622,0.3623,4295.0,XLMUSDT
2025-09-04 00:55:00,0.3623,0.3623,0.3621,0.3622,8111.0,XLMUSDT
2025-09-04 00:56:00,0.3621,0.3625,0.362,0.3624,40331.0,XLMUSDT
2025-09-04 00:57:00,0.3625,0.3625,0.3622,0.3622,2553.0,XLMUSDT
2025-09-04 00:58:00,0.3621,0.3621,0.362,0.362,10488.0,XLMUSDT
2025-09-04 00:59:00,0.3621,0.3621,0.3616,0.3617,12000.0,XLMUSDT
2025-09-04 01:00:00,0.3617,0.3617,0.3613,0.3613,7825.0,XLMUSDT
2025-09-04 01:01:00,0.3614,0.3614,0.3612,0.3613,20054.0,XLMUSDT
2025-09-04 01:02:00,0.3613,0.3614,0.3608,0.3609,39362.0,XLMUSDT
2025-09-04 01:03:00,0.3609,0.3609,0.3607,0.3608,8723.0,XLMUSDT
2025-09-04 01:04:00,0.3609,0.3609,0.3608,0.3608,13670.0,XLMUSDT
2025-09-04 01:05:00,0.3609,0.361,0.3607,0.3607,20362.0,XLMUSDT
2025-09-04 01:06:00,0.3606,0.3608,0.3606,0.3607,9975.0,XLMUSDT
2025-09-04 01:07:00,0.3607,0.361,0.3606,0.3608,40912.0,XLMUSDT
2025-09-04 01:08:00,0.3609,0.3611,0.3609,0.361,6113.0,XLMUSDT
2025-09-04 01:09:00,0.361,0.3613,0.361,0.3612,15675.0,XLMUSDT
2025-09-04 01:10:00,0.3611,0.3612,0.3611,0.3611,11209.0,XLMUSDT
2025-09-04 01:11:00,0.361,0.361,0.3607,0.3608,30024.0,XLMUSDT
2025-09-04 01:12:00,0.3607,0.3607,0.3605,0.3606,17656.0,XLMUSDT
2025-09-04 01:13:00,0.3607,0.3609,0.3607,0.3608,17207.0,XLMUSDT
2025-09-04 01:14:00,0.3609,0.361,0.3609,0.3609,17413.0,XLMUSDT
2025-09-04 01:15:00,0.3609,0.3609,0.3608,0.3609,4334.0,XLMUSDT
2025-09-04 01:16:00,0.3609,0.3613,0.3607,0.3613,20399.0,XLMUSDT
2025-09-04 01:17:00,0.3613,0.3613,0.3609,0.3611,17298.0,XLMUSDT
2025-09-04 01:18:00,0.3611,0.3612,0.361,0.3612,5334.0,XLMUSDT
2025-09-04 01:19:00,0.3613,0.3613,0.3613,0.3613,12974.0,XLMUSDT
2025-09-04 01:20:00,0.3612,0.3614,0.3612,0.3614,24640.0,XLMUSDT
2025-09-04 01:21:00,0.3613,0.3613,0.3611,0.3611,4946.0,XLMUSDT
2025-09-04 01:22:00,0.3611,0.3613,0.3611,0.3613,4636.0,XLMUSDT
2025-09-04 01:23:00,0.3613,0.3613,0.361,0.361,17038.0,XLMUSDT
2025-09-04 01:24:00,0.3611,0.3612,0.3611,0.3612,5531.0,XLMUSDT
2025-09-04 01:25:00,0.3611,0.3611,0.3608,0.3609,23050.0,XLMUSDT
2025-09-04 01:26:00,0.3609,0.3612,0.3609,0.361,3912.0,XLMUSDT
2025-09-04 01:27:00,0.3611,0.3612,0.3611,0.3612,4766.0,XLMUSDT
2025-09-04 01:28:00,0.3612,0.3612,0.3611,0.3611,11847.0,XLMUSDT
2025-09-04 01:29:00,0.3611,0.3611,0.361,0.3611,19397.0,XLMUSDT
2025-09-04 01:30:00,0.3611,0.3614,0.3609,0.3614,14263.0,XLMUSDT
2025-09-04 01:31:00,0.3614,0.3614,0.361,0.3613,12105.0,XLMUSDT
2025-09-04 01:32:00,0.3614,0.3619,0.3614,0.3618,26079.0,XLMUSDT
2025-09-04 01:33:00,0.3618,0.3618,0.3615,0.3615,12141.0,XLMUSDT
2025-09-04 01:34:00,0.3615,0.3617,0.3613,0.3614,80714.0,XLMUSDT
2025-09-04 01:35:00,0.3615,0.3617,0.3615,0.3616,5169.0,XLMUSDT
2025-09-04 01:36:00,0.3615,0.3616,0.3614,0.3614,5130.0,XLMUSDT
2025-09-04 01:37:00,0.3614,0.3614,0.361,0.3612,36635.0,XLMUSDT
2025-09-04 01:38:00,0.3611,0.3611,0.361,0.361,15288.0,XLMUSDT
2025-09-04 01:39:00,0.361,0.3612,0.3607,0.3612,47716.0,XLMUSDT
2025-09-04 00:00:00,2.8442,2.8449,2.8439,2.8448,44885.2,XRPUSDT
2025-09-04 00:01:00,2.8449,2.8458,2.8448,2.8451,29396.0,XRPUSDT
2025-09-04 00:02:00,2.8451,2.8461,2.8441,2.8461,36227.9,XRPUSDT
2025-09-04 00:03:00,2.8461,2.8473,2.8452,2.8473,50952.9,XRPUSDT
2025-09-04 00:04:00,2.8473,2.848,2.8466,2.8468,12759.6,XRPUSDT
2025-09-04 00:05:00,2.8468,2.8477,2.8468,2.8476,19112.7,XRPUSDT
2025-09-04 00:06:00,2.8477,2.8482,2.8458,2.8458,31882.0,XRPUSDT
2025-09-04 00:07:00,2.8459,2.8459,2.8442,2.8445,18209.5,XRPUSDT
2025-09-04 00:08:00,2.8445,2.8456,2.8443,2.8454,26526.7,XRPUSDT
2025-09-04 00:09:00,2.8454,2.8454,2.8442,2.8442,11038.1,XRPUSDT
2025-09-04 00:10:00,2.8443,2.845,2.8437,2.8443,42335.3,XRPUSDT
2025-09-04 00:11:00,2.8444,2.8452,2.8444,2.8452,19753.7,XRPUSDT
2025-09-04 00:12:00,2.8453,2.8466,2.8453,2.8463,8276.2,XRPUSDT
2025-09-04 00:13:00,2.8463,2.8485,2.8461,2.8481,35705.6,XRPUSDT
2025-09-04 00:14:00,2.8481,2.8482,2.8473,2.8474,74042.8,XRPUSDT
2025-09-04 00:15:00,2.8473,2.8476,2.846,2.8468,167758.1,XRPUSDT
2025-09-04 00:16:00,2.8467,2.8467,2.8451,2.8454,10799.0,XRPUSDT
2025-09-04 00:17:00,2.8455,2.8455,2.8442,2.8452,15365.3,XRPUSDT
2025-09-04 00:18:00,2.8451,2.8465,2.8451,2.8465,7761.0,XRPUSDT
2025-09-04 00:19:00,2.8465,2.85,2.8465,2.8499,48824.7,XRPUSDT
2025-09-04 00:20:00,2.85,2.8538,2.85,2.8529,66195.5,XRPUSDT
2025-09-04 00:21:00,2.8529,2.8554,2.8523,2.8535,41939.0,XRPUSDT
2025-09-04 00:22:00,2.8536,2.857,2.8535,2.8559,96337.4,XRPUSDT
2025-09-04 00:23:00,2.8558,2.8569,2.8547,2.8547,28683.9,XRPUSDT
2025-09-04 00:24:00,2.8547,2.8552,2.853,2.8531,5839.9,XRPUSDT
2025-09-04 00:25:00,2.853,2.8533,2.8525,2.853,16511.1,XRPUSDT
2025-09-04 00:26:00,2.853,2.8557,2.853,2.8557,58069.7,XRPUSDT
2025-09-04 00:27:00,2.8557,2.8557,2.8548,2.8548,12200.2,XRPUSDT
2025-09-04 00:28:00,2.8548,2.8555,2.854,2.854,15003.9,XRPUSDT
2025-09-04 00:29:00,2.8539,2.8539,2.8527,2.8528,3934.6,XRPUSDT
2025-09-04 00:30:00,2.8527,2.8536,2.8516,2.8516,20205.9,XRPUSDT
2025-09-04 00:31:00,2.8516,2.8518,2.8507,2.8513,28721.6,XRPUSDT
2025-09-04 00:32:00,2.8513,2.8517,2.8496,2.8497,58955.5,XRPUSDT
2025-09-04 00:33:00,2.8497,2.8531,2.8496,2.853,45066.6,XRPUSDT
2025-09-04 00:34:00,2.8531,2.8549,2.8531,2.8549,52106.9,XRPUSDT
2025-09-04 00:35:00,2.8549,2.8559,2.8545,2.855,56963.2,XRPUSDT
2025-09-04 00:36:00,2.855,2.8558,2.8547,2.8548,60880.0,XRPUSDT
2025-09-04 00:37:00,2.8548,2.8557,2.8544,2.8544,38168.3,XRPUSDT
2025-09-04 00:38:00,2.8543,2.8543,2.8533,2.8539,63400.7,XRPUSDT
2025-09-04 00:39:00,2.854,2.854,2.852,2.8521,59871.7,XRPUSDT
2025-09-04 00:40:00,2.852,2.8533,2.852,2.8525,81868.3,XRPUSDT
2025-09-04 00:41:00,2.8526,2.8526,2.851,2.852,64968.1,XRPUSDT
2025-09-04 00:42:00,2.8519,2.852,2.8516,2.8516,16874.0,XRPUSDT
2025-09-04 00:43:00,2.8517,2.8517,2.8507,2.8514,35945.8,XRPUSDT
2025-09-04 00:44:00,2.8515,2.8515,2.8501,2.8501,11979.0,XRPUSDT
2025-09-04 00:45:00,2.8501,2.8504,2.8491,2.8492,21667.3,XRPUSDT
2025-09-04 00:46:00,2.8492,2.8495,2.8484,2.8489,22364.7,XRPUSDT
2025-09-04 00:47:00,2.8488,2.8488,2.8476,2.8476,9686.1,XRPUSDT
2025-09-04 00:48:00,2.8476,2.8494,2.8475,2.8491,96726.6,XRPUSDT
2025-09-04 00:49:00,2.849,2.8491,2.8485,2.849,37545.1,XRPUSDT
2025-09-04 00:50:00,2.849,2.8503,2.8484,2.8503,67779.7,XRPUSDT
2025-09-04 00:51:00,2.8503,2.8509,2.8501,2.8501,33549.4,XRPUSDT
2025-09-04 00:52:00,2.8501,2.8508,2.8487,2.8501,54598.0,XRPUSDT
2025-09-04 00:53:00,2.8502,2.8502,2.8495,2.8496,9387.6,XRPUSDT
2025-09-04 00:54:00,2.8495,2.8496,2.8491,2.8495,33185.4,XRPUSDT
2025-09-04 00:55:00,2.8495,2.8495,2.8488,2.8488,7398.6,XRPUSDT
2025-09-04 00:56:00,2.8488,2.8488,2.8483,2.8487,8491.3,XRPUSDT
2025-09-04 00:57:00,2.8486,2.8487,2.8475,2.8475,9089.3,XRPUSDT
2025-09-04 00:58:00,2.8475,2.8476,2.8466,2.8467,54933.0,XRPUSDT
2025-09-04 00:59:00,2.8467,2.8467,2.8463,2.8464,16415.3,XRPUSDT
2025-09-04 01:00:00,2.8464,2.8464,2.8444,2.8444,55516.1,XRPUSDT
2025-09-04 01:01:00,2.8444,2.8444,2.8427,2.8431,83346.4,XRPUSDT
2025-09-04 01:02:00,2.8431,2.8431,2.8413,2.8415,31831.6,XRPUSDT
2025-09-04 01:03:00,2.8415,2.8416,2.8402,2.8403,9761.8,XRPUSDT
2025-09-04 01:04:00,2.8402,2.8402,2.8391,2.8395,54468.8,XRPUSDT
2025-09-04 01:05:00,2.8395,2.8396,2.8373,2.8374,202353.4,XRPUSDT
2025-09-04 01:06:00,2.8374,2.8382,2.8371,2.8382,59721.1,XRPUSDT
2025-09-04 01:07:00,2.8381,2.8401,2.8376,2.8395,78458.1,XRPUSDT
2025-09-04 01:08:00,2.8395,2.8401,2.839,2.8394,65370.4,XRPUSDT
2025-09-04 01:09:00,2.8394,2.8403,2.8394,2.8396,35900.4,XRPUSDT
2025-09-04 01:10:00,2.8396,2.84,2.8383,2.8383,33077.5,XRPUSDT
2025-09-04 01:11:00,2.8383,2.8383,2.8363,2.8372,82719.7,XRPUSDT
2025-09-04 01:12:00,2.8371,2.8372,2.8357,2.8358,79959.0,XRPUSDT
2025-09-04 01:13:00,2.8358,2.8374,2.8358,2.8363,51361.3,XRPUSDT
2025-09-04 01:14:00,2.8362,2.8362,2.8356,2.8356,19480.9,XRPUSDT
2025-09-04 01:15:00,2.8356,2.8356,2.8346,2.8355,40997.7,XRPUSDT
2025-09-04 01:16:00,2.8355,2.8373,2.8345,2.8373,69058.5,XRPUSDT
2025-09-04 01:17:00,2.8374,2.8382,2.8362,2.8377,144282.8,XRPUSDT
2025-09-04 01:18:00,2.8376,2.8376,2.8366,2.8373,84826.2,XRPUSDT
2025-09-04 01:19:00,2.8372,2.8373,2.8367,2.8369,13331.4,XRPUSDT
2025-09-04 01:20:00,2.8369,2.8385,2.8368,2.8382,84364.1,XRPUSDT
2025-09-04 01:21:00,2.8382,2.8383,2.8367,2.8368,17725.8,XRPUSDT
2025-09-04 01:22:00,2.8367,2.8384,2.8367,2.8384,29584.0,XRPUSDT
2025-09-04 01:23:00,2.8384,2.8389,2.8378,2.8378,22988.8,XRPUSDT
2025-09-04 01:24:00,2.8378,2.8382,2.8377,2.838,10757.3,XRPUSDT
2025-09-04 01:25:00,2.8379,2.838,2.8347,2.836,201768.0,XRPUSDT
2025-09-04 01:26:00,2.8361,2.8369,2.836,2.8366,38210.2,XRPUSDT
2025-09-04 01:27:00,2.8365,2.8379,2.8365,2.8379,27414.0,XRPUSDT
2025-09-04 01:28:00,2.8379,2.8383,2.8371,2.8377,46217.2,XRPUSDT
2025-09-04 01:29:00,2.8378,2.8398,2.8376,2.8394,92542.0,XRPUSDT
2025-09-04 01:30:00,2.8393,2.8398,2.8377,2.8397,68082.3,XRPUSDT
2025-09-04 01:31:00,2.8398,2.8401,2.8383,2.8401,93383.0,XRPUSDT
2025-09-04 01:32:00,2.8401,2.845,2.8401,2.8446,99908.7,XRPUSDT
2025-09-04 01:33:00,2.8445,2.8449,2.842,2.842,51983.2,XRPUSDT
2025-09-04 01:34:00,2.8421,2.8446,2.8417,2.8417,50260.1,XRPUSDT
2025-09-04 01:35:00,2.8418,2.8435,2.841,2.8417,51049.0,XRPUSDT
2025-09-04 01:36:00,2.8416,2.8416,2.84,2.84,72119.5,XRPUSDT
2025-09-04 01:37:00,2.8401,2.8406,2.8382,2.8383,27664.2,XRPUSDT
2025-09-04 01:38:00,2.8382,2.8389,2.8371,2.8372,26775.3,XRPUSDT
2025-09-04 01:39:00,2.8372,2.8395,2.8372,2.8392,38339.6,XRPUSDT
