,Datetime,Open,High,Low,Close,Volume
0,2021-10-15,35809,35983,35375,35418,6386300
1,2021-10-18,35418,36157,34984,35505,11323100
2,2021-10-19,35636,36244,35462,35549,8862700
3,2021-10-20,35549,35592,34680,35027,13477800
4,2021-10-21,35114,35158,34506,34506,10218000
5,2021-10-22,34506,34723,33941,34071,11207400
6,2021-10-25,33897,33984,33115,33289,15456100
7,2021-10-26,33289,33767,33028,33723,8808900
8,2021-10-27,33897,35201,33810,35114,12399100
9,2021-10-28,35201,35983,34984,35462,12968500
10,2021-10-29,35505,35636,34940,35201,11708600
11,2021-11-01,35288,36331,35201,35983,23755600
12,2021-11-02,36070,36939,35983,36809,18597700
13,2021-11-03,37157,37244,35983,36244,18570100
14,2021-11-04,36331,38156,36244,37374,24896200
15,2021-11-05,37635,37722,37200,37287,14206300
16,2021-11-08,37635,39069,37461,38678,31640500
17,2021-11-09,38678,38938,38069,38504,16144000
18,2021-11-10,38678,39721,38504,38852,19738700
19,2021-11-11,38895,39547,37591,38373,24636000
20,2021-11-12,38591,39286,38287,38765,12313600
21,2021-11-15,39547,40677,39199,39808,28456000
22,2021-11-16,39286,39851,38678,38895,16351800
23,2021-11-17,38938,40199,38765,39851,19988000
24,2021-11-18,42067,42632,40851,42632,40958900
25,2021-11-19,43458,44153,39721,42154,31044500
26,2021-11-22,42154,43371,41633,42241,20365200
27,2021-11-23,41980,45196,41633,45196,37416800
28,2021-11-24,46066,47282,45805,46239,23397200
29,2021-11-25,46326,48238,45892,47804,25420300
30,2021-11-26,47543,48152,46066,46500,30833000
31,2021-11-29,45631,48152,45631,48065,29749300
32,2021-11-30,49368,50151,47804,48586,23961600
33,2021-12-01,48238,48847,47022,47978,23255800
34,2021-12-02,47804,48499,46935,46935,21243400
35,2021-12-03,47022,47282,43893,43893,44930900
36,2021-12-06,43980,45457,42589,44327,31273800
37,2021-12-07,45196,45631,44153,45370,15874100
38,2021-12-08,45631,45979,45023,45023,13008700
39,2021-12-09,44327,46761,44327,46761,16383100
40,2021-12-10,46674,46761,45718,46066,13984900
41,2021-12-13,46239,46935,45457,46413,15527800
42,2021-12-14,46326,46848,45718,45805,14532300
43,2021-12-15,45631,46152,44936,44936,13911100
44,2021-12-16,45109,45196,43893,44240,22318500
45,2021-12-17,44327,45979,44240,45631,16143000
46,2021-12-20,45631,47369,45283,46500,18584000
47,2021-12-21,46152,46674,45631,45631,12291900
48,2021-12-22,45631,45892,44153,44414,22770800
49,2021-12-23,44153,44240,41720,42589,26281600
50,2021-12-24,42763,43415,42067,42632,8847400
51,2021-12-27,43415,43415,42589,42719,6529300
52,2021-12-28,42850,43067,42415,42415,9860100
53,2021-12-29,42502,43806,41807,43154,9809600
54,2021-12-30,43632,45892,43545,45718,16605600
55,2021-12-31,45979,46066,44849,45023,9609300
56,2022-01-04,45631,46413,45109,46066,16445000
57,2022-01-05,46066,46848,45631,45892,15701400
58,2022-01-06,45544,46066,45109,45109,13248000
59,2022-01-07,44936,45631,44501,44849,13974400
60,2022-01-10,44849,45196,43067,43067,17471200
61,2022-01-11,43197,43980,41720,41807,15601500
62,2022-01-12,42154,43893,41807,43893,15464300
63,2022-01-13,44327,44414,42459,42459,11392500
64,2022-01-13,44327,44414,42459,42459,11392500
65,2022-01-14,42111,42980,41980,42328,6678400
66,2022-01-17,42154,42502,39373,39373,32346300
67,2022-01-18,38504,39199,36635,36766,15992300
68,2022-01-19,38156,39286,37678,39286,11085500
69,2022-01-20,39460,40155,38634,39721,9055600
70,2022-01-21,39286,39634,38417,38721,8527900
71,2022-01-24,38069,38504,36027,36027,18790500
72,2022-01-25,35636,37287,35549,37200,10236600
73,2022-01-26,37374,37722,36852,36896,8416100
74,2022-01-27,36939,38678,36592,37722,7544500
75,2022-01-28,37635,39156,37548,39156,7793600
76,2022-02-07,39981,40764,39373,39851,9690500
77,2022-02-08,39547,40068,39112,39677,6658100
78,2022-02-09,39373,40242,39373,39721,8230800
79,2022-02-10,39808,39894,38765,39199,6996200
80,2022-02-11,39112,39677,38938,39199,5557600
81,2022-02-14,38678,38852,37895,37895,10485300
82,2022-02-15,38417,38852,37678,38417,5733800
83,2022-02-16,38852,39199,38504,39025,4864700
84,2022-02-17,38938,39243,38938,39112,5870700
85,2022-02-18,38678,39808,38591,39286,9386200
86,2022-02-21,39373,40329,39373,39981,10975700
87,2022-02-22,39373,39721,38678,39112,7703800
88,2022-02-23,39286,39634,39286,39373,5632600
89,2022-02-24,39199,39981,37765,38765,12752500
90,2022-02-25,39112,40459,38938,39721,15679600
91,2022-02-28,39808,40503,39677,39721,7527000
92,2022-03-01,39981,40242,39460,39981,8804700
93,2022-03-02,39634,39851,38721,38938,12606700
94,2022-03-03,39112,39547,38678,39547,8443700
95,2022-03-04,39981,41198,39938,40503,20515200
96,2022-03-07,40068,40720,39764,40677,11608800
97,2022-03-08,40416,41894,40068,40851,24333500
98,2022-03-09,41111,41285,39894,40503,12310400
99,2022-03-10,41546,41546,40503,40503,8503400
100,2022-03-11,40155,40416,38852,39112,16762700
101,2022-03-14,38765,38938,37287,37548,16641300
102,2022-03-15,37417,38330,37374,37635,7812500
103,2022-03-16,37809,38634,37722,38069,7098600
104,2022-03-17,38634,38634,38069,38069,4717000
105,2022-03-18,38200,38678,37982,38069,7818900
106,2022-03-21,38504,38634,38069,38504,6957300
107,2022-03-22,38504,38938,38417,38547,6005800
108,2022-03-23,38678,38852,38417,38417,6329400
109,2022-03-24,38634,38634,38026,38069,7095000
110,2022-03-25,38026,38200,37635,37765,7927800
111,2022-03-28,37287,37591,36331,36722,10391600
112,2022-03-29,37287,37287,37026,37070,4100800
113,2022-03-30,36592,37548,36548,36766,6997900
114,2022-03-31,37200,37200,36505,36505,4239600
115,2022-04-01,36505,37287,35983,37287,7804400
116,2022-04-04,37809,39156,37461,39112,14810300
117,2022-04-05,38938,39460,38460,38504,7217300
118,2022-04-06,37982,39025,37982,38765,8151700
119,2022-04-07,38765,39416,38287,38287,9640400
120,2022-04-08,38243,38460,37374,37374,7310200
121,2022-04-12,37461,37722,36157,36331,7028900
122,2022-04-13,36505,37157,35549,36983,8424200
123,2022-04-13,36505,37157,35549,36983,8424200
124,2022-04-14,37330,37330,36418,36505,4295500
125,2022-04-15,36331,36592,34636,34766,9691100
126,2022-04-18,34158,34766,32333,32594,16501500
127,2022-04-19,32680,33376,30421,30421,12058200
128,2022-04-20,30377,31290,30160,30594,10151300
129,2022-04-21,30073,31985,29986,31333,12545000
130,2022-04-22,31724,31855,30421,31333,7077100
131,2022-04-25,31290,31507,29160,29160,11146000
132,2022-04-26,28248,29986,27248,29986,12730000
133,2022-04-27,29769,30073,29291,29899,5114300
134,2022-04-28,29812,30116,28943,29117,6207900
135,2022-04-29,29117,29725,28813,29160,9311700
136,2022-05-04,29160,29378,27813,27813,7448400
137,2022-05-05,28248,28465,26336,26944,10130600
138,2022-05-06,26075,26683,25075,25075,15138700
139,2022-05-09,24728,24771,23337,23337,19409400
140,2022-05-10,22598,24380,22555,24250,15410200
141,2022-05-11,24380,24423,23772,24076,6152600
142,2022-05-12,23685,23945,22424,22424,15874500
143,2022-05-13,22598,23120,21772,22424,25052800
144,2022-05-16,23815,23989,23641,23728,18681800
145,2022-05-17,23467,25336,23380,25336,19673100
146,2022-05-18,25380,26031,24858,24901,24752200
147,2022-05-19,23989,25206,23989,24771,19089300
148,2022-05-20,25032,25640,24684,24728,16547700
149,2022-05-23,24771,24901,23033,23033,30832900
150,2022-05-24,22946,24423,21859,24423,21835700
151,2022-05-25,24423,25466,24337,25032,17343300
152,2022-05-26,25119,26249,25032,25597,29090600
153,2022-05-27,25466,26466,25423,25988,21093000
154,2022-05-30,26118,26683,25640,25988,14626400
155,2022-05-31,25553,26118,25206,25771,18324500
156,2022-06-01,25640,25988,24945,25684,14547600
157,2022-06-02,25727,26249,25032,25206,19231800
158,2022-06-03,25032,25814,25032,25423,17260500
159,2022-06-06,25684,25988,25032,25206,13164700
160,2022-06-07,24945,25162,23685,24510,18575400
161,2022-06-08,24771,25858,24510,25466,15160100
162,2022-06-09,25510,25727,25075,25206,7971900
163,2022-06-10,24858,25206,24206,24206,15662200
164,2022-06-13,23033,23467,22555,22555,20886700
165,2022-06-14,22077,22337,20990,21164,18121100
166,2022-06-15,21294,21512,19687,19687,19494300
167,2022-06-16,20338,20338,19078,19252,13558700
168,2022-06-17,18122,18687,17905,17905,20938200
169,2022-06-20,17948,18513,16688,16688,18264500
170,2022-06-21,15949,17296,15688,15906,24985100
171,2022-06-22,17029,17029,16837,17029,11892500
172,2022-06-23,17318,17799,17222,17799,13697300
173,2022-06-24,17703,18376,17655,17895,11929000
174,2022-06-27,18039,19098,17895,19098,13895600
175,2022-06-28,19146,19194,18713,18857,13211000
176,2022-06-29,18569,19434,18472,19001,14242800
177,2022-06-30,18953,19098,18087,18087,13242100
178,2022-07-01,17943,19050,17270,18953,15527500
179,2022-07-04,19290,19819,19194,19434,19712000
180,2022-07-05,19386,19579,18953,18953,14220100
181,2022-07-06,18472,19050,18184,18280,15164800
182,2022-07-07,18087,18472,17943,18376,9823100
183,2022-07-08,18569,19627,18569,19627,30285700
184,2022-07-11,19675,20348,19146,19867,26063700
185,2022-07-12,19771,20348,19627,20108,11926200
186,2022-07-12,19771,20348,19627,20108,11926200
187,2022-07-13,20108,20300,19531,19915,17839400
188,2022-07-14,19723,21118,19579,20685,23495100
189,2022-07-15,20781,20926,20300,20300,16577600
190,2022-07-18,20493,20589,19915,20108,18016400
191,2022-07-19,19867,20108,19338,19867,19867100
192,2022-07-20,20204,20781,20108,20493,22292300
193,2022-07-21,20397,20781,20300,20493,15960000
194,2022-07-22,20493,20685,20108,20108,17909200
195,2022-07-25,19915,20252,19531,19675,18310100
196,2022-07-26,19771,19915,19338,19483,16457400
197,2022-07-27,19242,19627,19050,19627,17804700
198,2022-07-28,20108,20541,19915,20348,19481100
199,2022-07-29,20493,20829,20252,20541,20792200
200,2022-08-01,20541,21936,20541,21936,29169900
201,2022-08-02,22128,22754,22032,22321,35526300
202,2022-08-03,22032,22802,21984,22657,22269900
203,2022-08-04,22898,22994,22128,22657,20941700
204,2022-08-05,22465,24149,22369,23860,28994000
205,2022-08-08,24197,24389,23427,23716,21251600
206,2022-08-09,23764,24004,23427,23860,14949200
207,2022-08-10,23620,24053,23523,23620,14584500
208,2022-08-11,23908,24245,22898,23475,28045800
209,2022-08-12,23427,23956,23139,23956,17178600
210,2022-08-15,24197,24341,23668,23812,14575600
211,2022-08-16,23812,24053,23523,23668,11764700
212,2022-08-17,23860,24197,23571,23620,21210600
213,2022-08-18,23379,24534,23379,24149,28626400
214,2022-08-19,24149,24485,23956,24197,15752800
215,2022-08-22,24197,24389,23668,23764,16747900
216,2022-08-23,23379,24437,22898,24437,32424700
217,2022-08-24,24678,24726,24197,24293,13465300
218,2022-08-25,24389,25015,24389,24534,14782800
219,2022-08-26,24534,24678,23860,23860,23266700
220,2022-08-29,23283,23475,22657,23475,28608300
221,2022-08-30,23716,23860,22994,23042,12094600
222,2022-08-31,22802,23283,22802,23090,10846400
223,2022-09-05,23187,23379,22802,22802,10158000
224,2022-09-06,22946,23235,22609,22850,11026900
225,2022-09-07,22802,23042,21695,21695,23212800
226,2022-09-08,22080,22128,21214,21214,15977000
227,2022-09-09,21166,21359,20493,21359,33441100
228,2022-09-12,21647,21647,21022,21022,11998300
229,2022-09-13,21022,21214,20397,20829,18972100
230,2022-09-14,20204,21311,20204,21118,25849700
231,2022-09-15,21262,21262,20781,20829,9452700
232,2022-09-16,20685,20878,20252,20348,19466700
233,2022-09-19,20348,20348,19146,19146,22693700
234,2022-09-20,19434,19964,19146,19915,14145700
235,2022-09-21,19723,20012,19579,19771,8382000
236,2022-09-22,19531,20397,19434,20300,17206400
237,2022-09-23,20204,20493,19771,19867,10814000
238,2022-09-26,19290,19531,18520,18761,22906700
239,2022-09-27,18953,19242,18761,18809,10953800
240,2022-09-28,18665,19290,18665,19001,14119800
241,2022-09-29,19434,19434,18569,18569,11341000
242,2022-09-30,18424,19050,17606,19050,20628400
243,2022-10-03,18857,18905,17751,17751,15843300
244,2022-10-04,18184,18376,16933,17125,15613300
245,2022-10-05,17655,18087,17510,17943,13616200
246,2022-10-06,17943,17943,16741,16741,12072300
247,2022-10-07,16404,16452,15586,16163,24130800
248,2022-10-10,16115,17029,15923,16741,17618200
249,2022-10-10,16115,17029,15923,16741,17618200
250,2022-10-11,16404,16741,15586,15586,16403900
251,2022-10-12,15778,16644,15634,16596,18582200
252,2022-10-13,16596,17029,16356,16837,12486200
253,2022-10-14,17318,17703,17125,17222,22036600
254,2022-10-17,16933,17318,16596,17318,13716400
255,2022-10-18,17703,17799,17029,17125,18797300
256,2022-10-19,17222,17318,16837,16981,12345400
257,2022-10-20,16837,17173,16596,16741,11211900
258,2022-10-21,16741,16789,15586,15586,28076400
259,2022-10-24,15682,15778,14528,14528,23354200
260,2022-10-25,14528,15442,13758,14480,22999400
261,2022-10-26,14720,15009,14143,14287,9014400
262,2022-10-27,14528,15249,14432,15249,21710300
263,2022-10-28,15586,15778,15249,15297,16262500
264,2022-10-31,15297,15778,14624,15682,20501900
265,2022-11-01,15971,16404,15682,16308,22328100
266,2022-11-02,16308,16404,15875,15875,15911800
267,2022-11-03,15586,16163,15538,15875,11302200
268,2022-11-04,15634,15682,14768,14768,25310800
269,2022-11-07,14672,14913,13758,13758,21167600
270,2022-11-08,13277,14576,13277,14432,16380300
271,2022-11-09,14576,15009,14335,14335,8615900
272,2022-11-10,14143,14239,13373,13373,18406100
273,2022-11-11,13758,14047,13277,13566,19859900
274,2022-11-14,13277,13950,12700,13710,20560100
275,2022-11-15,13469,13710,12796,13373,24236100
276,2022-11-16,12604,14287,12555,14287,26998600
277,2022-11-17,14576,15249,14528,15201,23384900
278,2022-11-18,15153,15971,14768,15634,34596600
279,2022-11-21,15827,15875,15345,15490,12527900
280,2022-11-22,15297,16356,15297,15730,29655000
281,2022-11-23,15586,15827,15201,15201,13126800
282,2022-11-24,14864,15394,14672,15394,16226000
283,2022-11-25,15778,16452,15538,16452,22569200
284,2022-11-28,16837,17558,16837,17558,32638900
285,2022-11-29,17799,18424,17318,18232,32279800
286,2022-11-30,17991,18665,17751,18520,29645300
287,2022-12-01,18761,18905,17510,17510,37109400
288,2022-12-02,17414,18713,17414,18713,29326500
289,2022-12-05,19531,20012,19050,20012,35813500
290,2022-12-06,19627,20156,18809,18809,41336800
291,2022-12-07,18809,19194,18184,18520,21179900
292,2022-12-08,19001,19771,18809,19771,34618000
293,2022-12-09,19915,20012,19146,19483,18581200
294,2022-12-12,19627,19964,18376,18424,26511100
295,2022-12-13,18424,19627,18136,19627,25352700
296,2022-12-14,20204,20204,19338,19338,20741200
297,2022-12-15,19338,19579,19194,19483,15553300
298,2022-12-16,19242,19819,19242,19723,21449000
299,2022-12-19,19723,21022,19579,19723,41725400
300,2022-12-20,19723,19964,18617,19050,26808800
301,2022-12-21,19434,19434,17751,18569,26446400
302,2022-12-22,18761,18809,17895,18376,13108700
303,2022-12-23,18280,18376,17558,17606,11363200
304,2022-12-26,17510,17606,16404,16404,18630300
305,2022-12-27,16356,17510,16356,17510,14748000
306,2022-12-28,17751,17751,17125,17462,10979500
307,2022-12-29,17318,17558,16933,16933,8747600
308,2022-12-30,17077,17414,16933,17029,6422100
309,2023-01-03,17125,18184,17125,18184,18046200
310,2023-01-04,18472,18761,18232,18280,10680500
311,2023-01-05,18424,18617,17991,18569,13309500
312,2023-01-06,18569,18857,18184,18184,13143700
313,2023-01-09,18376,18617,18136,18280,9711500
314,2023-01-10,18280,18520,17751,18184,11623700
315,2023-01-11,18328,19001,18328,18569,13973900
316,2023-01-12,18617,18761,18376,18569,6542800
317,2023-01-13,18761,19098,18376,18472,14327200
318,2023-01-16,18569,18761,18376,18665,7329600
319,2023-01-17,18857,19627,18761,19627,21992300
320,2023-01-18,19723,20204,19531,19771,19367400
321,2023-01-19,19675,20445,19627,20397,26454500
322,2023-01-27,20685,20781,20060,20156,19460600
323,2023-01-30,20156,20878,19915,20204,19239700
324,2023-01-31,20348,20829,20060,20781,17924900
325,2023-02-01,20878,21022,19338,19386,26556600
326,2023-02-02,19531,19627,19146,19386,11997700
327,2023-02-03,19338,19531,18857,19001,13217100
328,2023-02-06,18857,19242,18665,19242,11552300
329,2023-02-07,19338,19579,18328,18328,17388300
330,2023-02-08,18665,18953,17991,18761,12539800
331,2023-02-09,18713,19001,18569,18617,7434300
332,2023-02-10,18617,18857,18136,18280,9538000
333,2023-02-13,18232,18280,17462,17799,11360100
334,2023-02-14,18039,18184,17799,18184,6180800
335,2023-02-15,18184,18617,18087,18376,10344500
336,2023-02-16,18569,18761,18424,18761,9828100
337,2023-02-17,18713,18905,18472,18713,8056100
338,2023-02-20,18713,19964,18665,19964,23655300
339,2023-02-21,20012,20156,19675,19675,14060300
340,2023-02-22,19434,19627,18569,18569,24069100
341,2023-02-23,18569,18953,18087,18953,17946400
342,2023-02-24,19001,19001,18280,18280,7726100
343,2023-02-27,18087,18184,17558,17558,14834700
344,2023-02-28,17895,18039,17510,17558,11908000
345,2023-03-01,17606,18280,17462,18232,11380400
346,2023-03-02,18280,18376,17943,17943,5341200
347,2023-03-03,18136,18136,17751,17751,7382600
348,2023-03-06,18136,18472,18039,18039,10340100
349,2023-03-07,18280,18761,18087,18665,16202800
350,2023-03-08,18376,19050,18280,19050,14656100
351,2023-03-09,19050,19338,19001,19050,17709900
352,2023-03-10,18809,19098,18713,19050,13374000
353,2023-03-13,18809,19194,18472,18905,20540900
354,2023-03-14,18905,18953,18280,18328,15079900
355,2023-03-15,18905,19579,18761,19579,28458900
356,2023-03-16,19434,19867,19386,19386,19590700
357,2023-03-17,19627,19723,19290,19531,19301900
358,2023-03-20,19434,19483,18761,18761,18548100
359,2023-03-21,18953,19242,18617,19242,17547200
360,2023-03-22,19386,19531,19098,19098,12303400
361,2023-03-23,18953,19627,18905,19579,17493200
362,2023-03-24,19675,19867,19627,19675,18614400
363,2023-03-27,19723,20589,19675,20204,23493200
364,2023-03-28,20397,20493,19964,20012,18885500
365,2023-03-29,20012,20300,19964,20252,15837600
366,2023-03-30,20685,20878,20156,20156,23213000
367,2023-03-31,20252,20878,20060,20685,31980500
368,2023-04-03,21166,21311,21070,21166,31835600
369,2023-04-04,21262,21840,20974,21647,31003800
370,2023-04-05,21551,21743,21262,21647,18373200
371,2023-04-06,21792,22128,21022,21022,25225900
372,2023-04-07,21070,21647,20926,21647,25286000
373,2023-04-10,21888,22321,21407,21551,26255600
374,2023-04-11,21551,21743,20974,21743,25248600
375,2023-04-12,21743,21840,21118,21166,17022900
376,2023-04-13,21262,21407,20829,20926,17746800
377,2023-04-14,21070,21214,20397,20397,26940800
378,2023-04-17,20397,20685,20348,20541,12903000
379,2023-04-18,20637,20926,20348,20926,19091400
380,2023-04-19,20974,21022,20445,20493,13629400
381,2023-04-20,20397,20589,20252,20300,9547400
382,2023-04-21,20589,21359,20541,20829,30661000
383,2023-04-24,20878,21070,20637,20685,9652100
384,2023-04-25,20829,20878,20156,20300,18712800
385,2023-04-26,20300,20541,19915,20541,17553400
386,2023-04-27,20589,20637,20300,20348,9135900
387,2023-04-28,20493,20733,20445,20733,16660000
388,2023-05-04,20541,21070,20493,20926,16515900
389,2023-05-05,20926,20974,20637,20637,8503400
390,2023-05-08,20829,21455,20781,21455,28566300
391,2023-05-09,21551,21599,21214,21407,13213400
392,2023-05-10,21407,21840,21407,21647,19035600
393,2023-05-11,21647,22032,21551,21551,19755500
394,2023-05-12,21503,22369,21455,22369,27507700
395,2023-05-15,22609,22706,22032,22032,20845400
396,2023-05-16,22032,22273,21984,22032,19670500
397,2023-05-17,22032,22128,21551,21599,22648300
398,2023-05-18,21743,22273,21599,21936,27097400
399,2023-05-19,21936,22417,21792,22032,15667300
400,2023-05-22,22225,22321,21984,22032,14775300
401,2023-05-23,22128,22417,21936,21984,20307600
402,2023-05-24,22273,22321,21840,21840,24777300
403,2023-05-25,21743,21840,21599,21647,15722000
404,2023-05-26,21695,21840,21647,21695,8272300
405,2023-05-29,21984,22561,21888,22513,17596200
406,2023-05-30,22609,22706,22225,22465,14844600
407,2023-05-31,22369,22609,22128,22273,18626100
408,2023-06-01,22321,22706,22176,22561,16361000
409,2023-06-02,22898,23427,22802,23187,27301900
410,2023-06-05,23523,23668,22994,23187,18890400
411,2023-06-06,23187,24341,22994,24197,34323800
412,2023-06-07,24197,24437,23956,24149,18172300
413,2023-06-08,24341,24437,23379,23379,34755100
414,2023-06-09,23571,24293,23331,24293,22956500
415,2023-06-12,24293,24437,23764,24389,17308500
416,2023-06-13,24534,24726,24149,24389,18419600
417,2023-06-14,24534,25207,24389,24437,25250900
418,2023-06-15,24534,24822,24485,24726,14244700
419,2023-06-16,25063,26169,25063,25111,34448400
420,2023-06-19,25303,25688,25111,25399,15014000
421,2023-06-20,25800,25950,24950,25700,19253600
422,2023-06-21,25700,26200,25600,26000,19258600
423,2023-06-22,26100,26500,25800,26100,15245600
424,2023-06-23,26100,26200,25750,26000,12483200
425,2023-06-26,26000,26050,25250,25800,17384100
426,2023-06-27,25850,26750,25800,26600,20384500
427,2023-06-28,26600,26950,26400,26550,16422600
428,2023-06-29,26650,26650,25450,25450,19941700
429,2023-06-30,25500,25900,25400,25800,14517400
430,2023-07-03,26050,26100,25650,25700,13141200
431,2023-07-04,25700,26500,25550,26500,24381900
432,2023-07-05,26700,26700,26200,26200,15873600
433,2023-07-06,26200,26700,25800,26300,26806400
434,2023-07-07,26100,26450,25650,26450,14796500
435,2023-07-07,26100,26450,25650,26450,14796500
436,2023-07-10,26650,27500,26650,27500,30633600
437,2023-07-11,27400,28450,27400,28050,27100700
438,2023-07-12,28300,28600,27650,27950,23044800
439,2023-07-13,28250,28500,28000,28400,16156700
440,2023-07-14,28500,28600,27950,28500,16102800
441,2023-07-17,28550,29200,28550,28800,14468100
442,2023-07-18,28800,28800,28450,28550,12415400
443,2023-07-19,28600,28900,28450,28500,10046700
444,2023-07-20,28500,28500,27600,28000,28832600
445,2023-07-21,28000,28800,27850,28750,16462800
446,2023-07-24,29100,29200,28400,28700,14535600
447,2023-07-25,28700,29100,28500,28800,14449000
448,2023-07-26,28800,29050,28400,29000,12780300
449,2023-07-27,29000,29700,28900,29450,16465600
450,2023-07-28,29450,29900,29350,29750,13130200
451,2023-07-31,29950,30200,29350,29650,15219300
452,2023-08-01,29700,29700,28800,28800,16381039
453,2023-08-02,28700,29150,28600,29000,11458900
454,2023-08-03,28950,29050,28300,28500,15210400
455,2023-08-04,28500,29400,28500,29200,14992000
456,2023-08-07,29600,29950,29400,29700,15093300
457,2023-08-08,29850,29850,29000,29100,11628700
458,2023-08-09,28900,29200,28550,28600,16620200
459,2023-08-10,28600,28850,28100,28100,23382100
460,2023-08-11,28250,28300,27650,28150,27536000
461,2023-08-14,28450,29400,28100,29150,30333100
462,2023-08-15,29200,29200,28650,28700,13184400
463,2023-08-16,28650,29150,28450,28850,14335800
464,2023-08-17,29050,30600,29050,29950,59158400
465,2023-08-18,29700,30400,28000,28300,46437600
466,2023-08-21,29000,29150,28500,28850,35538400
467,2023-08-22,29000,30700,27850,30700,51810600
468,2023-08-23,31000,31150,30150,30400,32898700
469,2023-08-24,30300,32100,30150,32000,38295900
470,2023-08-25,31700,32500,31650,32200,32433300
471,2023-08-28,32300,32700,32100,32450,26966500
472,2023-08-29,32500,32800,31700,32350,35197500
473,2023-08-30,32400,33900,32100,33500,24980800
474,2023-08-31,33500,33750,33300,33400,17637700
475,2023-09-05,33600,33700,32800,33350,27135900
476,2023-09-06,33350,34500,32950,34000,19656200
477,2023-09-07,34100,34150,33300,33650,21471400
478,2023-09-08,33500,34100,33400,33750,16656500
479,2023-09-11,34000,34350,33400,33500,34427300
480,2023-09-12,33650,35800,33500,35800,37129000
481,2023-09-13,36200,36600,35500,35800,35639800
482,2023-09-14,35800,36250,34900,35650,33908800
483,2023-09-15,35900,36050,35000,35500,23626000
484,2023-09-18,35000,35950,34900,35700,25487500
485,2023-09-19,35800,36200,35200,36200,19558300
486,2023-09-20,36400,37000,36100,36450,22951800
487,2023-09-21,36400,36450,34750,34750,49186800
488,2023-09-22,33650,33950,32350,32600,69559100
489,2023-09-25,32200,33100,30350,30350,42948600
490,2023-09-26,31000,32450,30300,30900,38702100
491,2023-09-27,31700,33000,30900,33000,32046400
492,2023-09-28,32800,32900,31700,32300,27911500
493,2023-09-29,32900,32900,31800,31800,19989100
494,2023-10-02,31800,32650,31700,32100,17212200
495,2023-10-03,31600,31650,30100,30200,42246000
496,2023-10-04,29800,32300,29650,31750,33560600
497,2023-10-05,31900,32400,31500,31650,22264000
498,2023-10-05,31900,32400,31500,31650,22264000
499,2023-10-06,31650,32950,31200,32950,26498900
500,2023-10-09,32900,33500,32400,33200,21954400
501,2023-10-10,33600,33900,32700,32700,27779700
502,2023-10-11,32800,34000,32550,34000,23560400
503,2023-10-12,34100,34100,33400,33600,18148200
504,2023-10-13,33300,34100,33000,33550,22031600
505,2023-10-16,33550,33600,31900,32100,28362600
506,2023-10-17,32400,32900,31450,31450,19536600
507,2023-10-18,31800,32150,29800,31550,28495000
508,2023-10-19,31550,31750,29800,30100,28868500
509,2023-10-20,30100,31400,29100,31300,28197400
510,2023-10-23,30600,31350,30400,30600,15339400
511,2023-10-24,31000,31150,30450,31050,14254500
512,2023-10-25,31000,31550,30800,30800,14381400
513,2023-10-26,29700,29950,28650,28700,54159900
514,2023-10-27,29250,29800,28750,29450,20052100
515,2023-10-30,29000,29350,27500,27500,16792400
516,2023-10-31,27550,27900,25650,25750,36435600
517,2023-11-01,25750,27150,25750,27150,30977100
518,2023-11-02,27600,29000,27500,28900,27480700
519,2023-11-03,29000,29050,28300,28900,25384900
520,2023-11-06,29150,29300,28800,29000,17861300
521,2023-11-07,28900,29300,28300,28350,18329600
522,2023-11-08,28350,30300,28300,30300,31630200
523,2023-11-09,30650,31600,30550,30850,33982300
524,2023-11-10,30600,31900,30550,30800,32344200
525,2023-11-13,31000,31600,30800,31450,20864700
526,2023-11-14,31950,32200,31350,31750,23240100
527,2023-11-15,32800,32800,31900,31950,26908500
528,2023-11-16,31900,32300,31350,32300,19053100
529,2023-11-17,32350,32600,31100,31500,29287800
530,2023-11-20,30700,32700,30650,32400,26502900
531,2023-11-21,32800,32800,32300,32550,17289800
532,2023-11-22,32500,32950,32300,32900,22922800
533,2023-11-23,33200,33200,30900,30900,27082200
534,2023-11-24,31250,32000,30700,32000,24682500
535,2023-11-27,31950,32000,31000,31000,15100900
536,2023-11-28,31000,31500,30200,31400,21396800
537,2023-11-29,31500,31950,31300,31600,12215700
538,2023-11-30,31600,32150,31300,31300,16679400
539,2023-12-01,31700,32250,31250,32000,20043200
540,2023-12-04,32900,34000,32550,33600,45276900
541,2023-12-05,33650,33700,33150,33300,23475500
542,2023-12-06,33350,33850,33250,33600,17904800
543,2023-12-07,33600,33700,32050,32850,44212600
544,2023-12-08,32700,33000,32300,32600,18079900
545,2023-12-11,32600,33050,32100,32700,19996900
546,2023-12-12,32800,33000,32500,32600,12453800
547,2023-12-13,32900,32950,32000,32000,21549400
548,2023-12-14,32500,32500,31900,32000,15658600
549,2023-12-15,32100,32500,31700,31800,19871000
550,2023-12-18,31850,32150,31650,31700,11323400
551,2023-12-19,31750,32150,31350,32150,15687700
552,2023-12-20,32150,32600,31950,32300,13506600
553,2023-12-21,32050,32300,32000,32200,8083600
554,2023-12-22,32350,32950,32200,32350,17457600
555,2023-12-25,32350,32750,32100,32550,13953300
556,2023-12-26,32600,32900,32500,32750,14005700
557,2023-12-27,32950,33150,32800,32800,16101500
558,2023-12-28,32850,33150,32650,33000,10895900
559,2023-12-29,32950,33100,32750,32800,12790300
560,2024-01-02,33000,33200,32500,32500,18052300
561,2024-01-03,32350,32950,32300,32950,11408700
562,2024-01-03,32350,32950,32300,32950,11408700
563,2024-01-04,33000,34200,33000,33600,58713300
564,2024-01-05,33800,34150,33600,34150,25137200
565,2024-01-08,34450,34500,34000,34100,20729000
566,2024-01-09,34200,34350,33900,34000,18985200
567,2024-01-10,33950,34050,33350,33700,23828800
568,2024-01-11,33750,34400,33600,33900,25471700
569,2024-01-12,33600,34000,33350,33850,25258800
570,2024-01-15,34000,34100,33000,33000,22246200
571,2024-01-16,33000,33500,32750,33500,19315100
572,2024-01-17,33500,34500,33450,33650,26218900
573,2024-01-18,33800,34050,33650,33800,14736700
574,2024-01-19,34000,34100,33400,33700,22389300
575,2024-01-22,33900,34000,33400,33950,16814700
576,2024-01-23,34000,34100,33650,33800,12564800
577,2024-01-24,33750,34400,33700,34000,27351500
578,2024-01-25,34050,34200,33850,33950,10942200
579,2024-01-26,34150,34350,33950,34100,14288200
580,2024-01-29,34200,34400,33850,33950,12259400
581,2024-01-30,33850,34150,33800,34150,11905200
582,2024-01-31,34300,35150,34200,34400,44818700
583,2024-02-01,34450,34850,34400,34650,11153200
584,2024-02-02,34900,35450,34800,34800,23506100
585,2024-02-05,34800,35150,34500,34950,19528500
586,2024-02-06,35150,35450,34900,35000,13195400
587,2024-02-07,35000,35350,34900,35100,15710800
588,2024-02-15,35200,35500,35000,35100,14888800
589,2024-02-16,35350,35400,34900,35000,18037300
590,2024-02-19,35000,35200,34400,35200,32834200
591,2024-02-20,35650,35800,35250,35300,18101700
592,2024-02-21,35300,35300,34700,34950,18553100
593,2024-02-22,34850,34950,34550,34650,14411900
594,2024-02-23,34600,34900,34050,34150,24143200
595,2024-02-26,34100,35350,34050,35100,26875500
596,2024-02-27,35250,36450,35100,35900,47040400
597,2024-02-28,36100,36250,35650,36100,26065500
598,2024-02-29,36400,37700,36300,37000,43188500
599,2024-03-01,37400,37700,37000,37350,21490800
600,2024-03-04,37800,37850,37000,37150,25346200
601,2024-03-05,37150,37450,36650,37400,31386200
602,2024-03-06,37400,37800,36700,37100,27681300
603,2024-03-07,37000,37950,36850,37700,34060200
604,2024-03-08,37900,38100,36800,36800,35882600
605,2024-03-11,36800,37150,36200,36350,24846500
606,2024-03-12,36350,36600,36050,36300,21926800
607,2024-03-13,36400,38100,36300,37950,35787800
608,2024-03-14,38050,39000,37800,37850,39364400
609,2024-03-15,37800,37900,37100,37800,27977200
610,2024-03-18,37850,38000,35600,36650,48614200
611,2024-03-19,36700,37000,36150,36150,14628400
612,2024-03-20,36400,37200,36250,37200,16364200
613,2024-03-21,37950,38000,37500,37650,27175200
614,2024-03-22,37800,38450,37600,37800,29818700
615,2024-03-25,37850,38300,37300,37500,24344200
616,2024-03-26,37400,38200,37150,38000,19515300
617,2024-03-27,38300,38500,37900,38500,18775000
618,2024-03-28,39000,39250,38800,39150,26417300
619,2024-03-29,39050,39100,38500,38500,17529500
620,2024-04-01,38500,39200,37850,38800,31091500
621,2024-04-02,38300,39000,38000,38900,21148300
622,2024-04-02,38300,39000,38000,38900,21148300
623,2024-04-03,38800,39200,38000,38050,25750600
624,2024-04-04,38050,38200,37650,37650,24883900
625,2024-04-05,37150,37300,36800,36800,31244300
626,2024-04-08,36800,37000,36650,36700,12118300
627,2024-04-09,36900,37500,36700,37500,13235500
628,2024-04-10,37600,37600,36950,36950,8525400
629,2024-04-11,36550,37400,36550,37150,11888000
630,2024-04-12,37350,37800,37050,37550,19498500
631,2024-04-15,37300,37650,34950,34950,29936900
632,2024-04-16,35100,35300,34100,35200,32795000
633,2024-04-17,35450,35500,34400,34400,13931600
634,2024-04-19,33950,34800,33050,33200,29562900
635,2024-04-22,34200,35500,33950,35100,19499700
636,2024-04-23,35100,35300,34300,34500,16741600
637,2024-04-24,35000,35950,34900,35650,21326800
638,2024-04-25,35650,35650,35100,35350,10578200
639,2024-04-26,34850,35350,34700,35200,13819800
640,2024-05-02,35200,35300,34300,34700,12220400
641,2024-05-03,35100,35300,34600,34650,9163900
642,2024-05-06,35000,36050,34950,35650,16789600
643,2024-05-07,35800,36000,35400,35550,8273300
644,2024-05-08,35200,35900,35100,35650,13710900
645,2024-05-09,35850,35900,35050,35200,15342900
646,2024-05-10,35300,35500,35000,35450,12118500
647,2024-05-13,35650,35900,35250,35600,10272700
648,2024-05-14,35650,35900,35350,35500,7029000
649,2024-05-15,35700,36300,35500,35950,20293600
650,2024-05-16,36350,36400,36050,36100,13615900
651,2024-05-17,36100,36600,35950,36400,14815700
652,2024-05-20,36600,37100,36500,36650,19945200
653,2024-05-21,36550,36800,36300,36800,14037400
654,2024-05-22,36800,37350,36400,36450,22688000
655,2024-05-23,36400,36700,35850,36700,16679200
656,2024-05-24,36300,36450,34800,35250,28294900
657,2024-05-27,35250,35500,34800,35100,16841300
658,2024-05-28,35300,35600,35150,35600,13044000
659,2024-05-29,35750,35900,35100,35200,13092100
660,2024-05-30,35000,35050,34300,34850,18861700
661,2024-05-31,34850,35000,34600,34700,8441300
662,2024-06-03,35000,35600,35000,35400,12486400
663,2024-06-04,35400,35900,35350,35400,11440300
664,2024-06-05,35450,35800,35400,35400,14108600
665,2024-06-06,35600,35650,35200,35400,8633500
666,2024-06-07,35650,35650,35300,35450,6447800
667,2024-06-10,35500,35800,35350,35350,13313100
668,2024-06-11,35500,35800,35250,35800,14775200
669,2024-06-12,35850,36600,35800,36600,27346000
670,2024-06-13,36800,36900,36350,36500,13008300
671,2024-06-14,36700,37200,36100,36100,26737800
672,2024-06-17,36000,36250,35750,35900,12551300
673,2024-06-18,36100,36300,35850,36100,9692800
674,2024-06-19,36200,36300,35800,36200,9768900
675,2024-06-20,36200,36300,35400,35900,14274900
676,2024-06-21,35800,36000,35500,35500,9055100
677,2024-06-24,35450,35500,34200,34600,27186000
678,2024-06-25,34600,34850,34400,34550,6523500
679,2024-06-26,34550,34650,33600,34400,11515000
680,2024-06-27,34300,34550,34100,34300,5308600
681,2024-06-28,34300,34450,33750,33950,11362600
682,2024-07-01,34050,34100,33450,33900,7933900
683,2024-07-01,34050,34100,33450,33900,7933900
684,2024-07-02,34050,34350,33900,34350,7213600
685,2024-07-03,34350,34600,34350,34450,5952500
686,2024-07-04,34450,34800,34300,34400,5766000
687,2024-07-05,34400,34650,34150,34650,7440000
688,2024-07-08,34800,35050,34400,34550,7626900
689,2024-07-09,34600,34900,34300,34650,10076200
690,2024-07-10,34700,34750,34350,34350,5763700
691,2024-07-11,34600,35150,34450,34800,11001000
