timestamp,open,high,low,close,volume,MA10,MA20
2025-07-22 07:13:00,118190.54,118250.15,118190.53,118250.09,49.89997,,
2025-07-22 07:14:00,118250.08,118294.96,118241.2,118294.95,81.92522,,
2025-07-22 07:15:00,118294.95,118352.29,118241.2,118336.0,52.42276,,
2025-07-22 07:16:00,118336.0,118336.01,118304.09,118304.09,13.01982,,
2025-07-22 07:17:00,118304.09,118304.1,118244.36,118244.37,14.77515,,
2025-07-22 07:18:00,118244.36,118324.78,118241.2,118310.66,12.01201,,
2025-07-22 07:19:00,118310.67,118324.77,118296.58,118324.76,16.1208,,
2025-07-22 07:20:00,118324.77,118388.39,118298.69,118306.46,31.5252,,
2025-07-22 07:21:00,118306.47,118423.25,118296.01,118415.42,42.45611,,
2025-07-22 07:22:00,118415.42,118420.08,118335.64,118378.42,72.90833,118316.522,
2025-07-22 07:23:00,118378.43,118378.43,118370.0,118371.53,22.75915,118328.666,
2025-07-22 07:24:00,118371.53,118432.82,118371.53,118432.82,23.35642,118342.45300000001,
2025-07-22 07:25:00,118432.81,118525.74,118432.81,118525.72,85.81517,118361.425,
2025-07-22 07:26:00,118525.73,118527.95,118491.82,118519.99,39.36479,118383.01499999998,
2025-07-22 07:27:00,118520.0,118536.19,118519.64,118536.18,21.65699,118412.19599999997,
2025-07-22 07:28:00,118536.19,118590.0,118534.89,118589.99,26.87844,118440.12899999999,
2025-07-22 07:29:00,118590.0,118594.55,118522.45,118572.59,32.92221,118464.91199999998,
2025-07-22 07:30:00,118572.6,118582.75,118405.31,118405.31,27.56439,118474.79699999999,
2025-07-22 07:31:00,118405.32,118405.32,118288.29,118320.05,34.25424,118465.26000000001,
2025-07-22 07:32:00,118320.04,118320.05,118262.41,118299.99,29.88445,118457.41700000002,118386.9695
2025-07-22 07:33:00,118299.99,118300.0,118222.01,118233.49,98.33091,118443.61300000001,118386.13950000002
2025-07-22 07:34:00,118233.48,118250.22,118217.37,118217.38,13.04498,118422.06899999999,118382.26100000001
2025-07-22 07:35:00,118217.38,118272.51,118217.38,118272.51,15.22056,118396.74799999999,118379.0865
2025-07-22 07:36:00,118272.51,118380.2,118272.5,118374.52,25.6408,118382.201,118382.60800000001
2025-07-22 07:37:00,118374.52,118374.52,118278.42,118278.42,17.22217,118356.425,118384.31049999999
2025-07-22 07:38:00,118278.43,118278.43,118233.64,118275.65,23.0886,118324.991,118382.55999999998
2025-07-22 07:39:00,118275.65,118287.64,118226.66,118226.66,18.26941,118290.39799999997,118377.655
2025-07-22 07:40:00,118226.66,118274.63,118130.65,118130.65,19.86078,118262.93199999996,118368.8645
2025-07-22 07:41:00,118130.65,118199.99,118130.65,118199.99,13.20705,118250.92599999995,118358.09300000002
2025-07-22 07:42:00,118199.99,118199.99,118123.39,118123.4,8.84605,118233.26699999995,118345.34200000002
2025-07-22 07:43:00,118123.4,118181.09,118123.39,118155.79,12.4488,118225.49699999994,118334.55500000002
2025-07-22 07:44:00,118155.79,118189.33,118155.78,118189.32,16.16085,118222.69099999995,118322.38000000003
2025-07-22 07:45:00,118189.33,118200.0,118155.4,118155.41,18.6273,118210.98099999994,118303.86450000003
2025-07-22 07:46:00,118155.4,118155.41,118115.14,118131.37,10.15214,118186.66599999992,118284.43350000001
2025-07-22 07:47:00,118131.37,118158.04,118131.37,118146.68,4.58762,118173.49199999993,118264.95850000002
2025-07-22 07:48:00,118146.67,118175.54,118115.13,118115.13,15.85154,118157.43999999994,118241.2155
2025-07-22 07:49:00,118115.14,118115.14,118065.0,118070.87,8.80938,118141.86099999995,118216.12950000001
2025-07-22 07:50:00,118070.87,118130.73,118070.87,118130.73,5.92625,118141.86899999995,118202.40050000002
2025-07-22 07:51:00,118130.73,118200.0,118090.23,118199.99,35.1266,118141.86899999995,118196.39750000004
2025-07-22 07:52:00,118199.99,118215.13,118090.23,118090.24,13.3225,118138.55299999996,118185.91000000003
2025-07-22 07:53:00,118090.23,118090.24,118023.6,118041.88,12.27381,118127.16199999997,118176.32950000002
2025-07-22 07:54:00,118041.88,118070.48,118030.09,118040.01,8.71415,118112.23099999996,118167.46100000001
2025-07-22 07:55:00,118040.02,118044.0,118016.84,118019.14,7.08654,118098.60399999996,118154.79250000003
2025-07-22 07:56:00,118019.14,118019.14,117857.22,117866.26,39.44267,118072.09299999995,118129.37950000001
2025-07-22 07:57:00,117866.27,117891.11,117836.77,117880.01,11.75224,118045.42599999995,118109.459
2025-07-22 07:58:00,117880.0,117880.01,117815.81,117877.83,22.18843,118021.69599999995,118089.56800000001
2025-07-22 07:59:00,117877.82,117983.69,117877.82,117983.68,7.99399,118012.97699999993,118077.41900000002
2025-07-22 08:00:00,117983.69,117983.69,117871.17,117871.17,27.54447,117987.02099999992,118064.44500000002
2025-07-22 08:01:00,117871.17,117877.41,117800.0,117818.01,14.46197,117948.82299999993,118045.34599999999
2025-07-22 08:02:00,117818.0,117865.47,117806.64,117840.0,6.90967,117923.79899999993,118031.176
2025-07-22 08:03:00,117839.06,117839.07,117807.38,117822.7,4.38463,117901.88099999994,118014.5215
2025-07-22 08:04:00,117822.71,117822.71,117735.07,117778.14,10.05443,117875.69399999993,117993.96250000002
2025-07-22 08:05:00,117778.14,117778.14,117677.46,117737.03,13.0364,117847.48299999993,117973.0435
2025-07-22 08:06:00,117737.04,117745.28,117675.24,117679.78,17.15489,117828.83499999993,117950.46399999999
2025-07-22 08:07:00,117679.78,117679.78,117540.0,117551.74,37.35859,117796.00799999994,117920.71699999999
2025-07-22 08:08:00,117551.74,117614.64,117551.46,117568.28,8.88546,117765.05299999993,117893.37449999999
2025-07-22 08:09:00,117568.29,117683.87,117556.52,117668.25,33.43192,117733.50999999994,117873.24349999998
2025-07-22 08:10:00,117668.26,117700.0,117554.07,117554.07,42.24992,117701.79999999996,117844.41049999997
2025-07-22 08:11:00,117554.07,117654.56,117554.07,117654.56,42.08171,117685.45499999996,117817.13899999997
2025-07-22 08:12:00,117654.55,117768.56,117654.55,117768.18,47.18678,117678.27299999996,117801.03599999996
2025-07-22 08:13:00,117768.18,117768.19,117654.45,117683.24,27.86637,117664.32699999996,117783.10399999998
2025-07-22 08:14:00,117683.24,117730.79,117660.0,117686.65,49.27801,117655.17799999996,117765.43599999999
2025-07-22 08:15:00,117686.65,117864.24,117686.65,117864.23,16.71622,117667.89799999996,117757.69049999998
2025-07-22 08:16:00,117864.24,117881.62,117794.33,117811.66,52.84049,117681.08599999994,117754.9605
2025-07-22 08:17:00,117811.66,117811.66,117621.56,117646.41,20.88645,117690.55299999993,117743.28050000002
2025-07-22 08:18:00,117646.4,117771.2,117613.18,117771.2,18.02891,117710.84499999993,117737.94900000002
2025-07-22 08:19:00,117771.2,117830.2,117732.45,117809.41,10.62818,117724.96099999992,117729.23550000002
2025-07-22 08:20:00,117809.42,117946.91,117809.41,117946.9,14.83468,117764.2439999999,117733.02200000003
2025-07-22 08:21:00,117946.91,117981.02,117881.35,117881.35,8.19865,117786.92299999991,117736.18900000004
2025-07-22 08:22:00,117881.36,117942.5,117851.0,117851.0,11.95234,117795.20499999991,117736.73900000003
2025-07-22 08:23:00,117851.0,117867.62,117727.06,117727.06,10.59286,117799.58699999991,117731.95700000002
2025-07-22 08:24:00,117727.06,117740.96,117630.04,117694.2,10.81012,117800.34199999992,117727.76000000004
2025-07-22 08:25:00,117694.21,117694.21,117557.43,117557.43,13.89021,117769.66199999992,117718.78000000006
2025-07-22 08:26:00,117557.44,117576.67,117488.19,117576.66,15.81361,117746.16199999992,117713.62400000007
2025-07-22 08:27:00,117576.66,117588.42,117499.86,117584.45,13.9046,117739.96599999993,117715.25950000007
2025-07-22 08:28:00,117584.45,117686.2,117567.76,117678.0,9.50808,117730.64599999992,117720.74550000008
2025-07-22 08:29:00,117678.35,117717.64,117647.13,117707.51,10.25474,117720.45599999993,117722.70850000007
2025-07-22 08:30:00,117707.52,117795.44,117691.53,117795.44,16.823,117705.30999999994,117734.77700000007
2025-07-22 08:31:00,117795.44,117907.98,117784.42,117907.97,10.23517,117707.97199999992,117747.44750000008
2025-07-22 08:32:00,117907.97,117977.75,117889.22,117977.75,13.02852,117720.64699999992,117757.92600000006
2025-07-22 08:33:00,117977.75,118055.74,117977.75,118000.01,20.75058,117747.94199999992,117773.76450000005
2025-07-22 08:34:00,118000.0,118004.9,117955.89,117955.9,7.06268,117774.11199999992,117787.22700000004
2025-07-22 08:35:00,117955.9,118016.32,117955.9,118000.0,13.55375,117818.36899999992,117794.01550000005
2025-07-22 08:36:00,118000.01,118095.47,118000.0,118092.54,12.95068,117869.95699999994,117808.05950000005
2025-07-22 08:37:00,118092.54,118114.87,118066.26,118074.94,11.96424,117919.00599999994,117829.48600000003
2025-07-22 08:38:00,118074.94,118149.99,118064.32,118149.99,5.6054,117966.20499999993,117848.42550000004
2025-07-22 08:39:00,118149.99,118156.0,118120.0,118143.39,7.2344,118009.79299999992,117865.12450000003
2025-07-22 08:40:00,118143.39,118147.19,118110.0,118144.0,8.13546,118044.64899999993,117874.97950000004
2025-07-22 08:41:00,118143.99,118179.02,118143.99,118179.02,5.60523,118071.75399999993,117889.86300000004
2025-07-22 08:42:00,118179.01,118208.08,118110.0,118110.01,10.15459,118084.97999999994,117902.81350000002
2025-07-22 08:43:00,118110.0,118129.54,118081.14,118119.66,14.43692,118096.94499999992,117922.44350000002
2025-07-22 08:44:00,118119.66,118119.67,118089.24,118099.99,5.21144,118111.35399999993,117942.73300000004
2025-07-22 08:45:00,118100.0,118119.66,118070.0,118070.0,8.67968,118118.35399999993,117968.36150000003
2025-07-22 08:46:00,118070.0,118070.0,118033.22,118064.1,15.87055,118115.50999999994,117992.73350000002
2025-07-22 08:47:00,118064.1,118075.97,118043.39,118060.18,9.89174,118114.03399999994,118016.52000000002
2025-07-22 08:48:00,118060.18,118077.74,118048.86,118072.94,9.8158,118106.32899999994,118036.26700000002
2025-07-22 08:49:00,118072.94,118088.0,118064.0,118087.99,2.67562,118100.78899999995,118055.29100000004
2025-07-22 08:50:00,118088.0,118148.0,118087.99,118148.0,5.13714,118101.18899999994,118072.91900000004
2025-07-22 08:51:00,118148.0,118229.34,118148.0,118229.34,14.47901,118106.22099999995,118088.98750000002
2025-07-22 08:52:00,118229.33,118270.0,118229.33,118244.38,8.60565,118119.65799999997,118102.31900000002
2025-07-22 08:53:00,118244.38,118270.0,118221.81,118269.99,18.1954,118134.69099999996,118115.81800000004
2025-07-22 08:54:00,118270.0,118306.48,118270.0,118298.46,8.02791,118154.53799999997,118132.94600000004
2025-07-22 08:55:00,118298.47,118345.0,118273.67,118294.75,13.95668,118177.01299999996,118147.68350000004
2025-07-22 08:56:00,118294.74,118306.28,118269.68,118269.69,7.92,118197.57199999996,118156.54100000004
2025-07-22 08:57:00,118269.68,118269.69,118211.0,118243.9,7.17784,118215.94399999994,118164.98900000003
2025-07-22 08:58:00,118243.89,118280.0,118240.0,118280.0,5.26833,118236.64999999995,118171.48950000003
2025-07-22 08:59:00,118279.99,118290.0,118279.99,118289.99,12.45034,118256.84999999995,118178.81950000003
2025-07-22 09:00:00,118290.0,118290.0,118245.94,118245.94,11.52561,118266.64399999994,118183.91650000002
2025-07-22 09:01:00,118245.94,118245.94,118167.48,118167.48,15.10094,118260.45799999994,118183.33950000003
2025-07-22 09:02:00,118167.48,118241.71,118160.0,118236.62,11.08934,118259.68199999994,118189.67000000004
2025-07-22 09:03:00,118236.62,118236.62,118189.76,118189.76,9.66068,118251.65899999994,118193.17500000002
2025-07-22 09:04:00,118189.77,118189.77,118141.7,118179.99,12.42231,118239.81199999995,118197.17500000002
2025-07-22 09:05:00,118179.99,118179.99,118168.61,118168.62,2.94771,118227.19899999994,118202.10600000003
2025-07-22 09:06:00,118168.61,118168.62,118094.01,118095.47,12.2939,118209.77699999993,118203.67450000004
2025-07-22 09:07:00,118095.46,118111.17,118063.33,118063.33,7.24883,118191.71999999994,118203.83200000002
2025-07-22 09:08:00,118063.34,118063.34,118052.08,118052.08,1.09904,118168.92799999996,118202.78900000003
2025-07-22 09:09:00,118052.08,118078.3,118019.42,118034.26,12.69899,118143.35499999995,118200.10250000001
2025-07-22 09:10:00,118034.26,118063.79,118034.25,118047.14,9.84268,118123.47499999995,118195.05950000002
2025-07-22 09:11:00,118047.14,118076.28,118035.4,118061.95,7.03542,118112.92199999995,118186.69000000003
2025-07-22 09:12:00,118061.95,118085.23,118046.63,118064.14,5.96101,118095.67399999996,118177.67800000004
2025-07-22 09:13:00,118064.14,118074.93,118062.01,118062.01,2.39919,118082.89899999995,118167.27900000002
2025-07-22 09:14:00,118062.01,118079.52,118030.37,118030.37,7.26263,118067.93699999996,118153.87450000003
2025-07-22 09:15:00,118030.38,118056.39,118023.41,118023.42,10.60821,118053.41699999994,118140.30800000003
2025-07-22 09:16:00,118023.42,118023.42,117997.76,117997.76,5.94104,118043.64599999995,118126.71150000002
2025-07-22 09:17:00,117997.76,117997.76,117873.42,117884.35,13.55989,118025.74799999995,118108.73400000003
2025-07-22 09:18:00,117884.36,117932.4,117884.35,117891.74,9.04991,118009.71399999995,118089.32100000004
2025-07-22 09:19:00,117891.75,117935.63,117891.74,117910.91,6.67217,117997.37899999993,118070.36700000004
2025-07-22 09:20:00,117910.92,117959.68,117904.72,117959.67,6.93705,117988.63199999994,118056.05350000004
2025-07-22 09:21:00,117959.67,117997.77,117953.66,117968.32,22.74579,117979.26899999994,118046.09550000002
2025-07-22 09:22:00,117968.32,118038.56,117968.32,118022.19,10.24891,117975.07399999995,118035.37400000003
2025-07-22 09:23:00,118022.18,118034.03,117999.33,118024.0,41.30062,117971.27299999996,118027.08600000004
2025-07-22 09:24:00,118024.0,118095.47,118024.0,118095.46,33.56195,117977.78199999993,118022.85950000002
2025-07-22 09:25:00,118095.46,118172.24,118095.46,118172.09,31.29517,117992.64899999995,118023.03300000001
2025-07-22 09:26:00,118172.09,118254.12,118172.09,118254.11,24.45998,118018.28399999996,118030.965
2025-07-22 09:27:00,118254.11,118266.87,118234.2,118260.76,32.83446,118055.92499999996,118040.83649999998
2025-07-22 09:28:00,118260.76,118260.77,118227.32,118227.32,12.29768,118089.48299999996,118049.59849999996
2025-07-22 09:29:00,118227.32,118230.45,118174.35,118217.9,11.88299,118120.18199999996,118058.78049999996
2025-07-22 09:30:00,118217.9,118280.0,118217.9,118242.75,9.88062,118148.48999999996,118068.56099999996
2025-07-22 09:31:00,118242.76,118359.73,118242.75,118359.72,27.73006,118187.62999999996,118083.44949999996
2025-07-22 09:32:00,118359.73,118365.0,118335.62,118335.62,2.68206,118218.97299999995,118097.02349999997
2025-07-22 09:33:00,118335.62,118373.37,118335.62,118373.35,15.95539,118253.90799999997,118112.59049999998
2025-07-22 09:34:00,118373.35,118394.68,118373.35,118373.35,7.30776,118281.69699999997,118129.73949999998
2025-07-22 09:35:00,118373.35,118421.6,118373.35,118421.59,10.32498,118306.64699999997,118149.64799999997
2025-07-22 09:36:00,118421.6,118497.07,118421.59,118450.0,23.33786,118326.23599999996,118172.25999999998
2025-07-22 09:37:00,118450.0,118458.0,118407.52,118447.6,25.02178,118344.91999999997,118200.42249999999
2025-07-22 09:38:00,118447.6,118447.61,118435.53,118443.24,7.28609,118366.51199999996,118227.99749999998
2025-07-22 09:39:00,118443.24,118443.25,118421.78,118430.64,9.9829,118387.78599999996,118253.98399999998
2025-07-22 09:40:00,118430.64,118485.85,118425.13,118485.84,11.85502,118412.09499999997,118280.29249999998
2025-07-22 09:41:00,118485.85,118513.61,118485.84,118488.3,18.86615,118424.95299999998,118306.29149999998
2025-07-22 09:42:00,118488.3,118529.0,118485.84,118510.1,26.09891,118442.40099999998,118330.68699999999
2025-07-22 09:43:00,118510.1,118519.7,118499.08,118513.75,5.58162,118456.44099999996,118355.1745
2025-07-22 09:44:00,118513.76,118560.0,118513.75,118542.36,23.68142,118473.34199999998,118377.51949999998
2025-07-22 09:45:00,118542.35,118600.16,118503.67,118582.49,46.97383,118489.43199999996,118398.0395
2025-07-22 09:46:00,118582.49,118656.0,118582.48,118637.64,19.6605,118508.19599999995,118417.21600000001
2025-07-22 09:47:00,118637.64,118655.44,118498.8,118498.8,31.0946,118513.31599999995,118429.11800000002
2025-07-22 09:48:00,118498.8,118571.06,118450.32,118456.46,19.84586,118514.63799999995,118440.57500000003
2025-07-22 09:49:00,118456.46,118477.52,118432.47,118439.34,13.13091,118515.50799999996,118451.64700000003
2025-07-22 09:50:00,118439.33,118453.76,118421.87,118421.88,7.57391,118509.11199999996,118460.60350000001
2025-07-22 09:51:00,118421.88,118512.22,118421.87,118468.09,13.65557,118507.09099999997,118466.022
2025-07-22 09:52:00,118468.1,118490.15,118422.58,118422.58,10.67332,118498.33899999996,118470.37
2025-07-22 09:53:00,118422.58,118437.65,118380.52,118380.52,9.56825,118485.01599999997,118470.7285
2025-07-22 09:54:00,118380.53,118420.95,118380.53,118404.31,10.88493,118471.21099999997,118472.27649999999
2025-07-22 09:55:00,118404.31,118465.06,118384.61,118465.05,3.55837,118459.46699999998,118474.44949999999
2025-07-22 09:56:00,118465.05,118465.85,118442.47,118465.85,7.82154,118442.28799999999,118475.242
2025-07-22 09:57:00,118465.85,118489.66,118455.38,118458.88,10.52108,118438.296,118475.80599999998
2025-07-22 09:58:00,118458.88,118458.89,118405.36,118417.51,18.92528,118434.401,118474.51949999997
2025-07-22 09:59:00,118417.51,118448.65,118399.09,118399.09,16.37668,118430.376,118472.94199999995
2025-07-22 10:00:00,118399.09,118421.08,118384.35,118388.11,26.75029,118426.999,118468.05549999994
2025-07-22 10:01:00,118388.11,118421.06,118372.36,118421.06,9.96773,118422.296,118464.69349999996
2025-07-22 10:02:00,118421.06,118456.0,118403.68,118434.14,8.44301,118423.45199999998,118460.89549999996
2025-07-22 10:03:00,118434.14,118446.5,118417.71,118446.39,8.93391,118430.03899999996,118457.52749999997
2025-07-22 10:04:00,118446.39,118510.24,118446.39,118509.99,15.49368,118440.60699999996,118455.90899999999
2025-07-22 10:05:00,118509.99,118510.0,118452.42,118489.88,6.41625,118443.08999999994,118451.27849999997
2025-07-22 10:06:00,118489.89,118489.89,118454.71,118482.97,6.24803,118444.80199999994,118443.54499999997
2025-07-22 10:07:00,118482.96,118482.97,118446.39,118468.61,7.40741,118445.77499999994,118442.03549999997
2025-07-22 10:08:00,118468.61,118468.62,118405.28,118421.15,7.55516,118446.13899999992,118440.26999999997
2025-07-22 10:09:00,118421.16,118444.54,118302.01,118335.86,17.64469,118439.81599999992,118435.09599999998
2025-07-22 10:10:00,118335.86,118382.31,118335.85,118364.01,4.3208,118437.40599999992,118432.20249999997
2025-07-22 10:11:00,118364.0,118382.29,118364.0,118364.0,4.63374,118431.69999999991,118426.99799999998
2025-07-22 10:12:00,118364.0,118373.73,118345.25,118372.8,6.45738,118425.56599999992,118424.50899999996
2025-07-22 10:13:00,118372.8,118421.6,118360.0,118421.59,5.38103,118423.08599999994,118426.56249999996
2025-07-22 10:14:00,118421.6,118436.0,118404.41,118436.0,7.63766,118415.68699999995,118428.14699999995
2025-07-22 10:15:00,118436.44,118472.23,118420.0,118458.84,11.54785,118412.58299999994,118427.83649999995
2025-07-22 10:16:00,118458.83,118477.44,118440.01,118450.53,8.24761,118409.33899999995,118427.07049999994
2025-07-22 10:17:00,118450.54,118483.22,118408.44,118408.44,8.10976,118403.32199999993,118424.54849999995
2025-07-22 10:18:00,118408.44,118473.72,118408.44,118473.71,2.8107,118408.57799999994,118427.35849999994
2025-07-22 10:19:00,118473.72,118523.54,118473.71,118523.53,5.47402,118427.34499999993,118433.58049999995
2025-07-22 10:20:00,118523.54,118523.84,118500.0,118523.83,6.08823,118443.32699999993,118440.36649999996
2025-07-22 10:21:00,118523.83,118523.84,118500.87,118500.88,12.84261,118457.01499999994,118444.35749999995
2025-07-22 10:22:00,118500.87,118500.87,118360.0,118400.0,10.96851,118459.73499999994,118442.65049999995
2025-07-22 10:23:00,118400.0,118407.46,118386.83,118406.0,7.16794,118458.17599999993,118440.63099999994
2025-07-22 10:24:00,118405.99,118480.0,118405.99,118480.0,12.70953,118462.57599999993,118439.13149999993
2025-07-22 10:25:00,118480.0,118488.33,118448.57,118448.57,6.39922,118461.54899999993,118437.06599999992
2025-07-22 10:26:00,118448.57,118471.26,118421.88,118471.25,9.4575,118463.62099999993,118436.47999999991
2025-07-22 10:27:00,118471.25,118500.0,118450.3,118499.99,7.2135,118472.77599999993,118438.04899999993
2025-07-22 10:28:00,118499.99,118513.42,118499.99,118503.35,4.40842,118475.73999999995,118442.15899999994
2025-07-22 10:29:00,118503.36,118529.23,118503.36,118523.06,7.39619,118475.69299999994,118451.51899999994
2025-07-22 10:30:00,118523.07,118645.93,118523.07,118615.97,22.27575,118484.90699999993,118464.11699999997
2025-07-22 10:31:00,118615.98,118637.81,118576.28,118628.29,10.11035,118497.64799999996,118477.33149999997
2025-07-22 10:32:00,118628.28,118650.0,118628.28,118649.99,3.87967,118522.64699999995,118491.19099999999
2025-07-22 10:33:00,118649.99,118650.0,118638.14,118638.14,4.63279,118545.86099999995,118502.0185
2025-07-22 10:34:00,118638.14,118650.0,118638.14,118649.99,2.98558,118562.85999999994,118512.71800000002
2025-07-22 10:35:00,118649.99,118699.41,118649.99,118699.41,8.45924,118587.94399999993,118524.74650000004
2025-07-22 10:36:00,118699.4,118699.41,118640.79,118640.8,13.0783,118604.89899999993,118534.26000000004
2025-07-22 10:37:00,118640.8,118677.78,118640.0,118677.77,2.67592,118622.67699999994,118547.72650000003
2025-07-22 10:38:00,118677.78,118728.33,118677.77,118728.33,12.7502,118645.17499999993,118560.45750000005
2025-07-22 10:39:00,118728.32,118737.5,118728.32,118737.5,13.91273,118666.61899999992,118571.15600000005
2025-07-22 10:40:00,118737.49,118737.5,118728.13,118728.14,10.33677,118677.83599999992,118581.37150000005
2025-07-22 10:41:00,118728.13,118728.14,118728.11,118728.13,11.5421,118687.81999999992,118592.73400000005
2025-07-22 10:42:00,118728.13,118728.13,118717.07,118728.13,8.07952,118695.63399999993,118609.14050000005
2025-07-22 10:43:00,118728.13,118728.13,118720.85,118727.99,6.57512,118704.61899999995,118625.24000000006
2025-07-22 10:44:00,118728.0,118728.0,118727.99,118728.0,5.47519,118712.41999999995,118637.64000000006
2025-07-22 10:45:00,118727.99,118765.71,118727.99,118749.04,14.50057,118717.38299999996,118652.66350000007
2025-07-22 10:46:00,118749.05,118787.95,118746.1,118779.1,16.79358,118731.21299999996,118668.05600000007
2025-07-22 10:47:00,118779.1,118779.1,118766.0,118766.0,6.90403,118740.03599999996,118681.35650000007
2025-07-22 10:48:00,118766.0,118766.01,118705.73,118707.08,8.96268,118737.91099999996,118691.54300000006
2025-07-22 10:49:00,118707.09,118717.99,118707.08,118717.99,2.97898,118735.95999999996,118701.28950000007
2025-07-22 10:50:00,118717.98,118746.92,118717.98,118744.84,9.89824,118737.62999999998,118707.73300000005
2025-07-22 10:51:00,118744.84,118763.86,118744.84,118763.86,7.90203,118741.20300000001,118714.51150000005
2025-07-22 10:52:00,118763.86,118763.86,118737.58,118754.0,7.73909,118743.79,118719.71200000003
2025-07-22 10:53:00,118754.0,118754.0,118753.99,118754.0,6.00523,118746.39099999999,118725.50500000003
2025-07-22 10:54:00,118754.0,118858.0,118753.99,118840.01,36.89135,118757.59199999999,118735.00600000001
2025-07-22 10:55:00,118840.0,118933.07,118840.0,118876.84,40.80717,118770.372,118743.87749999999
2025-07-22 10:56:00,118876.83,118931.51,118876.83,118897.33,9.07645,118782.19499999999,118756.704
2025-07-22 10:57:00,118897.33,118906.77,118897.32,118897.34,6.15739,118795.329,118767.6825
2025-07-22 10:58:00,118897.34,118941.17,118897.34,118941.17,18.28012,118818.73799999998,118778.32449999999
2025-07-22 10:59:00,118941.17,118956.0,118939.99,118955.99,14.30613,118842.53799999999,118789.249
2025-07-22 11:00:00,118955.99,118959.96,118936.94,118957.99,21.07131,118863.85299999997,118800.7415
2025-07-22 11:01:00,118957.99,118959.95,118920.19,118950.0,26.39037,118882.46699999998,118811.835
2025-07-22 11:02:00,118950.0,118950.01,118909.23,118936.0,21.76202,118900.66699999997,118822.22850000001
2025-07-22 11:03:00,118935.99,118972.0,118935.99,118971.99,8.01048,118922.46599999997,118834.42850000001
2025-07-22 11:04:00,118971.99,118978.93,118913.43,118913.43,16.21875,118929.80799999996,118843.70000000003
2025-07-22 11:05:00,118913.44,119030.22,118913.43,119017.75,67.32065,118943.89899999995,118857.13550000002
2025-07-22 11:06:00,119017.75,119089.99,119017.75,119089.99,26.88811,118963.16499999995,118872.68000000002
2025-07-22 11:07:00,119089.98,119110.01,119089.98,119093.1,33.96627,118982.74099999995,118889.03500000003
2025-07-22 11:08:00,119093.11,119093.11,119064.96,119080.0,17.12011,118996.62399999995,118907.68100000003
2025-07-22 11:09:00,119080.0,119080.0,118909.23,118909.23,10.80806,118991.94799999995,118917.24300000002
2025-07-22 11:10:00,118909.24,118935.36,118909.23,118919.6,27.9531,118988.10899999997,118925.98100000003
2025-07-22 11:11:00,118919.6,118919.61,118784.0,118819.22,70.02391,118975.03099999996,118928.74900000004
2025-07-22 11:12:00,118819.21,118854.0,118819.21,118854.0,20.39775,118966.83099999996,118933.74900000004
2025-07-22 11:13:00,118854.0,118961.6,118854.0,118961.59,19.75644,118965.79099999997,118944.12850000004
2025-07-22 11:14:00,118961.6,118961.6,118925.73,118925.73,10.54069,118967.02099999998,118948.41450000004
2025-07-22 11:15:00,118925.72,118990.45,118925.72,118990.45,4.96119,118964.29099999997,118954.09500000006
2025-07-22 11:16:00,118990.44,118990.44,118971.37,118976.76,10.29395,118952.96799999996,118958.06650000004
2025-07-22 11:17:00,118976.75,118976.76,118962.96,118962.96,15.19172,118939.95399999995,118961.34750000006
2025-07-22 11:18:00,118962.96,118976.76,118944.69,118976.75,9.52903,118929.62899999996,118963.12650000006
2025-07-22 11:19:00,118976.75,118999.0,118962.98,118998.99,14.13107,118938.60499999995,118965.27650000007
2025-07-22 11:20:00,118998.99,118999.0,118967.61,118973.56,5.47105,118944.00099999996,118966.05500000005
2025-07-22 11:21:00,118973.56,118973.57,118958.56,118958.57,5.97434,118957.93599999996,118966.48350000005
2025-07-22 11:22:00,118958.56,118958.57,118958.56,118958.57,4.93978,118968.39299999997,118967.61200000004
2025-07-22 11:23:00,118958.56,118958.57,118925.03,118938.13,11.2422,118966.04699999998,118965.91900000002
2025-07-22 11:24:00,118938.14,118953.46,118931.03,118953.46,7.99189,118968.81999999998,118967.92050000001
2025-07-22 11:25:00,118953.45,119008.38,118953.45,119008.37,16.17239,118970.61199999996,118967.45150000001
2025-07-22 11:26:00,119008.37,119008.38,118970.0,118970.0,9.55654,118969.93599999996,118961.452
2025-07-22 11:27:00,118970.01,118975.6,118950.16,118950.18,13.14064,118968.65799999997,118954.30600000001
2025-07-22 11:28:00,118950.17,118972.92,118950.17,118972.92,11.91421,118968.27499999995,118948.952
2025-07-22 11:29:00,118972.92,119055.82,118972.91,119055.81,21.87681,118973.95699999997,118956.281
2025-07-22 11:30:00,119055.82,119076.0,119040.76,119070.33,14.30087,118983.63399999996,118963.8175
2025-07-22 11:31:00,119070.34,119070.34,118991.35,119015.84,14.61448,118989.36099999996,118973.64849999998
2025-07-22 11:32:00,119015.84,119033.85,118991.35,118991.35,15.7007,118992.63899999997,118980.51599999999
2025-07-22 11:33:00,118991.36,118996.22,118967.16,118967.17,7.54966,118995.54299999998,118980.795
2025-07-22 11:34:00,118967.16,118995.93,118967.16,118967.17,10.7493,118996.91399999996,118982.867
2025-07-22 11:35:00,118967.16,119010.59,118950.46,119010.59,16.48918,118997.13599999997,118983.87399999998
2025-07-22 11:36:00,119010.58,119015.35,118942.76,118942.76,13.40649,118994.41199999997,118982.17399999997
2025-07-22 11:37:00,118942.77,118942.77,118888.0,118888.0,24.75346,118988.19399999997,118978.42599999998
2025-07-22 11:38:00,118888.0,118904.03,118888.0,118904.03,11.34877,118981.30499999998,118974.78999999996
2025-07-22 11:39:00,118904.74,118950.6,118904.74,118950.6,14.96986,118970.78399999999,118972.37049999996
2025-07-22 11:40:00,118950.6,118975.99,118950.6,118957.56,19.1132,118959.50699999998,118971.57049999996
2025-07-22 11:41:00,118957.55,119015.0,118944.9,119014.99,26.80689,118959.42199999998,118974.39149999998
2025-07-22 11:42:00,119014.99,119061.75,118967.16,119061.74,11.87486,118966.46099999997,118979.55
2025-07-22 11:43:00,119061.74,119061.75,119024.88,119059.99,11.01208,118975.74299999997,118985.64300000001
2025-07-22 11:44:00,119059.99,119060.0,119046.48,119057.78,4.92546,118984.80399999997,118990.85900000001
2025-07-22 11:45:00,119057.77,119076.08,119054.0,119057.59,13.82016,118989.50399999999,118993.31999999999
2025-07-22 11:46:00,119057.78,119116.87,119057.77,119116.87,38.18806,119006.915,119000.6635
2025-07-22 11:47:00,119117.32,119188.3,119117.31,119187.76,23.76901,119036.89099999999,119012.54249999998
2025-07-22 11:48:00,119187.76,119187.76,119161.53,119166.88,8.28691,119063.17599999998,119022.24049999999
2025-07-22 11:49:00,119166.88,119166.95,119166.87,119166.94,14.25313,119084.80999999997,119027.79699999998
2025-07-22 11:50:00,119166.95,119167.45,119100.0,119100.0,10.89062,119099.05399999996,119029.28049999996
2025-07-22 11:51:00,119100.0,119129.6,119063.91,119129.6,11.21508,119110.51499999997,119034.96849999999
2025-07-22 11:52:00,119129.59,119150.0,119129.59,119134.34,14.58722,119117.77499999998,119042.11799999997
2025-07-22 11:53:00,119134.35,119150.0,119134.34,119150.0,10.27123,119126.77599999998,119051.25949999997
2025-07-22 11:54:00,119150.0,119150.0,119138.06,119138.06,5.70481,119134.80399999997,119059.80399999997
2025-07-22 11:55:00,119138.06,119138.07,119100.02,119112.24,10.9851,119140.26899999997,119064.8865
2025-07-22 11:56:00,119112.25,119138.07,119112.24,119138.06,13.12471,119142.38799999999,119074.6515
2025-07-22 11:57:00,119138.06,119147.9,119138.06,119147.9,3.90777,119138.40199999997,119087.6465
2025-07-22 11:58:00,119147.89,119150.0,119147.89,119150.0,4.97185,119136.71399999996,119099.94500000002
2025-07-22 11:59:00,119150.0,119159.86,119150.0,119154.99,6.99051,119135.51899999997,119110.16450000003
2025-07-22 12:00:00,119154.99,119174.74,119140.84,119152.75,14.57127,119140.79399999997,119119.92400000003
2025-07-22 12:01:00,119152.76,119152.76,119124.07,119124.08,4.78046,119140.24199999997,119125.37850000002
2025-07-22 12:02:00,119124.07,119124.08,119082.25,119082.25,6.68116,119135.03299999997,119126.40400000001
2025-07-22 12:03:00,119082.26,119097.55,119082.25,119097.54,9.10955,119129.78699999997,119128.2815
2025-07-22 12:04:00,119097.55,119187.0,119097.54,119186.99,14.16185,119134.67999999996,119134.74200000001
2025-07-22 12:05:00,119186.99,119239.55,119186.99,119239.55,47.49036,119147.41099999996,119143.84000000001
2025-07-22 12:06:00,119239.54,119300.0,119234.53,119252.77,19.8308,119158.88199999995,119150.63500000001
2025-07-22 12:07:00,119252.76,119252.76,119245.89,119245.89,6.5731,119168.68099999995,119153.54150000002
2025-07-22 12:08:00,119245.9,119245.9,119200.32,119211.32,14.39014,119174.81299999997,119155.76350000003
2025-07-22 12:09:00,119211.33,119211.33,119179.85,119179.86,11.16468,119177.29999999997,119156.40950000002
2025-07-22 12:10:00,119179.85,119180.0,119150.07,119179.99,7.81625,119180.02399999998,119160.40900000003
2025-07-22 12:11:00,119179.99,119218.87,119179.99,119218.86,6.95494,119189.50199999998,119164.87200000002
2025-07-22 12:12:00,119218.86,119229.88,119206.03,119229.87,9.32398,119204.26399999997,119169.64850000004
2025-07-22 12:13:00,119229.88,119229.88,119217.55,119217.55,6.0468,119216.26499999997,119173.02600000003
2025-07-22 12:14:00,119217.56,119235.0,119217.55,119234.99,3.27306,119221.06499999997,119177.87250000003
2025-07-22 12:15:00,119235.0,119235.0,119206.03,119206.03,14.17053,119217.71299999996,119182.562
2025-07-22 12:16:00,119206.03,119206.04,119191.97,119197.97,8.42059,119212.23299999996,119185.55750000002
2025-07-22 12:17:00,119197.97,119197.98,119194.0,119197.97,4.55016,119207.44099999996,119188.06100000003
2025-07-22 12:18:00,119197.97,119218.79,119165.98,119218.79,10.88814,119208.18799999997,119191.50050000004
2025-07-22 12:19:00,119218.8,119235.0,119218.79,119235.0,12.332,119213.70199999996,119195.50100000002
2025-07-22 12:20:00,119235.0,119244.29,119223.23,119241.72,14.61051,119219.87499999996,119199.94950000003
2025-07-22 12:21:00,119241.72,119241.72,119237.97,119237.97,11.59457,119221.78599999993,119205.64400000004
2025-07-22 12:22:00,119237.98,119251.93,119237.97,119250.0,12.1383,119223.79899999993,119214.03150000004
2025-07-22 12:23:00,119250.0,119250.43,119235.93,119235.93,13.27274,119225.63699999992,119220.95100000004
2025-07-22 12:24:00,119235.93,119250.0,119223.23,119250.0,13.01559,119227.13799999992,119224.10150000003
2025-07-22 12:25:00,119250.0,119256.82,119249.99,119256.82,11.90871,119232.21699999992,119224.96500000004
2025-07-22 12:26:00,119256.82,119265.13,119256.81,119265.13,11.01392,119238.93299999992,119225.58300000003
2025-07-22 12:27:00,119265.13,119265.95,119253.0,119253.0,14.73648,119244.43599999991,119225.93850000002
2025-07-22 12:28:00,119253.01,119261.44,119227.92,119227.92,14.57256,119245.3489999999,119226.76850000003
2025-07-22 12:29:00,119227.92,119233.89,119227.92,119233.89,7.51288,119245.2379999999,119229.47000000004
2025-07-22 12:30:00,119233.88,119233.89,119207.91,119207.91,11.52247,119241.85699999989,119230.86600000004
2025-07-22 12:31:00,119207.91,119207.92,119126.71,119140.85,15.18504,119232.1449999999,119226.96550000005
2025-07-22 12:32:00,119140.84,119140.84,119050.82,119050.82,10.68924,119212.22699999991,119218.01300000004
2025-07-22 12:33:00,119050.82,119115.0,119037.02,119115.0,22.11285,119200.13399999992,119212.88550000005
2025-07-22 12:34:00,119115.0,119160.0,119103.97,119160.0,16.88513,119191.13399999992,119209.13600000003
2025-07-22 12:35:00,119159.99,119290.0,119159.99,119290.0,10.50095,119194.4519999999,119213.33450000004
2025-07-22 12:36:00,119290.0,119357.79,119285.08,119357.79,37.37765,119203.71799999992,119221.32550000004
2025-07-22 12:37:00,119357.79,119380.14,119357.78,119374.0,58.65208,119215.81799999993,119230.12700000002
2025-07-22 12:38:00,119374.0,119374.0,119323.16,119353.0,37.357,119228.32599999993,119236.83750000002
2025-07-22 12:39:00,119353.0,119362.0,119309.98,119328.97,17.03559,119237.83399999994,119241.53600000004
2025-07-22 12:40:00,119328.97,119365.08,119328.97,119365.07,11.33781,119253.54999999996,119247.70350000002
2025-07-22 12:41:00,119365.08,119365.08,119352.22,119352.23,14.25408,119274.68799999994,119253.4165
2025-07-22 12:42:00,119352.23,119370.0,119342.77,119354.71,16.85022,119305.07699999993,119258.652
2025-07-22 12:43:00,119354.71,119369.42,119354.71,119365.09,9.47924,119330.08599999994,119265.10999999999
2025-07-22 12:44:00,119365.09,119372.0,119355.99,119371.99,12.328,119351.28499999995,119271.2095
2025-07-22 12:45:00,119372.0,119388.83,119363.6,119388.83,13.54182,119361.16799999995,119277.81000000001
2025-07-22 12:46:00,119388.82,119399.99,119388.82,119396.75,23.49008,119365.06399999994,119284.39100000002
2025-07-22 12:47:00,119396.74,119419.74,119396.74,119415.61,18.3731,119369.22499999995,119292.5215
2025-07-22 12:48:00,119415.61,119415.61,119244.0,119244.01,14.53853,119358.32599999996,119293.326
2025-07-22 12:49:00,119244.0,119280.0,119244.0,119280.0,13.60425,119353.42899999996,119295.63149999999
2025-07-22 12:50:00,119280.0,119280.0,119239.82,119280.0,28.51458,119344.92199999995,119299.23599999999
2025-07-22 12:51:00,119280.0,119306.48,119272.76,119290.48,17.86348,119338.74699999994,119306.71749999998
2025-07-22 12:52:00,119290.48,119303.46,119280.0,119301.99,11.74278,119333.47499999995,119319.276
2025-07-22 12:53:00,119301.99,119302.0,119275.12,119288.01,14.50227,119325.76699999995,119327.92649999999
2025-07-22 12:54:00,119288.34,119394.15,119288.34,119394.15,16.92853,119327.98299999993,119339.63399999999
2025-07-22 12:55:00,119394.15,119394.15,119328.07,119333.82,16.43391,119322.48199999993,119341.82499999998
2025-07-22 12:56:00,119333.82,119333.82,119291.24,119314.0,12.71272,119314.20699999994,119339.63549999997
2025-07-22 12:57:00,119313.99,119314.08,119299.83,119299.83,14.58095,119302.62899999993,119335.92699999998
2025-07-22 12:58:00,119299.84,119299.84,119261.62,119261.62,6.79495,119304.38999999994,119331.35799999998
2025-07-22 12:59:00,119261.62,119293.7,119239.82,119293.7,14.22096,119305.75999999994,119329.59449999998
2025-07-22 13:00:00,119293.7,119353.37,119293.69,119349.6,17.36356,119312.71999999994,119328.821
2025-07-22 13:01:00,119349.59,119355.0,119330.0,119354.99,21.62678,119319.17099999994,119328.959
2025-07-22 13:02:00,119355.0,119380.0,119354.99,119379.99,10.96303,119326.97099999995,119330.22300000003
2025-07-22 13:03:00,119380.0,119381.62,119283.68,119283.68,14.64898,119326.53799999994,119326.15250000004
2025-07-22 13:04:00,119283.68,119283.69,119187.79,119232.42,29.22263,119310.36499999995,119319.17400000003
2025-07-22 13:05:00,119232.43,119347.36,119232.42,119310.15,14.51906,119307.99799999993,119315.24000000002
2025-07-22 13:06:00,119310.15,119450.0,119310.15,119411.93,42.12441,119317.79099999992,119315.99900000003
2025-07-22 13:07:00,119411.94,119411.94,119324.31,119324.31,14.60032,119320.23899999991,119311.43400000004
2025-07-22 13:08:00,119324.32,119370.24,119314.52,119357.94,11.24419,119329.8709999999,119317.13050000004
2025-07-22 13:09:00,119357.94,119428.8,119357.94,119428.8,13.12738,119343.3809999999,119324.57050000003
2025-07-22 13:10:00,119428.8,119450.0,119345.2,119396.78,30.97446,119348.0989999999,119330.40950000002
2025-07-22 13:11:00,119396.78,119454.76,119387.83,119387.83,9.55587,119351.38299999991,119335.27700000003
2025-07-22 13:12:00,119387.84,119401.59,119324.2,119324.2,35.6392,119345.80399999992,119336.38750000003
2025-07-22 13:13:00,119324.21,119340.0,119307.75,119307.76,7.82284,119348.21199999991,119337.37500000003
2025-07-22 13:14:00,119307.75,119365.36,119307.75,119365.35,11.10092,119361.50499999993,119335.93500000003
2025-07-22 13:15:00,119365.35,119365.35,119342.07,119342.07,4.23706,119364.69699999996,119336.34750000003
2025-07-22 13:16:00,119342.08,119342.08,119275.45,119275.46,6.71541,119351.04999999996,119334.42050000004
2025-07-22 13:17:00,119275.45,119331.84,119275.45,119331.84,8.79845,119351.80299999996,119336.02100000002
2025-07-22 13:18:00,119331.83,119331.84,119230.04,119232.0,16.77615,119339.20899999996,119334.54000000001
2025-07-22 13:19:00,119232.01,119236.01,119223.23,119223.3,12.03998,119318.65899999996,119331.01999999999
2025-07-22 13:20:00,119223.3,119237.53,119202.82,119237.52,14.4495,119302.73299999996,119325.416
2025-07-22 13:21:00,119237.52,119237.53,119169.82,119169.83,7.60714,119280.93299999996,119316.15799999998
2025-07-22 13:22:00,119169.82,119181.72,119125.72,119125.72,17.93864,119261.08499999996,119303.44449999998
2025-07-22 13:23:00,119125.72,119149.24,119088.0,119149.24,18.36144,119245.23299999996,119296.72249999999
2025-07-22 13:24:00,119149.23,119249.64,119149.23,119249.64,18.28659,119233.66199999994,119297.5835
2025-07-22 13:25:00,119249.63,119249.64,119228.08,119228.08,10.2056,119222.26299999995,119293.48000000001
2025-07-22 13:26:00,119228.08,119241.91,119172.26,119172.26,6.67669,119211.94299999994,119281.49649999998
2025-07-22 13:27:00,119172.26,119172.27,119167.82,119167.83,3.76054,119195.54199999994,119273.67249999999
2025-07-22 13:28:00,119167.82,119207.87,119167.82,119175.66,7.23149,119189.90799999994,119264.5585
2025-07-22 13:29:00,119175.66,119196.0,119164.84,119196.0,8.89354,119187.17799999993,119252.9185
2025-07-22 13:30:00,119196.0,119231.69,119137.58,119200.45,28.11408,119183.47099999993,119243.10200000003
2025-07-22 13:31:00,119200.45,119205.69,119086.91,119086.92,16.36842,119175.1799999999,119228.05650000002
2025-07-22 13:32:00,119086.92,119088.7,118889.91,118893.08,42.59748,119151.91599999992,119206.50050000001
2025-07-22 13:33:00,118893.07,119010.59,118830.84,118994.89,55.56177,119136.48099999991,119190.85700000003
2025-07-22 13:34:00,118995.9,119040.0,118979.99,118979.99,22.66168,119109.51599999992,119171.58900000004
2025-07-22 13:35:00,118979.98,119128.09,118901.09,119126.0,27.68238,119099.30799999992,119160.78550000004
2025-07-22 13:36:00,119126.0,119162.66,119071.17,119134.33,25.45674,119095.51499999993,119153.72900000005
2025-07-22 13:37:00,119134.33,119188.0,119050.11,119060.0,34.13986,119084.73199999992,119140.13700000006
2025-07-22 13:38:00,119060.01,119173.48,119060.0,119173.47,12.3087,119084.51299999992,119137.21050000007
2025-07-22 13:39:00,119173.47,119265.77,119122.52,119244.37,18.22589,119089.3499999999,119138.26400000008
2025-07-22 13:40:00,119244.38,119326.46,119238.55,119326.46,9.96579,119101.95099999991,119142.71100000008
2025-07-22 13:41:00,119326.45,119399.0,119326.45,119398.99,17.64484,119133.15799999991,119154.16900000008
2025-07-22 13:42:00,119399.0,119534.53,119375.05,119499.99,92.66271,119193.8489999999,119172.8825000001
2025-07-22 13:43:00,119500.0,119573.53,119361.68,119376.4,67.9102,119231.99999999991,119184.24050000007
2025-07-22 13:44:00,119376.41,119472.0,119290.19,119464.0,31.60548,119280.40099999991,119194.95850000007
2025-07-22 13:45:00,119463.99,119464.0,119239.82,119240.02,28.03191,119291.80299999991,119195.55550000006
2025-07-22 13:46:00,119240.02,119240.02,119071.7,119072.5,23.96162,119285.61999999991,119190.56750000008
2025-07-22 13:47:00,119072.49,119109.2,119035.33,119035.33,12.2362,119283.1529999999,119183.94250000008
2025-07-22 13:48:00,119035.33,119044.91,118949.08,118949.08,31.01202,119260.71399999992,119172.61350000006
2025-07-22 13:49:00,118949.08,118980.32,118880.32,118880.33,18.10686,119224.30999999991,119156.83000000007
2025-07-22 13:50:00,118880.32,118940.0,118860.94,118920.0,25.46585,119183.66399999992,119142.80750000007
2025-07-22 13:51:00,118920.0,118947.74,118679.48,118689.99,45.67389,119112.76399999992,119122.96100000008
2025-07-22 13:52:00,118689.99,118700.17,118409.09,118479.91,62.31303,119010.7559999999,119102.30250000008
2025-07-22 13:53:00,118479.92,118517.82,118400.0,118412.26,39.29024,118914.34199999992,119073.17100000006
2025-07-22 13:54:00,118412.26,118423.68,118300.0,118300.01,63.84417,118797.94299999993,119039.17200000005
2025-07-22 13:55:00,118300.0,118342.45,118229.18,118326.49,42.75502,118706.58999999992,118999.19650000005
2025-07-22 13:56:00,118326.48,118359.29,118247.64,118335.46,77.70516,118632.88599999991,118959.25300000006
2025-07-22 13:57:00,118335.47,118420.0,118147.91,118242.24,80.1976,118553.5769999999,118918.36500000006
2025-07-22 13:58:00,118242.24,118288.0,118034.63,118066.4,109.51472,118465.30899999989,118863.01150000005
2025-07-22 13:59:00,118066.39,118158.07,118040.0,118147.82,53.92996,118392.05799999989,118808.18400000004
2025-07-22 14:00:00,118147.83,118147.83,117936.0,117938.87,52.04061,118293.94499999988,118738.80450000004
2025-07-22 14:01:00,117938.87,118000.0,117917.3,117929.18,27.46158,118217.86399999987,118665.31400000004
2025-07-22 14:02:00,117929.18,117931.54,117769.33,117785.92,76.33874,118148.46499999988,118579.61050000002
2025-07-22 14:03:00,117785.93,117810.19,117678.05,117678.05,29.75519,118075.04399999988,118494.69300000001
2025-07-22 14:04:00,117678.06,117731.07,117550.0,117689.57,56.39798,118013.99999999988,118405.97150000001
2025-07-22 14:05:00,117689.56,118006.25,117689.56,117919.06,101.50413,117973.2569999999,118339.9235
2025-07-22 14:06:00,117919.07,118076.49,117874.05,118059.99,49.36777,117945.70999999989,118289.29800000002
2025-07-22 14:07:00,118059.99,118151.33,118018.44,118067.64,31.10457,117928.24999999988,118240.91350000002
2025-07-22 14:08:00,118067.64,118242.37,118067.64,118184.71,15.44902,117940.08099999989,118202.69500000002
2025-07-22 14:09:00,118184.71,118240.0,118152.95,118213.84,16.78334,117946.68299999989,118169.3705
2025-07-22 14:10:00,118213.85,118300.14,118196.89,118294.91,14.93428,117982.2869999999,118138.11600000001
2025-07-22 14:11:00,118294.92,118373.37,118250.0,118250.0,22.64587,118014.3689999999,118116.1165
2025-07-22 14:12:00,118250.0,118319.36,118192.54,118307.63,18.2132,118066.53999999989,118107.50249999999
2025-07-22 14:13:00,118307.62,118415.5,118307.62,118415.49,8.23882,118140.2839999999,118107.66400000002
2025-07-22 14:14:00,118415.49,118483.24,118383.65,118406.91,39.66429,118212.01799999988,118113.00900000003
2025-07-22 14:15:00,118406.91,118539.53,118406.9,118468.16,12.78373,118266.92799999987,118120.09250000003
2025-07-22 14:16:00,118468.15,118562.03,118466.61,118544.24,10.86672,118315.35299999986,118130.53150000004
2025-07-22 14:17:00,118544.24,118550.0,118421.86,118445.6,14.53327,118353.14899999989,118140.69950000003
2025-07-22 14:18:00,118445.59,118445.59,118255.73,118268.97,13.80691,118361.57499999988,118150.82800000005
2025-07-22 14:19:00,118268.97,118312.35,118240.0,118240.01,8.46479,118364.19199999988,118155.43750000004
2025-07-22 14:20:00,118240.0,118309.58,118171.9,118307.18,22.08871,118365.41899999988,118173.85300000005
2025-07-22 14:21:00,118306.29,118396.0,118297.12,118364.12,11.51279,118376.83099999986,118195.60000000005
2025-07-22 14:22:00,118364.13,118414.15,118290.05,118414.14,6.2148,118387.48199999987,118227.01100000006
2025-07-22 14:23:00,118414.14,118456.05,118380.0,118456.04,15.71317,118391.53699999987,118265.91050000007
2025-07-22 14:24:00,118456.05,118486.25,118256.0,118256.0,28.27233,118376.44599999988,118294.23200000008
2025-07-22 14:25:00,118255.2,118319.36,118150.64,118297.19,17.82735,118359.34899999989,118313.13850000007
2025-07-22 14:26:00,118297.19,118297.2,118172.0,118205.13,5.72166,118325.4379999999,118320.39550000006
2025-07-22 14:27:00,118205.12,118267.09,118205.12,118267.08,7.26362,118307.5859999999,118330.36750000005
2025-07-22 14:28:00,118267.08,118379.99,118266.0,118379.99,10.80835,118318.6879999999,118340.13150000006
2025-07-22 14:29:00,118379.99,118438.13,118371.7,118438.12,9.07567,118338.49899999988,118351.34550000008
2025-07-22 14:30:00,118438.13,118438.13,118312.34,118397.59,9.20643,118347.53999999989,118356.47950000006
2025-07-22 14:31:00,118397.59,118539.39,118397.59,118513.57,15.18156,118362.4849999999,118369.65800000005
2025-07-22 14:32:00,118513.57,118513.57,118404.0,118404.0,4.43842,118361.4709999999,118374.47650000006
2025-07-22 14:33:00,118404.01,118552.0,118402.7,118521.7,14.81522,118368.0369999999,118379.78700000005
2025-07-22 14:34:00,118521.7,118555.37,118500.0,118539.18,18.42593,118396.3549999999,118386.40050000006
2025-07-22 14:35:00,118539.19,118670.0,118520.0,118670.0,32.41559,118433.6359999999,118396.49250000005
2025-07-22 14:36:00,118670.0,118698.84,118600.63,118691.72,26.8744,118482.2949999999,118403.86650000005
2025-07-22 14:37:00,118691.73,118743.36,118552.26,118589.99,17.71637,118514.5859999999,118411.08600000005
2025-07-22 14:38:00,118590.0,118686.4,118590.0,118604.93,5.85261,118537.07999999989,118427.88400000005
2025-07-22 14:39:00,118604.93,118671.47,118604.93,118625.52,7.49825,118555.81999999988,118447.15950000007
2025-07-22 14:40:00,118625.53,118635.54,118600.51,118604.1,3.91406,118576.47099999987,118462.00550000006
2025-07-22 14:41:00,118604.11,118692.0,118603.0,118692.0,14.37476,118594.31399999987,118478.39950000006
2025-07-22 14:42:00,118692.0,118700.0,118672.08,118674.53,5.30153,118621.36699999988,118491.41900000004
2025-07-22 14:43:00,118674.52,118746.11,118650.0,118746.11,7.01751,118643.80799999989,118505.92250000003
2025-07-22 14:44:00,118746.1,118788.0,118740.13,118742.13,10.98572,118664.10299999989,118530.22900000002
2025-07-22 14:45:00,118742.14,118900.0,118742.13,118811.51,42.77218,118678.25399999988,118555.94500000002
2025-07-22 14:46:00,118811.51,118822.0,118691.31,118691.31,9.85241,118678.2129999999,118580.25400000003
2025-07-22 14:47:00,118691.31,118739.65,118579.2,118739.65,10.90455,118693.17899999989,118603.88250000002
2025-07-22 14:48:00,118739.65,118740.0,118660.0,118660.0,6.40924,118698.6859999999,118617.883
2025-07-22 14:49:00,118660.01,118706.64,118658.12,118706.64,9.7078,118706.79799999988,118631.30900000001
2025-07-22 14:50:00,118706.65,118718.52,118592.22,118663.22,39.47291,118712.70999999988,118644.59050000002
2025-07-22 14:51:00,118663.23,118684.89,118587.53,118587.53,11.15439,118702.26299999988,118648.28850000002
2025-07-22 14:52:00,118587.16,118645.35,118587.16,118600.0,9.95924,118694.80999999987,118658.08850000003
2025-07-22 14:53:00,118600.01,118642.66,118593.65,118642.66,4.44281,118684.46499999985,118664.13650000002
2025-07-22 14:54:00,118642.65,118660.0,118638.23,118659.99,2.63866,118676.25099999986,118670.17700000003
2025-07-22 14:55:00,118660.0,118748.58,118630.18,118748.57,12.5891,118669.95699999986,118674.10550000002
2025-07-22 14:56:00,118748.58,118793.47,118714.66,118790.85,7.81661,118679.91099999988,118679.062
2025-07-22 14:57:00,118790.85,118993.68,118790.02,118982.88,53.40531,118704.2339999999,118698.7065
2025-07-22 14:58:00,118982.89,119100.88,118968.49,119009.26,47.3633,118739.15999999989,118718.92299999998
2025-07-22 14:59:00,119009.26,119140.14,119009.26,119060.0,54.44809,118774.4959999999,118740.64699999997
2025-07-22 15:00:00,119060.01,119082.58,118987.41,119082.58,36.75899,118816.43199999991,118764.57099999997
2025-07-22 15:01:00,119082.58,119085.7,119039.96,119064.65,27.4815,118864.1439999999,118783.20349999997
2025-07-22 15:02:00,119064.66,119116.41,119026.28,119116.41,28.67643,118915.78499999989,118805.29749999999
2025-07-22 15:03:00,119116.41,119120.0,119060.0,119119.99,9.08362,118963.5179999999,118823.9915
2025-07-22 15:04:00,119119.99,119158.06,119119.99,119131.53,19.35771,119010.6719999999,118843.4615
2025-07-22 15:05:00,119131.52,119158.06,118988.42,119010.01,27.85005,119036.8159999999,118853.3865
2025-07-22 15:06:00,119010.0,119080.0,119010.0,119054.0,17.33164,119063.13099999989,118871.521
2025-07-22 15:07:00,119054.0,119122.0,119033.7,119122.0,14.0934,119077.04299999987,118890.6385
2025-07-22 15:08:00,119121.99,119134.52,119093.1,119131.99,14.16573,119089.31599999988,118914.23800000001
2025-07-22 15:09:00,119132.0,119177.53,119129.6,119177.52,12.84577,119101.06799999988,118937.782
2025-07-22 15:10:00,119177.53,119177.53,119132.48,119175.55,15.32894,119110.36499999987,118963.39849999998
2025-07-22 15:11:00,119175.54,119175.55,119055.43,119055.43,10.94409,119109.44299999988,118986.7935
2025-07-22 15:12:00,119055.43,119077.84,118993.1,119077.84,10.79616,119105.5859999999,119010.68549999999
2025-07-22 15:13:00,119077.83,119077.84,119039.99,119057.89,11.15911,119099.37599999989,119031.447
2025-07-22 15:14:00,119057.89,119172.39,119040.37,119172.12,25.34512,119103.43499999987,119057.0535
2025-07-22 15:15:00,119172.13,119172.13,119080.0,119084.4,10.9396,119110.87399999987,119073.845
2025-07-22 15:16:00,119084.4,119100.0,119006.36,119006.36,13.61969,119106.10999999987,119084.62049999999
2025-07-22 15:17:00,119006.35,119037.78,118988.01,119036.87,8.99788,119097.59699999988,119087.31999999999
2025-07-22 15:18:00,119036.87,119109.93,119030.53,119043.52,18.07294,119088.74999999988,119089.03300000001
2025-07-22 15:19:00,119043.52,119134.76,119030.53,119134.75,5.58018,119084.47299999988,119092.77050000001
2025-07-22 15:20:00,119134.76,119136.49,118865.86,118880.32,28.97308,119054.94999999988,119082.6575
2025-07-22 15:21:00,118880.32,118992.18,118880.32,118992.17,13.38658,119048.62399999988,119079.03349999999
2025-07-22 15:22:00,118992.17,119047.03,118980.89,119047.03,8.03536,119045.54299999987,119075.56449999998
2025-07-22 15:23:00,119047.59,119094.52,118980.0,118997.77,13.27649,119039.53099999989,119069.45349999997
2025-07-22 15:24:00,118997.77,119020.0,118901.76,118901.76,22.09977,119012.49499999991,119057.96499999997
2025-07-22 15:25:00,118901.77,118938.7,118851.44,118851.44,12.40443,118989.1989999999,119050.03649999997
2025-07-22 15:26:00,118851.44,118851.45,118794.85,118842.75,7.74458,118972.8379999999,119039.47399999997
2025-07-22 15:27:00,118842.75,118908.0,118842.75,118867.71,16.3335,118955.92199999987,119026.75949999997
2025-07-22 15:28:00,118867.7,118889.86,118848.24,118879.99,2.45133,118939.56899999987,119014.15949999998
2025-07-22 15:29:00,118880.0,118880.0,118842.29,118873.1,3.61919,118913.4039999999,118998.93849999997
2025-07-22 15:30:00,118873.1,118873.11,118821.41,118821.41,4.94829,118907.51299999988,118981.2315
2025-07-22 15:31:00,118821.41,118821.41,118712.0,118712.0,7.64219,118879.49599999988,118964.05999999998
2025-07-22 15:32:00,118712.01,118740.0,118690.38,118740.0,12.57714,118848.79299999987,118947.16799999999
