Symbol,Datetime,Open,High,Low,Close,Volume
EURUSD.sml,2022-09-27,0.96088,0.96703,0.95687,0.9593,226631
EURUSD.sml,2022-09-28,0.95873,0.97505,0.95354,0.97361,302861
EURUSD.sml,2022-09-29,0.97323,0.98144,0.96352,0.98136,252441
EURUSD.sml,2022-09-30,0.98124,0.98534,0.97341,0.9801,261311
EURUSD.sml,2022-10-03,0.97946,0.98442,0.97523,0.98244,213695
EURUSD.sml,2022-10-04,0.98252,0.99993,0.98055,0.9987,215138
EURUSD.sml,2022-10-05,0.99851,0.99946,0.98341,0.98844,185151
EURUSD.sml,2022-10-06,0.98804,0.9926,0.97878,0.97913,197529
EURUSD.sml,2022-10-07,0.97888,0.98164,0.97257,0.97401,201325
EURUSD.sml,2022-10-10,0.9732,0.97527,0.96812,0.97039,153446
EURUSD.sml,2022-10-11,0.97007,0.97743,0.96696,0.97028,213127
EURUSD.sml,2022-10-12,0.97035,0.97342,0.96674,0.97028,194693
EURUSD.sml,2022-10-13,0.96993,0.98056,0.9631,0.97787,269863
EURUSD.sml,2022-10-14,0.97707,0.98083,0.97064,0.9717,235010
EURUSD.sml,2022-10-17,0.97222,0.98517,0.97182,0.98441,173565
EURUSD.sml,2022-10-18,0.98373,0.98753,0.98123,0.98583,174963
EURUSD.sml,2022-10-19,0.98523,0.98722,0.97568,0.9772,166651
EURUSD.sml,2022-10-20,0.97707,0.98452,0.97539,0.97879,181374
EURUSD.sml,2022-10-21,0.97825,0.98688,0.97043,0.98586,292648
EURUSD.sml,2022-10-24,0.98651,0.98988,0.98064,0.98729,241187
EURUSD.sml,2022-10-25,0.98737,0.99764,0.98483,0.99665,138085
EURUSD.sml,2022-10-26,0.99624,1.00883,0.99428,1.0084,155832
EURUSD.sml,2022-10-27,1.00762,1.00932,0.99572,0.99638,201914
EURUSD.sml,2022-10-28,0.99635,0.99976,0.99256,0.99645,172042
EURUSD.sml,2022-10-31,0.99498,0.99654,0.98724,0.98822,120416
EURUSD.sml,2022-11-01,0.98762,0.99535,0.98524,0.98735,159368
EURUSD.sml,2022-11-02,0.98786,0.99756,0.98125,0.98145,191690
EURUSD.sml,2022-11-03,0.98148,0.98392,0.97296,0.97491,166579
EURUSD.sml,2022-11-04,0.97481,0.99661,0.97418,0.99576,211605
EURUSD.sml,2022-11-07,0.99011,1.00339,0.98998,1.00206,159459
EURUSD.sml,2022-11-08,1.00166,1.0096,0.99712,1.00726,120961
EURUSD.sml,2022-11-09,1.00719,1.00878,0.99924,1.00111,173439
EURUSD.sml,2022-11-10,1.00063,1.02215,0.9935,1.02067,227094
EURUSD.sml,2022-11-11,1.02016,1.03637,1.01626,1.03514,220570
EURUSD.sml,2022-11-14,1.03344,1.03581,1.02708,1.03263,179173
EURUSD.sml,2022-11-15,1.03259,1.04807,1.02796,1.03476,281320
EURUSD.sml,2022-11-16,1.03476,1.0438,1.03303,1.03933,214080
EURUSD.sml,2022-11-17,1.03888,1.04062,1.03048,1.03643,173424
EURUSD.sml,2022-11-18,1.03588,1.03956,1.03132,1.03221,138882
EURUSD.sml,2022-11-21,1.03234,1.03326,1.0222,1.02407,137045
EURUSD.sml,2022-11-22,1.02401,1.03078,1.0237,1.03021,114063
EURUSD.sml,2022-11-23,1.03024,1.04047,1.02961,1.03946,145870
EURUSD.sml,2022-11-24,1.03956,1.04479,1.03813,1.04108,98427
EURUSD.sml,2022-11-25,1.04073,1.04287,1.03541,1.0394,116271
EURUSD.sml,2022-11-28,1.0372,1.04965,1.03295,1.03399,166792
EURUSD.sml,2022-11-29,1.03375,1.03939,1.03196,1.0328,168604
EURUSD.sml,2022-11-30,1.03304,1.04283,1.02898,1.04052,194874
EURUSD.sml,2022-12-01,1.04066,1.05334,1.03927,1.05253,208256
EURUSD.sml,2022-12-02,1.05217,1.05446,1.04279,1.05396,190634
EURUSD.sml,2022-12-05,1.05309,1.05945,1.05032,1.05091,126312
EURUSD.sml,2022-12-06,1.05045,1.05324,1.04589,1.04664,97701
EURUSD.sml,2022-12-07,1.04632,1.05493,1.04427,1.05059,157400
EURUSD.sml,2022-12-08,1.05045,1.05645,1.0489,1.05547,138202
EURUSD.sml,2022-12-09,1.05524,1.0588,1.05027,1.0532,150208
EURUSD.sml,2022-12-12,1.05301,1.05797,1.05053,1.05371,128573
EURUSD.sml,2022-12-13,1.05335,1.06728,1.05276,1.06311,185154
EURUSD.sml,2022-12-14,1.06312,1.06948,1.06184,1.06811,211509
EURUSD.sml,2022-12-15,1.06797,1.07361,1.05919,1.06252,166170
EURUSD.sml,2022-12-16,1.06263,1.06627,1.05827,1.05832,154519
EURUSD.sml,2022-12-19,1.05874,1.06576,1.05754,1.06072,122368
EURUSD.sml,2022-12-20,1.06045,1.06582,1.05785,1.06203,205875
EURUSD.sml,2022-12-21,1.06263,1.06443,1.05898,1.06044,137451
EURUSD.sml,2022-12-22,1.06043,1.06589,1.05728,1.0596700000000001,133024
EURUSD.sml,2022-12-23,1.0593,1.06325,1.0586,1.06157,128969
EURUSD.sml,2022-12-27,1.06354,1.06692,1.06109,1.06372,98723
EURUSD.sml,2022-12-28,1.0638,1.06741,1.06058,1.06114,116316
EURUSD.sml,2022-12-29,1.06053,1.06902,1.06053,1.06601,107726
EURUSD.sml,2022-12-30,1.06587,1.07128,1.0638,1.07014,134638
EURUSD.sml,2023-01-02,1.06927,1.07067,1.06499,1.06612,31264
EURUSD.sml,2023-01-03,1.06661,1.06828,1.0519,1.05485,184495
EURUSD.sml,2023-01-04,1.05465,1.06348,1.05399,1.06039,181096
EURUSD.sml,2023-01-05,1.06024,1.0631,1.05146,1.05209,159302
EURUSD.sml,2023-01-06,1.05215,1.06476,1.04814,1.06432,167852
EURUSD.sml,2023-01-09,1.06396,1.07603,1.06333,1.07326,136312
EURUSD.sml,2023-01-10,1.07279,1.07589,1.07114,1.07333,132401
EURUSD.sml,2023-01-11,1.07325,1.0776,1.07249,1.07572,112789
EURUSD.sml,2023-01-12,1.07545,1.0866500000000001,1.0728,1.08508,217587
EURUSD.sml,2023-01-13,1.08437,1.0867499999999999,1.07798,1.08314,145926
EURUSD.sml,2023-01-16,1.08291,1.08738,1.08009,1.08231,90376
EURUSD.sml,2023-01-17,1.0821,1.0869,1.07739,1.07875,160453
EURUSD.sml,2023-01-18,1.07874,1.0887,1.07654,1.07934,211874
EURUSD.sml,2023-01-19,1.07905,1.08396,1.07817,1.08305,152355
EURUSD.sml,2023-01-20,1.08272,1.08586,1.08018,1.08547,115434
EURUSD.sml,2023-01-23,1.08634,1.09265,1.08458,1.08714,141933
EURUSD.sml,2023-01-24,1.08706,1.08977,1.08348,1.08877,125548
EURUSD.sml,2023-01-25,1.08859,1.09233,1.08568,1.09145,130315
EURUSD.sml,2023-01-26,1.09162,1.09293,1.08502,1.0890900000000001,130667
EURUSD.sml,2023-01-27,1.08904,1.09,1.08373,1.08672,112418
EURUSD.sml,2023-01-30,1.08634,1.09135,1.08389,1.08512,122176
EURUSD.sml,2023-01-31,1.08473,1.08746,1.08017,1.08624,135849
EURUSD.sml,2023-02-01,1.08619,1.10008,1.08518,1.09889,170336
EURUSD.sml,2023-02-02,1.0985800000000001,1.10326,1.08849,1.09091,188199
EURUSD.sml,2023-02-03,1.09089,1.09399,1.0792,1.07933,179845
EURUSD.sml,2023-02-06,1.07831,1.07988,1.0709,1.07244,132273
EURUSD.sml,2023-02-07,1.07262,1.07663,1.06688,1.07268,188115
EURUSD.sml,2023-02-08,1.07226,1.0760399999999999,1.0709,1.07138,120604
EURUSD.sml,2023-02-09,1.07101,1.07906,1.0708199999999999,1.07383,133098
EURUSD.sml,2023-02-10,1.07353,1.07524,1.06658,1.06769,147535
EURUSD.sml,2023-02-13,1.06807,1.07296,1.06551,1.07237,108673
EURUSD.sml,2023-02-14,1.07189,1.08044,1.07064,1.07352,214076
EURUSD.sml,2023-02-15,1.07367,1.07442,1.06601,1.06878,145874
EURUSD.sml,2023-02-16,1.06866,1.07221,1.06539,1.06724,168156
EURUSD.sml,2023-02-17,1.06706,1.0698,1.06122,1.06931,137668
EURUSD.sml,2023-02-20,1.0685,1.07043,1.06697,1.06839,75402
EURUSD.sml,2023-02-21,1.06841,1.0698,1.06371,1.0646,147407
EURUSD.sml,2023-02-22,1.06459,1.06638,1.05986,1.06037,153685
EURUSD.sml,2023-02-23,1.06042,1.06275,1.0576699999999999,1.05944,128293
EURUSD.sml,2023-02-24,1.05923,1.06139,1.05358,1.05452,155341
EURUSD.sml,2023-02-27,1.05473,1.06196,1.05324,1.06092,118608
EURUSD.sml,2023-02-28,1.06031,1.0645,1.05737,1.05745,124344
EURUSD.sml,2023-03-01,1.0572,1.06911,1.05648,1.06685,162375
EURUSD.sml,2023-03-02,1.06677,1.06725,1.05761,1.05964,147281
EURUSD.sml,2023-03-03,1.0596700000000001,1.06384,1.05878,1.06336,127611
EURUSD.sml,2023-03-06,1.06235,1.06942,1.06218,1.0683,117849
EURUSD.sml,2023-03-07,1.06725,1.06944,1.05456,1.05487,164098
EURUSD.sml,2023-03-08,1.05484,1.05737,1.05239,1.05424,123878
EURUSD.sml,2023-03-09,1.05438,1.05909,1.05373,1.05818,112434
EURUSD.sml,2023-03-10,1.05778,1.07006,1.05734,1.06381,230235
EURUSD.sml,2023-03-13,1.0683799999999999,1.07481,1.06499,1.0731,322163
EURUSD.sml,2023-03-14,1.07263,1.07492,1.06782,1.07333,237839
EURUSD.sml,2023-03-15,1.07357,1.07595,1.05156,1.0575,263192
EURUSD.sml,2023-03-16,1.05744,1.06353,1.05503,1.0612,249252
EURUSD.sml,2023-03-17,1.06062,1.06849,1.06057,1.06647,170229
EURUSD.sml,2023-03-20,1.06876,1.07305,1.06307,1.07233,180520
EURUSD.sml,2023-03-21,1.07178,1.07882,1.07035,1.07689,117780
EURUSD.sml,2023-03-22,1.07661,1.09119,1.07586,1.0855299999999999,149691
EURUSD.sml,2023-03-23,1.08573,1.09296,1.08237,1.08316,150497
EURUSD.sml,2023-03-24,1.0830899999999999,1.08383,1.07127,1.07591,162709
EURUSD.sml,2023-03-27,1.07742,1.07998,1.07445,1.07988,105177
EURUSD.sml,2023-03-28,1.07959,1.08483,1.07941,1.0845,95091
EURUSD.sml,2023-03-29,1.08421,1.08714,1.08172,1.08447,94427
EURUSD.sml,2023-03-30,1.0843,1.0926,1.08231,1.09055,101819
EURUSD.sml,2023-03-31,1.09054,1.09253,1.08364,1.08412,108462
EURUSD.sml,2023-04-03,1.08404,1.09163,1.07878,1.09024,111265
EURUSD.sml,2023-04-04,1.09017,1.0973,1.08822,1.09562,108123
EURUSD.sml,2023-04-05,1.09493,1.09694,1.08907,1.0907,101722
EURUSD.sml,2023-04-06,1.09005,1.09373,1.08841,1.09207,80329
EURUSD.sml,2023-04-07,1.09194,1.09237,1.08759,1.08986,26913
EURUSD.sml,2023-04-10,1.09004,1.0917,1.0830899999999999,1.08608,61683
EURUSD.sml,2023-04-11,1.08602,1.09278,1.08578,1.09127,84833
EURUSD.sml,2023-04-12,1.09099,1.10001,1.09086,1.099,102983
EURUSD.sml,2023-04-13,1.09901,1.10673,1.09762,1.10467,87049
EURUSD.sml,2023-04-14,1.10458,1.10756,1.0972,1.09939,101825
EURUSD.sml,2023-04-17,1.09885,1.09994,1.09088,1.09269,89220
EURUSD.sml,2023-04-18,1.09226,1.09826,1.09213,1.09733,79917
EURUSD.sml,2023-04-19,1.09711,1.09837,1.09168,1.09555,89819
EURUSD.sml,2023-04-20,1.09539,1.09895,1.09332,1.097,93946
EURUSD.sml,2023-04-21,1.09656,1.09935,1.09375,1.09888,91885
EURUSD.sml,2023-04-24,1.09888,1.10498,1.09656,1.10452,80461
EURUSD.sml,2023-04-25,1.10453,1.10667,1.09637,1.09744,94402
EURUSD.sml,2023-04-26,1.09712,1.10953,1.09665,1.10401,121093
EURUSD.sml,2023-04-27,1.104,1.10631,1.09917,1.10286,103679
EURUSD.sml,2023-04-28,1.10226,1.10446,1.09621,1.10163,136304
EURUSD.sml,2023-05-01,1.10182,1.10353,1.09639,1.09766,78095
EURUSD.sml,2023-05-02,1.09713,1.10076,1.09416,1.09995,107209
EURUSD.sml,2023-05-03,1.10013,1.10914,1.09984,1.10603,125096
EURUSD.sml,2023-05-04,1.10564,1.10914,1.09857,1.10128,139149
EURUSD.sml,2023-05-05,1.10103,1.10475,1.09663,1.10181,98168
EURUSD.sml,2023-05-08,1.1020699999999999,1.10533,1.09997,1.10036,69263
EURUSD.sml,2023-05-09,1.10021,1.10044,1.09407,1.09601,79231
EURUSD.sml,2023-05-10,1.09605,1.10066,1.09412,1.09827,101688
EURUSD.sml,2023-05-11,1.09801,1.09978,1.08997,1.09152,108002
EURUSD.sml,2023-05-12,1.0915,1.09352,1.08476,1.08493,85355
EURUSD.sml,2023-05-15,1.08531,1.08906,1.08451,1.08742,73009
EURUSD.sml,2023-05-16,1.08744,1.09043,1.08546,1.08615,85498
EURUSD.sml,2023-05-17,1.08611,1.08733,1.08098,1.08385,86546
EURUSD.sml,2023-05-18,1.08391,1.08478,1.07621,1.07706,82388
EURUSD.sml,2023-05-19,1.07682,1.08285,1.07594,1.08058,101105
EURUSD.sml,2023-05-22,1.08056,1.0831,1.0795,1.08124,86518
EURUSD.sml,2023-05-23,1.08096,1.08203,1.07598,1.07702,95881
EURUSD.sml,2023-05-24,1.07696,1.0801,1.07477,1.07489,103571
EURUSD.sml,2023-05-25,1.0749,1.07564,1.07068,1.07245,97380
EURUSD.sml,2023-05-26,1.07249,1.07583,1.07013,1.07243,94942
EURUSD.sml,2023-05-29,1.07203,1.07432,1.0705,1.07086,36404
EURUSD.sml,2023-05-30,1.07093,1.07463,1.0672,1.07336,94943
EURUSD.sml,2023-05-31,1.07265,1.07353,1.06347,1.06882,110384
EURUSD.sml,2023-06-01,1.06837,1.07681,1.06614,1.07618,104030
EURUSD.sml,2023-06-02,1.07618,1.0778699999999999,1.07048,1.0707200000000001,91080
EURUSD.sml,2023-06-05,1.07071,1.07221,1.06741,1.07114,80291
EURUSD.sml,2023-06-06,1.07136,1.07325,1.06665,1.06917,79429
EURUSD.sml,2023-06-07,1.06929,1.07394,1.06679,1.06981,78860
EURUSD.sml,2023-06-08,1.06984,1.07868,1.06936,1.07821,82165
EURUSD.sml,2023-06-09,1.07813,1.0784799999999999,1.07425,1.07489,71343
EURUSD.sml,2023-06-12,1.07467,1.07898,1.07327,1.07575,73457
EURUSD.sml,2023-06-13,1.07548,1.08232,1.07529,1.07929,96418
EURUSD.sml,2023-06-14,1.07936,1.0864,1.07736,1.08312,101655
EURUSD.sml,2023-06-15,1.08292,1.09523,1.08033,1.0945,95302
EURUSD.sml,2023-06-16,1.09427,1.09704,1.09174,1.09412,87393
EURUSD.sml,2023-06-19,1.09412,1.09459,1.09068,1.09204,51876
EURUSD.sml,2023-06-20,1.09202,1.09458,1.08916,1.09174,83738
EURUSD.sml,2023-06-21,1.09147,1.09905,1.09053,1.0986,95805
EURUSD.sml,2023-06-22,1.09853,1.10118,1.09481,1.09551,92728
EURUSD.sml,2023-06-23,1.09556,1.09585,1.08438,1.08951,99152
EURUSD.sml,2023-06-26,1.08968,1.09199,1.08869,1.09044,72439
EURUSD.sml,2023-06-27,1.09062,1.09763,1.09016,1.09604,87344
EURUSD.sml,2023-06-28,1.09579,1.09623,1.08964,1.0912,91426
EURUSD.sml,2023-06-29,1.09113,1.0941,1.08598,1.08637,95956
EURUSD.sml,2023-06-30,1.08624,1.09315,1.08349,1.09095,97031
EURUSD.sml,2023-07-03,1.09085,1.09337,1.08698,1.09138,75351
EURUSD.sml,2023-07-04,1.091,1.09161,1.08763,1.08776,42200
EURUSD.sml,2023-07-05,1.08799,1.09076,1.08506,1.08527,80128
EURUSD.sml,2023-07-06,1.08549,1.09003,1.08331,1.08917,112377
EURUSD.sml,2023-07-07,1.08874,1.09729,1.08666,1.09679,106983
EURUSD.sml,2023-07-10,1.09587,1.10011,1.0943,1.10005,78559
EURUSD.sml,2023-07-11,1.10008,1.1027,1.09766,1.10081,74379
EURUSD.sml,2023-07-12,1.1002,1.11401,1.10012,1.1131,102484
EURUSD.sml,2023-07-13,1.11305,1.12276,1.11267,1.12257,97799
EURUSD.sml,2023-07-14,1.12128,1.12446,1.12037,1.12249,96368
EURUSD.sml,2023-07-17,1.12276,1.12486,1.12029,1.12391,76041
EURUSD.sml,2023-07-18,1.12329,1.12754,1.12085,1.12277,114702
EURUSD.sml,2023-07-19,1.12241,1.12397,1.1174,1.12024,108346
EURUSD.sml,2023-07-20,1.1198,1.12287,1.1118,1.11293,102804
EURUSD.sml,2023-07-21,1.11275,1.11446,1.11074,1.1125099999999999,91796
EURUSD.sml,2023-07-24,1.11274,1.11471,1.10603,1.10648,242681
EURUSD.sml,2023-07-25,1.10623,1.1087,1.10208,1.10549,88169
EURUSD.sml,2023-07-26,1.10532,1.11065,1.10374,1.10858,121888
EURUSD.sml,2023-07-27,1.10776,1.11494,1.09654,1.09758,152251
EURUSD.sml,2023-07-28,1.09749,1.10472,1.09432,1.10134,152779
EURUSD.sml,2023-07-31,1.10142,1.10455,1.09932,1.09974,98546
EURUSD.sml,2023-08-01,1.09946,1.10026,1.0952,1.09843,92629
EURUSD.sml,2023-08-02,1.09814,1.1019700000000001,1.09176,1.09381,118658
EURUSD.sml,2023-08-03,1.09371,1.09625,1.09119,1.09493,125959
EURUSD.sml,2023-08-04,1.09419,1.10417,1.0933,1.10045,118923
EURUSD.sml,2023-08-07,1.10121,1.10164,1.0965,1.1002399999999999,77601
EURUSD.sml,2023-08-08,1.10022,1.10109,1.09287,1.0956,94224
EURUSD.sml,2023-08-09,1.09509,1.0995,1.0950199999999999,1.09732,85701
EURUSD.sml,2023-08-10,1.09729,1.10648,1.09669,1.09801,119646
EURUSD.sml,2023-08-11,1.09792,1.10046,1.09425,1.09447,98617
EURUSD.sml,2023-08-14,1.09488,1.09599,1.08744,1.09066,94923
EURUSD.sml,2023-08-15,1.091,1.09522,1.08964,1.09039,110385
EURUSD.sml,2023-08-16,1.09025,1.09344,1.08713,1.08789,101114
EURUSD.sml,2023-08-17,1.08853,1.09182,1.08562,1.08721,99984
EURUSD.sml,2023-08-18,1.08647,1.08937,1.08447,1.08681,87207
EURUSD.sml,2023-08-21,1.08718,1.09135,1.08694,1.0895299999999999,79612
EURUSD.sml,2023-08-22,1.0890900000000001,1.09301,1.08327,1.08463,77806
EURUSD.sml,2023-08-23,1.08437,1.08713,1.08022,1.08625,96613
EURUSD.sml,2023-08-24,1.0863,1.08764,1.08047,1.08099,83817
EURUSD.sml,2023-08-25,1.08091,1.08417,1.0765500000000001,1.07935,101136
EURUSD.sml,2023-08-28,1.0796000000000001,1.0822,1.07929,1.0818699999999999,63388
EURUSD.sml,2023-08-29,1.08148,1.08917,1.0782,1.08785,92307
EURUSD.sml,2023-08-30,1.0872600000000001,1.09452,1.08549,1.09229,94379
EURUSD.sml,2023-08-31,1.09213,1.09394,1.08348,1.08429,93397
EURUSD.sml,2023-09-01,1.08374,1.08819,1.0771600000000001,1.07729,103771
EURUSD.sml,2023-09-04,1.07764,1.08086,1.07713,1.07962,40650
EURUSD.sml,2023-09-05,1.07906,1.07981,1.07059,1.07213,82685
EURUSD.sml,2023-09-06,1.0722,1.07486,1.07022,1.07267,85839
EURUSD.sml,2023-09-07,1.07218,1.07315,1.06859,1.06954,73277
EURUSD.sml,2023-09-08,1.06978,1.07435,1.06938,1.06969,68570
EURUSD.sml,2023-09-11,1.07146,1.0759,1.07058,1.07498,69816
EURUSD.sml,2023-09-12,1.07442,1.0769,1.07053,1.0756000000000001,67275
EURUSD.sml,2023-09-13,1.07504,1.07647,1.07109,1.07293,98718
EURUSD.sml,2023-09-14,1.07283,1.0752,1.06317,1.06437,105584
EURUSD.sml,2023-09-15,1.06337,1.06875,1.0633,1.06578,82782
EURUSD.sml,2023-09-18,1.06593,1.06985,1.06544,1.06914,59042
EURUSD.sml,2023-09-19,1.06824,1.07178,1.06748,1.06786,64413
EURUSD.sml,2023-09-20,1.06771,1.07365,1.06498,1.06595,95070
EURUSD.sml,2023-09-21,1.06572,1.0673300000000001,1.06164,1.06606,99012
EURUSD.sml,2023-09-22,1.06558,1.06715,1.06147,1.06432,85227
EURUSD.sml,2023-09-25,1.065,1.06554,1.05749,1.05928,71785
EURUSD.sml,2023-09-26,1.05922,1.06088,1.05619,1.05715,74962
EURUSD.sml,2023-09-27,1.05676,1.05739,1.04877,1.05021,91277
EURUSD.sml,2023-09-28,1.05049,1.05786,1.04908,1.05661,109307
EURUSD.sml,2023-09-29,1.05575,1.06169,1.05564,1.05732,107858
EURUSD.sml,2023-10-02,1.0572,1.05919,1.0478,1.0478,126508
EURUSD.sml,2023-10-03,1.04788,1.04936,1.04484,1.04669,151440
EURUSD.sml,2023-10-04,1.04681,1.05325,1.04515,1.05039,137141
EURUSD.sml,2023-10-05,1.05033,1.05519,1.0500099999999999,1.0551,145770
EURUSD.sml,2023-10-06,1.05485,1.06002,1.04825,1.05865,173341
EURUSD.sml,2023-10-09,1.05572,1.05745,1.05195,1.0567,128680
EURUSD.sml,2023-10-10,1.05609,1.062,1.05544,1.06047,160725
EURUSD.sml,2023-10-11,1.06044,1.06348,1.05827,1.06182,152892
EURUSD.sml,2023-10-12,1.06156,1.064,1.05257,1.05285,147577
EURUSD.sml,2023-10-13,1.05317,1.05587,1.04954,1.05088,150459
EURUSD.sml,2023-10-16,1.05132,1.05628,1.05103,1.05593,109314
EURUSD.sml,2023-10-17,1.056,1.0594999999999999,1.05329,1.05762,132256
EURUSD.sml,2023-10-18,1.05788,1.05944,1.05232,1.05359,136271
EURUSD.sml,2023-10-19,1.05342,1.06168,1.05282,1.05813,182323
EURUSD.sml,2023-10-20,1.05841,1.06038,1.0565,1.05947,129301
EURUSD.sml,2023-10-23,1.05966,1.0678,1.05716,1.06685,120049
EURUSD.sml,2023-10-24,1.06699,1.06948,1.0583,1.0591,128570
EURUSD.sml,2023-10-25,1.05882,1.06068,1.05657,1.05662,121166
EURUSD.sml,2023-10-26,1.05682,1.05735,1.05214,1.05638,145953
EURUSD.sml,2023-10-27,1.05622,1.05971,1.05353,1.05652,122974
EURUSD.sml,2023-10-30,1.05696,1.06254,1.05472,1.06151,105953
EURUSD.sml,2023-10-31,1.06181,1.0675,1.05575,1.05743,140442
EURUSD.sml,2023-11-01,1.05748,1.05807,1.05167,1.0569,169027
EURUSD.sml,2023-11-02,1.05705,1.06678,1.05669,1.06224,129734
EURUSD.sml,2023-11-03,1.06198,1.07469,1.06149,1.07286,143908
EURUSD.sml,2023-11-06,1.07258,1.07564,1.07165,1.07177,97922
EURUSD.sml,2023-11-07,1.07164,1.07224,1.06642,1.06999,112675
EURUSD.sml,2023-11-08,1.07006,1.07162,1.06593,1.07093,111384
EURUSD.sml,2023-11-09,1.07073,1.07256,1.06602,1.06681,135860
EURUSD.sml,2023-11-10,1.06668,1.06929,1.06562,1.06847,112250
EURUSD.sml,2023-11-13,1.06842,1.07063,1.06651,1.06993,92948
EURUSD.sml,2023-11-14,1.06969,1.08875,1.06929,1.08792,138578
EURUSD.sml,2023-11-15,1.08785,1.08862,1.08316,1.08476,131363
EURUSD.sml,2023-11-16,1.08506,1.08958,1.08299,1.08528,120459
EURUSD.sml,2023-11-17,1.08484,1.09143,1.08249,1.09122,120122
EURUSD.sml,2023-11-20,1.09107,1.0952,1.08975,1.09401,112704
EURUSD.sml,2023-11-21,1.09394,1.09653,1.09001,1.09108,123762
EURUSD.sml,2023-11-22,1.09124,1.0923,1.08523,1.08886,126166
EURUSD.sml,2023-11-23,1.08881,1.0930900000000001,1.08822,1.09065,71370
EURUSD.sml,2023-11-24,1.09056,1.09489,1.08951,1.09398,96189
EURUSD.sml,2023-11-27,1.09452,1.09593,1.09249,1.09546,106795
EURUSD.sml,2023-11-28,1.09544,1.1009,1.09345,1.09952,136020
EURUSD.sml,2023-11-29,1.0993,1.10173,1.09601,1.09698,144310
EURUSD.sml,2023-11-30,1.09714,1.0984099999999999,1.08794,1.08883,154640
EURUSD.sml,2023-12-01,1.08862,1.09129,1.08288,1.08826,167476
EURUSD.sml,2023-12-04,1.08788,1.08952,1.08041,1.08364,152442
EURUSD.sml,2023-12-05,1.08355,1.08476,1.07781,1.07982,159220
EURUSD.sml,2023-12-06,1.07939,1.08049,1.07587,1.07644,132946
EURUSD.sml,2023-12-07,1.07686,1.08179,1.07551,1.0793,165560
EURUSD.sml,2023-12-08,1.07944,1.08008,1.07237,1.0761,181490
EURUSD.sml,2023-12-11,1.07587,1.07791,1.07417,1.07645,116184
EURUSD.sml,2023-12-12,1.07626,1.08281,1.07602,1.07946,138801
EURUSD.sml,2023-12-13,1.07932,1.08967,1.07732,1.08751,167435
EURUSD.sml,2023-12-14,1.0877,1.10094,1.0873599999999999,1.09917,230263
EURUSD.sml,2023-12-15,1.09957,1.1004,1.08885,1.08942,183826
EURUSD.sml,2023-12-18,1.08977,1.09312,1.08921,1.09236,119675
EURUSD.sml,2023-12-19,1.09188,1.09876,1.09148,1.0981,136205
EURUSD.sml,2023-12-20,1.09809,1.09853,1.09298,1.09434,134613
EURUSD.sml,2023-12-21,1.09404,1.10128,1.09353,1.10122,158462
EURUSD.sml,2023-12-22,1.10103,1.10404,1.09939,1.10145,147445
EURUSD.sml,2023-12-26,1.10079,1.10452,1.10079,1.10419,70827
EURUSD.sml,2023-12-27,1.1042399999999999,1.11229,1.10284,1.11065,85943
EURUSD.sml,2023-12-28,1.11044,1.11396,1.10552,1.10625,124499
EURUSD.sml,2023-12-29,1.10636,1.10845,1.10341,1.10372,124148
EURUSD.sml,2024-01-02,1.10439,1.10452,1.09383,1.09407,130997
EURUSD.sml,2024-01-03,1.0946,1.09655,1.0893,1.0922,159369
EURUSD.sml,2024-01-04,1.09171,1.09724,1.0916,1.0945,135799
EURUSD.sml,2024-01-05,1.09487,1.09987,1.08769,1.09423,186239
EURUSD.sml,2024-01-08,1.09487,1.09789,1.09226,1.09506,124877
EURUSD.sml,2024-01-09,1.09586,1.09665,1.09103,1.09313,130931
EURUSD.sml,2024-01-10,1.09292,1.0973,1.0923,1.09726,112793
EURUSD.sml,2024-01-11,1.0971,1.09995,1.09303,1.09735,188650
EURUSD.sml,2024-01-12,1.09695,1.0987,1.0936,1.09505,148572
EURUSD.sml,2024-01-15,1.09475,1.09676,1.09335,1.09503,82969
EURUSD.sml,2024-01-16,1.09489,1.09511,1.08621,1.08756,173320
EURUSD.sml,2024-01-17,1.08737,1.08846,1.08446,1.08822,150557
EURUSD.sml,2024-01-18,1.08824,1.09069,1.08467,1.08762,150732
EURUSD.sml,2024-01-19,1.08747,1.0898,1.08657,1.08976,123283
EURUSD.sml,2024-01-22,1.08929,1.09096,1.088,1.08826,104296
EURUSD.sml,2024-01-23,1.08844,1.09162,1.08217,1.08537,115774
EURUSD.sml,2024-01-24,1.08483,1.09325,1.08483,1.08841,143672
EURUSD.sml,2024-01-25,1.08849,1.09021,1.08216,1.08473,153239
EURUSD.sml,2024-01-26,1.08438,1.08864,1.0813,1.08547,126264
EURUSD.sml,2024-01-29,1.08435,1.08503,1.07959,1.08334,100094
EURUSD.sml,2024-01-30,1.08342,1.08574,1.0812,1.08456,117362
EURUSD.sml,2024-01-31,1.08419,1.08877,1.0795,1.08175,213335
EURUSD.sml,2024-02-01,1.08172,1.0875,1.078,1.08718,167719
EURUSD.sml,2024-02-02,1.0872600000000001,1.08976,1.07805,1.0787,140504
EURUSD.sml,2024-02-05,1.0786,1.07874,1.07233,1.07418,122084
EURUSD.sml,2024-02-06,1.07419,1.07625,1.07227,1.07537,115678
EURUSD.sml,2024-02-07,1.0754299999999999,1.07841,1.07512,1.07734,112243
EURUSD.sml,2024-02-08,1.0772599999999999,1.07889,1.07416,1.07782,100706
EURUSD.sml,2024-02-09,1.07775,1.07955,1.07622,1.07853,110072
EURUSD.sml,2024-02-12,1.07842,1.08057,1.0756000000000001,1.07719,81336
EURUSD.sml,2024-02-13,1.07734,1.07986,1.07006,1.07093,121810
EURUSD.sml,2024-02-14,1.07101,1.07346,1.0695000000000001,1.07277,108181
EURUSD.sml,2024-02-15,1.07271,1.07849,1.07248,1.07725,106890
EURUSD.sml,2024-02-16,1.07706,1.07876,1.07321,1.07778,111369
EURUSD.sml,2024-02-19,1.07741,1.07896,1.07621,1.07796,56083
EURUSD.sml,2024-02-20,1.0779,1.0839,1.07617,1.08078,108839
EURUSD.sml,2024-02-21,1.0807,1.08246,1.079,1.08198,109155
EURUSD.sml,2024-02-22,1.08192,1.08886,1.08028,1.08232,121210
EURUSD.sml,2024-02-23,1.08228,1.08397,1.08119,1.08211,102337
EURUSD.sml,2024-02-26,1.08312,1.08599,1.0812599999999999,1.08513,85906
EURUSD.sml,2024-02-27,1.08486,1.0866,1.0833,1.08453,90558
EURUSD.sml,2024-02-28,1.08457,1.08476,1.07967,1.0838700000000001,98697
EURUSD.sml,2024-02-29,1.08374,1.0856,1.07959,1.0805,132767
EURUSD.sml,2024-03-01,1.08022,1.08433,1.07982,1.08397,118753
EURUSD.sml,2024-03-04,1.084,1.08669,1.08378,1.08558,83689
EURUSD.sml,2024-03-05,1.08561,1.08762,1.08403,1.08568,98297
EURUSD.sml,2024-03-06,1.08581,1.09155,1.08422,1.08991,116466
EURUSD.sml,2024-03-07,1.08976,1.09493,1.08678,1.09484,114807
EURUSD.sml,2024-03-08,1.09464,1.09813,1.09192,1.09389,133289
EURUSD.sml,2024-03-11,1.09436,1.09482,1.09145,1.09254,82551
EURUSD.sml,2024-03-12,1.09226,1.0944099999999999,1.09023,1.09262,116173
EURUSD.sml,2024-03-13,1.09266,1.09639,1.09201,1.0948,81771
EURUSD.sml,2024-03-14,1.09535,1.09549,1.08807,1.08837,97770
EURUSD.sml,2024-03-15,1.08847,1.08997,1.0873,1.08876,86829
EURUSD.sml,2024-03-18,1.08908,1.09062,1.08662,1.08724,62817
EURUSD.sml,2024-03-19,1.08746,1.08766,1.08347,1.08659,94311
EURUSD.sml,2024-03-20,1.08664,1.09229,1.08365,1.09222,112371
EURUSD.sml,2024-03-21,1.09208,1.09427,1.08555,1.08599,113016
EURUSD.sml,2024-03-22,1.08598,1.08683,1.08017,1.08077,83506
EURUSD.sml,2024-03-25,1.08089,1.08426,1.08022,1.08375,59390
EURUSD.sml,2024-03-26,1.08376,1.08643,1.08243,1.08312,76841
EURUSD.sml,2024-03-27,1.08315,1.08392,1.08109,1.08279,71873
EURUSD.sml,2024-03-28,1.08254,1.0828,1.07751,1.07877,81369
EURUSD.sml,2024-03-29,1.07883,1.08058,1.07682,1.07932,113952
EURUSD.sml,2024-04-01,1.07917,1.07989,1.0731,1.07431,62772
EURUSD.sml,2024-04-02,1.07409,1.07792,1.07246,1.07697,75533
EURUSD.sml,2024-04-03,1.07704,1.08369,1.07641,1.08363,77930
EURUSD.sml,2024-04-04,1.08345,1.08767,1.08319,1.08375,72583
EURUSD.sml,2024-04-05,1.08401,1.08479,1.07914,1.08375,99044
EURUSD.sml,2024-04-08,1.08383,1.08623,1.08209,1.08594,72091
EURUSD.sml,2024-04-09,1.08576,1.08851,1.08477,1.08569,67822
EURUSD.sml,2024-04-10,1.08572,1.0866500000000001,1.07288,1.07425,119703
EURUSD.sml,2024-04-11,1.07443,1.07567,1.06992,1.07261,114244
EURUSD.sml,2024-04-12,1.07286,1.07295,1.06226,1.06414,99253
EURUSD.sml,2024-04-15,1.0637,1.06652,1.06202,1.06244,107275
EURUSD.sml,2024-04-16,1.06244,1.06538,1.0601099999999999,1.06189,124913
EURUSD.sml,2024-04-17,1.06194,1.06796,1.06061,1.06728,107079
EURUSD.sml,2024-04-18,1.0673,1.069,1.06415,1.06439,89922
EURUSD.sml,2024-04-19,1.06451,1.0677699999999999,1.06105,1.06565,140222
EURUSD.sml,2024-04-22,1.06538,1.06708,1.0624,1.06539,74896
EURUSD.sml,2024-04-23,1.06544,1.07113,1.06386,1.07025,88956
EURUSD.sml,2024-04-24,1.07031,1.07144,1.0678,1.06991,74220
EURUSD.sml,2024-04-25,1.06966,1.07401,1.06784,1.07301,94602
EURUSD.sml,2024-04-26,1.07294,1.0753,1.0674,1.06931,94870
EURUSD.sml,2024-04-29,1.0694,1.07339,1.06903,1.072,149620
EURUSD.sml,2024-04-30,1.07223,1.07356,1.06649,1.06661,130061
EURUSD.sml,2024-05-01,1.06663,1.07329,1.06495,1.07139,143283
EURUSD.sml,2024-05-02,1.0713,1.07303,1.06743,1.07249,131553
EURUSD.sml,2024-05-03,1.07257,1.08127,1.07244,1.07631,150761
EURUSD.sml,2024-05-06,1.0764,1.0790899999999999,1.07552,1.07703,77594
EURUSD.sml,2024-05-07,1.07683,1.07875,1.0748,1.07551,89154
EURUSD.sml,2024-05-08,1.07542,1.07577,1.07351,1.07483,76594
EURUSD.sml,2024-05-09,1.0749900000000001,1.07847,1.0724,1.07819,87465
EURUSD.sml,2024-05-10,1.07826,1.07902,1.0760399999999999,1.07707,84309
EURUSD.sml,2024-05-13,1.0773,1.0807,1.07658,1.079,80704
EURUSD.sml,2024-05-14,1.07898,1.08258,1.07671,1.08198,93261
EURUSD.sml,2024-05-15,1.082,1.08861,1.08131,1.0884,111065
EURUSD.sml,2024-05-16,1.08852,1.08951,1.08545,1.08673,93405
EURUSD.sml,2024-05-17,1.0867,1.08786,1.08358,1.08694,77464
EURUSD.sml,2024-05-20,1.08685,1.08846,1.08542,1.08569,75086
EURUSD.sml,2024-05-21,1.08574,1.08749,1.08427,1.08541,89178
EURUSD.sml,2024-05-22,1.0855299999999999,1.08637,1.08176,1.08223,94521
EURUSD.sml,2024-05-23,1.08231,1.08611,1.08049,1.08159,122844
EURUSD.sml,2024-05-24,1.08149,1.0858,1.08057,1.08466,84242
EURUSD.sml,2024-05-27,1.08505,1.08676,1.08407,1.08576,48537
EURUSD.sml,2024-05-28,1.08597,1.0889199999999999,1.08549,1.08568,98535
EURUSD.sml,2024-05-29,1.08582,1.08608,1.08001,1.08007,108704
EURUSD.sml,2024-05-30,1.08032,1.08453,1.07884,1.08322,106564
EURUSD.sml,2024-05-31,1.08305,1.08825,1.08114,1.08486,122698
EURUSD.sml,2024-06-03,1.08498,1.09049,1.08279,1.09042,111604
EURUSD.sml,2024-06-04,1.09037,1.09162,1.0859,1.08792,126766
EURUSD.sml,2024-06-05,1.08813,1.08917,1.08545,1.08694,105892
EURUSD.sml,2024-06-06,1.08713,1.09021,1.0862,1.08895,105023
EURUSD.sml,2024-06-07,1.0891,1.09045,1.07994,1.08017,128987
EURUSD.sml,2024-06-10,1.07698,1.07817,1.07329,1.07658,104918
EURUSD.sml,2024-06-11,1.07648,1.07737,1.07196,1.07405,101887
EURUSD.sml,2024-06-12,1.07398,1.08524,1.07346,1.08094,166521
EURUSD.sml,2024-06-13,1.08084,1.08165,1.0733,1.07384,121819
EURUSD.sml,2024-06-14,1.07365,1.07451,1.06676,1.07046,146137
EURUSD.sml,2024-06-17,1.07053,1.07379,1.06865,1.0734,109734
EURUSD.sml,2024-06-18,1.07336,1.07616,1.07101,1.074,112283
EURUSD.sml,2024-06-19,1.074,1.07535,1.07249,1.0744,69686
EURUSD.sml,2024-06-20,1.07442,1.07489,1.0702,1.07027,103029
EURUSD.sml,2024-06-21,1.07023,1.07207,1.06711,1.06928,112859
EURUSD.sml,2024-06-24,1.06898,1.07465,1.06837,1.07344,102461
EURUSD.sml,2024-06-25,1.07327,1.07444,1.06907,1.0714299999999999,93479
EURUSD.sml,2024-06-26,1.0712,1.07182,1.06661,1.06803,111726
EURUSD.sml,2024-06-27,1.06804,1.07266,1.06772,1.07039,109545
EURUSD.sml,2024-06-28,1.07058,1.07249,1.06856,1.0713300000000001,139944
EURUSD.sml,2024-07-01,1.07441,1.07766,1.07197,1.07402,130499
EURUSD.sml,2024-07-02,1.07384,1.07473,1.071,1.07455,112600
EURUSD.sml,2024-07-03,1.07456,1.08169,1.07364,1.07874,109004
EURUSD.sml,2024-07-04,1.07847,1.0814,1.07837,1.08122,65946
EURUSD.sml,2024-07-05,1.08127,1.08428,1.08009,1.08384,122210
EURUSD.sml,2024-07-08,1.08053,1.08452,1.08053,1.08247,113060
EURUSD.sml,2024-07-09,1.08245,1.08335,1.08055,1.08139,110307
EURUSD.sml,2024-07-10,1.08145,1.08308,1.0811,1.08303,97737
EURUSD.sml,2024-07-11,1.08296,1.09001,1.08281,1.0868,178390
EURUSD.sml,2024-07-12,1.08669,1.09115,1.08618,1.09071,167350
EURUSD.sml,2024-07-15,1.08851,1.09225,1.08834,1.08945,150911
EURUSD.sml,2024-07-16,1.0895299999999999,1.09057,1.08716,1.08986,143626
EURUSD.sml,2024-07-17,1.08995,1.09483,1.08952,1.09398,168574
EURUSD.sml,2024-07-18,1.09391,1.09411,1.08937,1.08961,162566
EURUSD.sml,2024-07-19,1.08996,1.0902,1.08758,1.08824,150420
EURUSD.sml,2024-07-22,1.0885,1.0903,1.08732,1.08906,142977
EURUSD.sml,2024-07-23,1.08903,1.08969,1.08439,1.08531,132420
EURUSD.sml,2024-07-24,1.08538,1.08667,1.08257,1.08395,163263
EURUSD.sml,2024-07-25,1.08408,1.08701,1.08284,1.08451,199672
EURUSD.sml,2024-07-26,1.08461,1.08683,1.08422,1.08558,145965
EURUSD.sml,2024-07-29,1.08594,1.08701,1.08029,1.08215,143102
EURUSD.sml,2024-07-30,1.08226,1.08359,1.07982,1.0814300000000001,150379
EURUSD.sml,2024-07-31,1.08147,1.08496,1.0802,1.0826,215141
EURUSD.sml,2024-08-01,1.0824799999999999,1.08355,1.07775,1.07915,213941
EURUSD.sml,2024-08-02,1.07915,1.09267,1.07818,1.09111,274464
EURUSD.sml,2024-08-05,1.09214,1.1009,1.08927,1.09514,455532
EURUSD.sml,2024-08-06,1.09495,1.09632,1.09038,1.09315,309111
EURUSD.sml,2024-08-07,1.09291,1.09367,1.09054,1.09237,226872
EURUSD.sml,2024-08-08,1.09215,1.09453,1.08815,1.09189,219972
EURUSD.sml,2024-08-09,1.09167,1.09315,1.09091,1.09156,162390
EURUSD.sml,2024-08-12,1.09171,1.09395,1.09102,1.09323,132809
EURUSD.sml,2024-08-13,1.09306,1.09998,1.09139,1.09929,155034
EURUSD.sml,2024-08-14,1.09893,1.10476,1.09831,1.10126,158540
EURUSD.sml,2024-08-15,1.1013,1.1016,1.09497,1.09714,146500
EURUSD.sml,2024-08-16,1.09718,1.10299,1.09709,1.1028,130741
EURUSD.sml,2024-08-19,1.10279,1.10867,1.10229,1.10853,146870
EURUSD.sml,2024-08-20,1.10828,1.11305,1.1072,1.113,167910
EURUSD.sml,2024-08-21,1.11276,1.11742,1.10993,1.11501,176807
EURUSD.sml,2024-08-22,1.1149,1.11652,1.10982,1.11114,164719
EURUSD.sml,2024-08-23,1.11125,1.12009,1.11056,1.11929,179373
EURUSD.sml,2024-08-26,1.11906,1.12018,1.11502,1.11612,173448
EURUSD.sml,2024-08-27,1.1161699999999999,1.11907,1.115,1.11845,151390
EURUSD.sml,2024-08-28,1.11832,1.11857,1.1105,1.11201,173157
EURUSD.sml,2024-08-29,1.11203,1.11401,1.10557,1.10781,191552
EURUSD.sml,2024-08-30,1.10771,1.10952,1.10439,1.10474,184021
EURUSD.sml,2024-09-02,1.10483,1.10775,1.10421,1.10725,105632
EURUSD.sml,2024-09-03,1.10698,1.1073,1.10264,1.10436,189253
EURUSD.sml,2024-09-04,1.1042399999999999,1.10952,1.10397,1.10832,184678
EURUSD.sml,2024-09-05,1.10835,1.11198,1.10748,1.11107,187861
EURUSD.sml,2024-09-06,1.11101,1.11557,1.10658,1.10856,258925
EURUSD.sml,2024-09-09,1.10832,1.1091199999999999,1.10339,1.10352,155081
EURUSD.sml,2024-09-10,1.10371,1.10498,1.10152,1.10194,139869
EURUSD.sml,2024-09-11,1.10196,1.1055,1.10021,1.10114,203363
EURUSD.sml,2024-09-12,1.10135,1.10752,1.10056,1.1075,174938
EURUSD.sml,2024-09-13,1.10738,1.1102,1.10705,1.10765,172376
EURUSD.sml,2024-09-16,1.10803,1.11377,1.10758,1.11327,150284
EURUSD.sml,2024-09-17,1.1132900000000001,1.11464,1.11108,1.11142,178548
EURUSD.sml,2024-09-18,1.11153,1.11894,1.10967,1.11178,233502
EURUSD.sml,2024-09-19,1.11165,1.1179000000000001,1.10686,1.1161699999999999,242564
EURUSD.sml,2024-09-20,1.11629,1.1182,1.11362,1.11635,206623
EURUSD.sml,2024-09-23,1.11632,1.11674,1.10832,1.11109,191022
EURUSD.sml,2024-09-24,1.11163,1.1181,1.11035,1.11799,173483
EURUSD.sml,2024-09-25,1.11799,1.12142,1.11217,1.11326,179233
EURUSD.sml,2024-09-26,1.11334,1.11895,1.11258,1.11767,209957
EURUSD.sml,2024-09-27,1.11765,1.12032,1.11248,1.11644,234242
EURUSD.sml,2024-09-30,1.11603,1.12091,1.11137,1.11351,211837
EURUSD.sml,2024-10-01,1.1132,1.11443,1.10459,1.10678,249775
EURUSD.sml,2024-10-02,1.1069,1.1083,1.10328,1.10455,199198
EURUSD.sml,2024-10-03,1.10483,1.10497,1.10084,1.103,218813
EURUSD.sml,2024-10-04,1.10326,1.10397,1.09513,1.09747,199587
EURUSD.sml,2024-10-07,1.09672,1.0987,1.09543,1.09745,194834
EURUSD.sml,2024-10-08,1.09752,1.09974,1.0961,1.09806,185482
EURUSD.sml,2024-10-09,1.09764,1.09811,1.09363,1.094,165887
EURUSD.sml,2024-10-10,1.09383,1.09552,1.09001,1.09373,204279
EURUSD.sml,2024-10-11,1.09291,1.09539,1.09262,1.0937000000000001,131973
EURUSD.sml,2024-10-14,1.09328,1.09368,1.08883,1.09089,124305
EURUSD.sml,2024-10-15,1.0907499999999999,1.09169,1.0882,1.08915,148780
EURUSD.sml,2024-10-16,1.08922,1.09017,1.08533,1.08622,145958
EURUSD.sml,2024-10-17,1.08612,1.08742,1.08112,1.08308,173611
EURUSD.sml,2024-10-18,1.08298,1.08697,1.08254,1.08674,136155
EURUSD.sml,2024-10-21,1.08616,1.08718,1.08111,1.08145,140657
EURUSD.sml,2024-10-22,1.08176,1.08382,1.07927,1.07989,147508
EURUSD.sml,2024-10-23,1.07982,1.08069,1.07613,1.07824,161059
EURUSD.sml,2024-10-24,1.07834,1.083,1.07705,1.0828,178734
EURUSD.sml,2024-10-25,1.08267,1.08395,1.07931,1.07961,144827
EURUSD.sml,2024-10-28,1.07941,1.08277,1.07822,1.08119,157906
EURUSD.sml,2024-10-29,1.08149,1.0826500000000001,1.0769,1.08183,188002
EURUSD.sml,2024-10-30,1.08163,1.08716,1.08081,1.08569,191590
EURUSD.sml,2024-10-31,1.08567,1.08883,1.08443,1.08839,213376
EURUSD.sml,2024-11-01,1.08852,1.09059,1.08318,1.08336,188757
EURUSD.sml,2024-11-04,1.08827,1.09149,1.087,1.08771,184457
EURUSD.sml,2024-11-05,1.08808,1.09367,1.08727,1.09298,138859
EURUSD.sml,2024-11-06,1.09283,1.09374,1.06826,1.0729,469929
EURUSD.sml,2024-11-07,1.07286,1.08249,1.0713,1.08033,246391
EURUSD.sml,2024-11-08,1.08047,1.08056,1.06869,1.07186,213757
EURUSD.sml,2024-11-11,1.07104,1.07281,1.06287,1.06559,158951
EURUSD.sml,2024-11-12,1.06541,1.06632,1.0594999999999999,1.06239,193648
EURUSD.sml,2024-11-13,1.06228,1.06546,1.05558,1.05645,229029
EURUSD.sml,2024-11-14,1.05632,1.05826,1.04963,1.05302,232042
EURUSD.sml,2024-11-15,1.05296,1.05932,1.05165,1.05394,230948
EURUSD.sml,2024-11-18,1.05307,1.06074,1.05304,1.05983,180064
EURUSD.sml,2024-11-19,1.05987,1.06013,1.05235,1.05963,231621
EURUSD.sml,2024-11-20,1.05943,1.06099,1.05068,1.05437,176319
EURUSD.sml,2024-11-21,1.05428,1.05551,1.04622,1.04739,198306
EURUSD.sml,2024-11-22,1.04743,1.04982,1.03321,1.04204,242226
EURUSD.sml,2024-11-25,1.04786,1.05304,1.04491,1.04965,236767
EURUSD.sml,2024-11-26,1.04941,1.05449,1.04251,1.04895,268293
EURUSD.sml,2024-11-27,1.04876,1.05878,1.04745,1.05667,237203
EURUSD.sml,2024-11-28,1.05654,1.05698,1.05276,1.05552,156106
EURUSD.sml,2024-11-29,1.05521,1.05974,1.05416,1.05779,240058
EURUSD.sml,2024-12-02,1.05688,1.05709,1.04606,1.04978,280542
EURUSD.sml,2024-12-03,1.04986,1.05352,1.04806,1.05095,212669
EURUSD.sml,2024-12-04,1.05067,1.05443,1.04724,1.05103,231249
EURUSD.sml,2024-12-05,1.05112,1.05898,1.0508,1.05877,185602
EURUSD.sml,2024-12-06,1.05882,1.06301,1.05424,1.05674,194677
EURUSD.sml,2024-12-09,1.05591,1.05945,1.05322,1.05539,167871
EURUSD.sml,2024-12-10,1.05551,1.05684,1.04986,1.05274,172252
EURUSD.sml,2024-12-11,1.05276,1.05395,1.04803,1.04959,213795
EURUSD.sml,2024-12-12,1.04963,1.0531,1.04639,1.04666,226262
EURUSD.sml,2024-12-13,1.04703,1.05243,1.04533,1.05025,181540
EURUSD.sml,2024-12-16,1.04895,1.05249,1.04747,1.05118,172258
EURUSD.sml,2024-12-17,1.05112,1.05345,1.04792,1.04917,179315
EURUSD.sml,2024-12-18,1.04926,1.05129,1.0344,1.03498,217519
EURUSD.sml,2024-12-19,1.03538,1.04225,1.03476,1.03631,257521
EURUSD.sml,2024-12-20,1.03646,1.04476,1.03432,1.0431300000000001,222780
EURUSD.sml,2024-12-23,1.04321,1.04462,1.03843,1.04065,141307
EURUSD.sml,2024-12-24,1.04103,1.04107,1.03836,1.03966,93608
EURUSD.sml,2024-12-26,1.0404,1.04302,1.03906,1.0423,108034
EURUSD.sml,2024-12-27,1.04205,1.04442,1.04052,1.04268,123295
EURUSD.sml,2024-12-30,1.04317,1.04584,1.03719,1.04067,143310
EURUSD.sml,2024-12-31,1.0403,1.04246,1.0344,1.03532,158477
EURUSD.sml,2025-01-02,1.03551,1.0376,1.02243,1.02671,203757
EURUSD.sml,2025-01-03,1.02605,1.031,1.02604,1.0309,153289
EURUSD.sml,2025-01-06,1.03058,1.04371,1.02956,1.039,245030
EURUSD.sml,2025-01-07,1.03856,1.04346,1.03397,1.03401,203370
EURUSD.sml,2025-01-08,1.03426,1.03578,1.02733,1.03194,215766
EURUSD.sml,2025-01-09,1.03167,1.03216,1.02836,1.02996,146391
EURUSD.sml,2025-01-10,1.03006,1.03121,1.02131,1.02443,224426
EURUSD.sml,2025-01-13,1.02405,1.02501,1.01779,1.02437,208366
EURUSD.sml,2025-01-14,1.02468,1.03087,1.02386,1.03079,215960
EURUSD.sml,2025-01-15,1.03057,1.03548,1.02584,1.02905,196027
EURUSD.sml,2025-01-16,1.02876,1.03152,1.02608,1.0302,203046
EURUSD.sml,2025-01-17,1.02978,1.03309,1.02654,1.02729,181720
EURUSD.sml,2025-01-20,1.02833,1.04346,1.02665,1.0417,218279
EURUSD.sml,2025-01-21,1.04145,1.04356,1.03419,1.04276,267392
EURUSD.sml,2025-01-22,1.04269,1.04575,1.03922,1.04099,191315
EURUSD.sml,2025-01-23,1.04125,1.04381,1.03722,1.04156,210823
EURUSD.sml,2025-01-24,1.04163,1.05216,1.04117,1.0495,221521
EURUSD.sml,2025-01-27,1.04809,1.05334,1.0454,1.0492,230717
EURUSD.sml,2025-01-28,1.0493,1.04941,1.04139,1.04311,215510
EURUSD.sml,2025-01-29,1.04292,1.04439,1.03824,1.04201,220933
EURUSD.sml,2025-01-30,1.04198,1.04679,1.03862,1.03926,191079
EURUSD.sml,2025-01-31,1.03955,1.04341,1.035,1.03598,239630
EURUSD.sml,2025-02-03,1.02434,1.03502,1.02106,1.0343,382822
EURUSD.sml,2025-02-04,1.0338,1.03878,1.0272,1.03792,226381
EURUSD.sml,2025-02-05,1.03761,1.0443,1.03697,1.04028,203824
EURUSD.sml,2025-02-06,1.0405,1.04061,1.03526,1.0383,180348
EURUSD.sml,2025-02-07,1.03858,1.04132,1.03053,1.0327,222080
EURUSD.sml,2025-02-10,1.02915,1.03366,1.02839,1.0307,150002
EURUSD.sml,2025-02-11,1.03092,1.03818,1.02922,1.03615,158691
EURUSD.sml,2025-02-12,1.03621,1.043,1.03171,1.03835,219404
EURUSD.sml,2025-02-13,1.03857,1.04672,1.03732,1.04657,241973
EURUSD.sml,2025-02-14,1.04639,1.05144,1.04473,1.04917,180920
EURUSD.sml,2025-02-17,1.04863,1.05066,1.04673,1.04835,119473
EURUSD.sml,2025-02-18,1.04799,1.04864,1.04352,1.04457,157246
EURUSD.sml,2025-02-19,1.04466,1.04615,1.0401,1.04225,164897
EURUSD.sml,2025-02-20,1.0425,1.05036,1.04188,1.05016,176060
EURUSD.sml,2025-02-21,1.04989,1.05059,1.04494,1.04611,177962
EURUSD.sml,2025-02-24,1.04692,1.05285,1.04529,1.04683,217990
EURUSD.sml,2025-02-25,1.04676,1.05195,1.04564,1.0515,198039
EURUSD.sml,2025-02-26,1.05155,1.0529,1.04751,1.0485,215860
EURUSD.sml,2025-02-27,1.04855,1.04927,1.03969,1.03985,206932
EURUSD.sml,2025-02-28,1.03999,1.04201,1.036,1.03754,219837
EURUSD.sml,2025-03-03,1.04049,1.05039,1.03887,1.04886,246535
EURUSD.sml,2025-03-04,1.04884,1.06278,1.04711,1.06258,298519
EURUSD.sml,2025-03-05,1.06235,1.07969,1.06021,1.07894,343015
EURUSD.sml,2025-03-06,1.07904,1.08537,1.07658,1.0784799999999999,323414
EURUSD.sml,2025-03-07,1.07878,1.0889,1.07814,1.08336,277807
EURUSD.sml,2025-03-10,1.0832,1.08748,1.08051,1.08365,254024
EURUSD.sml,2025-03-11,1.08342,1.09474,1.08325,1.09195,259562
EURUSD.sml,2025-03-12,1.09207,1.09323,1.08758,1.08874,251450
EURUSD.sml,2025-03-13,1.08902,1.08974,1.08227,1.0852,231779
EURUSD.sml,2025-03-14,1.08506,1.09128,1.08307,1.0879,185280
EURUSD.sml,2025-03-17,1.08812,1.09299,1.08686,1.09221,167392
EURUSD.sml,2025-03-18,1.09225,1.09549,1.08927,1.0945,155173
EURUSD.sml,2025-03-19,1.09447,1.09463,1.08606,1.09026,183338
EURUSD.sml,2025-03-20,1.09035,1.09175,1.08147,1.08534,167817
EURUSD.sml,2025-03-21,1.08526,1.08615,1.0796999999999999,1.08144,150200
EURUSD.sml,2025-03-24,1.08155,1.08584,1.07816,1.08013,173975
EURUSD.sml,2025-03-25,1.08013,1.08303,1.07771,1.07921,151561
EURUSD.sml,2025-03-26,1.07945,1.08029,1.0744,1.07527,159228
EURUSD.sml,2025-03-27,1.07574,1.08213,1.07331,1.0802100000000001,167910
EURUSD.sml,2025-03-28,1.07991,1.08449,1.07646,1.08298,148673
EURUSD.sml,2025-03-31,1.08283,1.08496,1.07841,1.08153,177363
EURUSD.sml,2025-04-01,1.08185,1.08303,1.07784,1.07926,167595
EURUSD.sml,2025-04-02,1.0792,1.09244,1.07803,1.08605,187433
EURUSD.sml,2025-04-03,1.08471,1.11466,1.08052,1.10513,408215
EURUSD.sml,2025-04-04,1.10526,1.11079,1.09241,1.09648,528612
EURUSD.sml,2025-04-07,1.08923,1.1050200000000001,1.08815,1.09064,571789
EURUSD.sml,2025-04-08,1.09069,1.09922,1.08883,1.09584,386016
EURUSD.sml,2025-04-09,1.09565,1.10952,1.09135,1.09478,616340
EURUSD.sml,2025-04-10,1.09512,1.12419,1.09432,1.12021,440956
EURUSD.sml,2025-04-11,1.11946,1.14739,1.11913,1.13596,608516
EURUSD.sml,2025-04-14,1.1322,1.14248,1.12961,1.13497,355084
EURUSD.sml,2025-04-15,1.13479,1.13792,1.12641,1.12815,277087
EURUSD.sml,2025-04-16,1.12832,1.14131,1.1280999999999999,1.13988,319185
EURUSD.sml,2025-04-17,1.13995,1.14095,1.13353,1.13638,298661
EURUSD.sml,2025-04-18,1.1367099999999999,1.13978,1.13594,1.13926,200242
EURUSD.sml,2025-04-21,1.13969,1.15735,1.13959,1.1513200000000001,272158
EURUSD.sml,2025-04-22,1.15134,1.15476,1.14176,1.1421000000000001,275182
EURUSD.sml,2025-04-23,1.14235,1.14402,1.13082,1.13148,264842
EURUSD.sml,2025-04-24,1.13193,1.13981,1.13167,1.13892,177827
EURUSD.sml,2025-04-25,1.13864,1.1394,1.13156,1.13641,161497
EURUSD.sml,2025-04-28,1.13659,1.14251,1.13296,1.14226,152485
EURUSD.sml,2025-04-29,1.14222,1.14223,1.13704,1.13859,161189
EURUSD.sml,2025-04-30,1.13886,1.13998,1.1317300000000001,1.13294,168754
EURUSD.sml,2025-05-01,1.13294,1.13412,1.12659,1.12914,148475
EURUSD.sml,2025-05-02,1.12902,1.1381000000000001,1.12744,1.1301700000000001,186709
EURUSD.sml,2025-05-05,1.13059,1.13651,1.12963,1.13146,149282
EURUSD.sml,2025-05-06,1.13145,1.13813,1.1280000000000001,1.13693,154131
EURUSD.sml,2025-05-07,1.1369,1.13784,1.12919,1.13014,187706
EURUSD.sml,2025-05-08,1.1307800000000001,1.13365,1.12121,1.12284,183601
EURUSD.sml,2025-05-09,1.1225,1.12931,1.11968,1.12475,136520
EURUSD.sml,2025-05-12,1.11995,1.12429,1.10655,1.10871,213138
EURUSD.sml,2025-05-13,1.1092,1.1195,1.10876,1.11852,154834
EURUSD.sml,2025-05-14,1.11867,1.12661,1.11646,1.11732,175814
EURUSD.sml,2025-05-15,1.11799,1.12282,1.11704,1.11837,145610
EURUSD.sml,2025-05-16,1.11901,1.12197,1.1131199999999999,1.11638,132387
EURUSD.sml,2025-05-19,1.11791,1.12885,1.1172,1.12419,163351
EURUSD.sml,2025-05-20,1.12412,1.1286,1.12181,1.1284399999999999,139244
EURUSD.sml,2025-05-21,1.12831,1.1363,1.12806,1.13313,169599
EURUSD.sml,2025-05-22,1.13297,1.13451,1.12557,1.1279,177949
EURUSD.sml,2025-05-23,1.12816,1.13758,1.12792,1.13621,167326
EURUSD.sml,2025-05-26,1.13668,1.1419,1.13625,1.13875,106986
EURUSD.sml,2025-05-27,1.13859,1.14076,1.1323400000000001,1.13284,152177
EURUSD.sml,2025-05-28,1.13315,1.13452,1.1284,1.1292,155321
EURUSD.sml,2025-05-29,1.12934,1.13849,1.12106,1.13677,180051
EURUSD.sml,2025-05-30,1.13721,1.13899,1.13127,1.13481,179439
EURUSD.sml,2025-06-02,1.1349,1.145,1.13471,1.14436,165531
EURUSD.sml,2025-06-03,1.14402,1.1454900000000001,1.13642,1.1371,145754
EURUSD.sml,2025-06-04,1.13739,1.14347,1.13572,1.14192,155466
EURUSD.sml,2025-06-05,1.14173,1.14951,1.14047,1.14443,173342
EURUSD.sml,2025-06-06,1.14462,1.14574,1.13717,1.13947,150986
EURUSD.sml,2025-06-09,1.13995,1.14395,1.13866,1.14205,106336
EURUSD.sml,2025-06-10,1.14225,1.14479,1.1373,1.1426,139826
EURUSD.sml,2025-06-11,1.14273,1.14996,1.14054,1.14887,150508
EURUSD.sml,2025-06-12,1.14861,1.16316,1.1485400000000001,1.1585,183200
EURUSD.sml,2025-06-13,1.15849,1.16147,1.1489099999999999,1.15512,206677
EURUSD.sml,2025-06-16,1.15329,1.16149,1.15238,1.15609,152713
EURUSD.sml,2025-06-17,1.15656,1.15807,1.14747,1.14807,172045
EURUSD.sml,2025-06-18,1.14846,1.15305,1.14609,1.14836,179967
EURUSD.sml,2025-06-19,1.14792,1.15003,1.1446399999999999,1.14973,137291
EURUSD.sml,2025-06-20,1.14945,1.15441,1.14917,1.15222,149400
EURUSD.sml,2025-06-23,1.14579,1.15819,1.14536,1.15786,207747
EURUSD.sml,2025-06-24,1.15788,1.16418,1.15747,1.16086,187259
EURUSD.sml,2025-06-25,1.16124,1.16653,1.15902,1.16602,144558
EURUSD.sml,2025-06-26,1.16577,1.17454,1.16545,1.17018,178920
EURUSD.sml,2025-06-27,1.16998,1.17543,1.16811,1.1718600000000001,160991
EURUSD.sml,2025-06-30,1.17309,1.17885,1.1708,1.17881,154419
EURUSD.sml,2025-07-01,1.17848,1.183,1.17614,1.18058,161221
EURUSD.sml,2025-07-02,1.18024,1.1810100000000001,1.1747,1.17987,152126
EURUSD.sml,2025-07-03,1.17968,1.18102,1.17175,1.17576,133819
EURUSD.sml,2025-07-04,1.17591,1.17877,1.17535,1.1777199999999999,127897
EURUSD.sml,2025-07-07,1.17858,1.17903,1.16867,1.17086,136268
EURUSD.sml,2025-07-08,1.17092,1.17654,1.16825,1.17258,149208
EURUSD.sml,2025-07-09,1.1721,1.17294,1.16897,1.17228,131627
EURUSD.sml,2025-07-10,1.17188,1.17498,1.16627,1.1700599999999999,117351
EURUSD.sml,2025-07-11,1.16992,1.17142,1.16648,1.1691,144646
EURUSD.sml,2025-07-14,1.16704,1.1697899999999999,1.16544,1.16659,119284
EURUSD.sml,2025-07-15,1.16653,1.16929,1.1593,1.16028,126632
EURUSD.sml,2025-07-16,1.16,1.17219,1.15624,1.16415,173400
EURUSD.sml,2025-07-17,1.16373,1.16426,1.1557,1.15977,120319
EURUSD.sml,2025-07-18,1.15941,1.16721,1.15939,1.1627,118490
EURUSD.sml,2025-07-21,1.163,1.17169,1.16147,1.16964,112508
EURUSD.sml,2025-07-22,1.1693,1.17608,1.16789,1.17545,104087
EURUSD.sml,2025-07-23,1.17543,1.17752,1.17111,1.17734,141734
EURUSD.sml,2025-07-24,1.17703,1.17889,1.17306,1.17488,132609
EURUSD.sml,2025-07-25,1.17454,1.17611,1.17032,1.17423,136827
EURUSD.sml,2025-07-28,1.17559,1.17706,1.15854,1.15887,154278
EURUSD.sml,2025-07-29,1.15907,1.15994,1.1519,1.15457,153100
EURUSD.sml,2025-07-30,1.1547,1.15728,1.1401,1.1403699999999999,162422
EURUSD.sml,2025-07-31,1.14066,1.14609,1.14034,1.14146,151648
EURUSD.sml,2025-08-01,1.14164,1.15972,1.13917,1.15876,206570
EURUSD.sml,2025-08-04,1.15922,1.1596899999999999,1.15496,1.15729,162341
EURUSD.sml,2025-08-05,1.15701,1.1588,1.15278,1.1575199999999999,136595
EURUSD.sml,2025-08-06,1.15735,1.16687,1.15644,1.16601,126799
EURUSD.sml,2025-08-07,1.16576,1.1699,1.16111,1.16643,142836
EURUSD.sml,2025-08-08,1.16653,1.16794,1.1629,1.16413,126639
EURUSD.sml,2025-08-11,1.16494,1.16757,1.15902,1.1616,109722
EURUSD.sml,2025-08-12,1.16153,1.16975,1.15988,1.1673499999999999,170835
EURUSD.sml,2025-08-13,1.16768,1.17303,1.16693,1.17047,119581
EURUSD.sml,2025-08-14,1.1706,1.17153,1.16311,1.16486,141612
EURUSD.sml,2025-08-15,1.16504,1.17153,1.16463,1.17056,111000
EURUSD.sml,2025-08-18,1.17129,1.17163,1.16562,1.16615,106420
EURUSD.sml,2025-08-19,1.1662,1.1693,1.16392,1.16471,105450
EURUSD.sml,2025-08-20,1.16479,1.1674,1.16223,1.16507,117134
EURUSD.sml,2025-08-21,1.16531,1.16629,1.16012,1.16064,124041
EURUSD.sml,2025-08-22,1.16066,1.17428,1.1583,1.17217,137084
EURUSD.sml,2025-08-25,1.17237,1.1728399999999999,1.16029,1.1620300000000001,105813
EURUSD.sml,2025-08-26,1.16189,1.16654,1.16023,1.16412,144771
EURUSD.sml,2025-08-27,1.16458,1.1648100000000001,1.15741,1.16377,116841
EURUSD.sml,2025-08-28,1.16364,1.16975,1.16292,1.16822,114591
EURUSD.sml,2025-08-29,1.16819,1.1709,1.16509,1.16858,118350
EURUSD.sml,2025-09-01,1.16961,1.17365,1.16869,1.17114,86820
EURUSD.sml,2025-09-02,1.17105,1.17184,1.1613,1.16422,163328
EURUSD.sml,2025-09-03,1.16427,1.16822,1.16082,1.16614,127957
EURUSD.sml,2025-09-04,1.16626,1.16696,1.1630099999999999,1.1651,120753
EURUSD.sml,2025-09-05,1.16493,1.17596,1.1648,1.1719,144871
EURUSD.sml,2025-09-08,1.17141,1.17658,1.17038,1.17633,127395
EURUSD.sml,2025-09-09,1.17616,1.17801,1.17038,1.171,139409
EURUSD.sml,2025-09-10,1.17097,1.1731,1.16826,1.16951,143325
EURUSD.sml,2025-09-11,1.16952,1.17462,1.16608,1.17362,146574
EURUSD.sml,2025-09-12,1.17337,1.17479,1.17012,1.17362,124726
EURUSD.sml,2025-09-15,1.1732,1.17746,1.17164,1.17614,109520
EURUSD.sml,2025-09-16,1.17635,1.18785,1.17575,1.18672,154476
EURUSD.sml,2025-09-17,1.18606,1.19189,1.18079,1.1813500000000001,163576
EURUSD.sml,2025-09-18,1.18125,1.18484,1.17502,1.17862,175339
EURUSD.sml,2025-09-19,1.17873,1.1792799999999999,1.17289,1.17452,155813
EURUSD.sml,2025-09-22,1.17397,1.18033,1.17263,1.18024,121606
EURUSD.sml,2025-09-23,1.17965,1.18201,1.17791,1.18149,141437
