Symbol,Value,TradingDate,Time,Open,High,Low,Close,Volume
VCB,56500,02/06/2025,09:15:31,56500,56500,56500,56500,27500
VCB,56500,02/06/2025,09:15:31,56500,56500,56500,56500,27500
VCB,56500,02/06/2025,09:15:31,56500,56500,56500,56500,27500
VCB,56500,02/06/2025,09:16:52,56500,56500,56500,56500,5300
VCB,56500,02/06/2025,09:16:52,56500,56500,56500,56500,5300
VCB,56500,02/06/2025,09:16:52,56500,56500,56500,56500,5300
VCB,56400,02/06/2025,09:17:42,56500,56500,56400,56400,58000
VCB,56400,02/06/2025,09:17:42,56500,56500,56400,56400,58000
VCB,56400,02/06/2025,09:17:42,56500,56500,56400,56400,58000
VCB,56400,02/06/2025,09:18:57,56400,56400,56400,56400,5500
VCB,56400,02/06/2025,09:18:57,56400,56400,56400,56400,5500
VCB,56400,02/06/2025,09:18:57,56400,56400,56400,56400,5500
VCB,56400,02/06/2025,09:19:55,56400,56400,56300,56400,2500
VCB,56400,02/06/2025,09:19:55,56400,56400,56300,56400,2500
VCB,56400,02/06/2025,09:19:55,56400,56400,56300,56400,2500
VCB,56400,02/06/2025,09:20:58,56400,56400,56400,56400,1200
VCB,56400,02/06/2025,09:20:58,56400,56400,56400,56400,1200
VCB,56400,02/06/2025,09:20:58,56400,56400,56400,56400,1200
VCB,56300,02/06/2025,09:21:56,56300,56400,56300,56300,6800
VCB,56300,02/06/2025,09:21:56,56300,56400,56300,56300,6800
VCB,56300,02/06/2025,09:21:56,56300,56400,56300,56300,6800
VCB,56400,02/06/2025,09:22:56,56300,56400,56300,56400,6500
VCB,56400,02/06/2025,09:22:56,56300,56400,56300,56400,6500
VCB,56400,02/06/2025,09:22:56,56300,56400,56300,56400,6500
VCB,56400,02/06/2025,09:23:34,56400,56400,56400,56400,600
VCB,56400,02/06/2025,09:23:34,56400,56400,56400,56400,600
VCB,56400,02/06/2025,09:23:34,56400,56400,56400,56400,600
VCB,56300,02/06/2025,09:24:57,56400,56400,56300,56300,33800
VCB,56300,02/06/2025,09:24:57,56400,56400,56300,56300,33800
VCB,56300,02/06/2025,09:24:57,56400,56400,56300,56300,33800
VCB,56200,02/06/2025,09:25:57,56300,56300,56200,56200,23700
VCB,56200,02/06/2025,09:25:57,56300,56300,56200,56200,23700
VCB,56200,02/06/2025,09:25:57,56300,56300,56200,56200,23700
VCB,56200,02/06/2025,09:26:51,56300,56300,56200,56200,5800
VCB,56200,02/06/2025,09:26:51,56300,56300,56200,56200,5800
VCB,56200,02/06/2025,09:26:51,56300,56300,56200,56200,5800
VCB,56200,02/06/2025,09:27:48,56200,56300,56200,56200,7400
VCB,56200,02/06/2025,09:27:48,56200,56300,56200,56200,7400
VCB,56200,02/06/2025,09:27:48,56200,56300,56200,56200,7400
VCB,56200,02/06/2025,09:28:54,56200,56300,56200,56200,8100
VCB,56200,02/06/2025,09:28:54,56200,56300,56200,56200,8100
VCB,56200,02/06/2025,09:28:54,56200,56300,56200,56200,8100
VCB,56300,02/06/2025,09:29:58,56300,56300,56200,56300,25200
VCB,56300,02/06/2025,09:29:58,56300,56300,56200,56300,25200
VCB,56300,02/06/2025,09:29:58,56300,56300,56200,56300,25200
VCB,56300,02/06/2025,09:30:57,56300,56400,56300,56300,17800
VCB,56300,02/06/2025,09:30:57,56300,56400,56300,56300,17800
VCB,56300,02/06/2025,09:30:57,56300,56400,56300,56300,17800
VCB,56200,02/06/2025,09:31:23,56300,56300,56200,56200,47400
VCB,56200,02/06/2025,09:31:23,56300,56300,56200,56200,47400
VCB,56200,02/06/2025,09:31:23,56300,56300,56200,56200,47400
VCB,56200,02/06/2025,09:32:59,56200,56200,56200,56200,9700
VCB,56200,02/06/2025,09:32:59,56200,56200,56200,56200,9700
VCB,56200,02/06/2025,09:32:59,56200,56200,56200,56200,9700
VCB,56200,02/06/2025,09:33:56,56200,56200,56200,56200,5400
VCB,56200,02/06/2025,09:33:56,56200,56200,56200,56200,5400
VCB,56200,02/06/2025,09:33:56,56200,56200,56200,56200,5400
VCB,56200,02/06/2025,09:34:54,56200,56300,56200,56200,27900
VCB,56200,02/06/2025,09:34:54,56200,56300,56200,56200,27900
VCB,56200,02/06/2025,09:34:54,56200,56300,56200,56200,27900
VCB,56200,02/06/2025,09:35:58,56200,56200,56100,56200,2800
VCB,56200,02/06/2025,09:35:58,56200,56200,56100,56200,2800
VCB,56200,02/06/2025,09:35:58,56200,56200,56100,56200,2800
VCB,56100,02/06/2025,09:36:41,56100,56200,56100,56100,6000
VCB,56100,02/06/2025,09:36:41,56100,56200,56100,56100,6000
VCB,56100,02/06/2025,09:36:41,56100,56200,56100,56100,6000
VCB,56200,02/06/2025,09:37:59,56200,56200,56100,56200,31400
VCB,56200,02/06/2025,09:37:59,56200,56200,56100,56200,31400
VCB,56200,02/06/2025,09:37:59,56200,56200,56100,56200,31400
VCB,56200,02/06/2025,09:38:50,56200,56200,56100,56200,45900
VCB,56200,02/06/2025,09:38:50,56200,56200,56100,56200,45900
VCB,56200,02/06/2025,09:38:50,56200,56200,56100,56200,45900
VCB,56200,02/06/2025,09:39:57,56200,56200,56200,56200,16800
VCB,56200,02/06/2025,09:39:57,56200,56200,56200,56200,16800
VCB,56200,02/06/2025,09:39:57,56200,56200,56200,56200,16800
VCB,56200,02/06/2025,09:40:58,56200,56200,56100,56200,14200
VCB,56200,02/06/2025,09:40:58,56200,56200,56100,56200,14200
VCB,56200,02/06/2025,09:40:58,56200,56200,56100,56200,14200
VCB,56200,02/06/2025,09:41:37,56200,56200,56100,56200,13300
VCB,56200,02/06/2025,09:41:37,56200,56200,56100,56200,13300
VCB,56200,02/06/2025,09:41:37,56200,56200,56100,56200,13300
VCB,56200,02/06/2025,09:42:16,56300,56300,56200,56200,2300
VCB,56200,02/06/2025,09:42:16,56300,56300,56200,56200,2300
VCB,56200,02/06/2025,09:42:16,56300,56300,56200,56200,2300
VCB,56300,02/06/2025,09:43:48,56200,56300,56200,56300,7900
VCB,56300,02/06/2025,09:43:48,56200,56300,56200,56300,7900
VCB,56300,02/06/2025,09:43:48,56200,56300,56200,56300,7900
VCB,56200,02/06/2025,09:44:49,56300,56300,56200,56200,2900
VCB,56200,02/06/2025,09:44:49,56300,56300,56200,56200,2900
VCB,56200,02/06/2025,09:44:49,56300,56300,56200,56200,2900
VCB,56200,02/06/2025,09:45:54,56200,56300,56200,56200,3500
VCB,56200,02/06/2025,09:45:54,56200,56300,56200,56200,3500
VCB,56200,02/06/2025,09:45:54,56200,56300,56200,56200,3500
VCB,56200,02/06/2025,09:46:51,56300,56300,56200,56200,2700
VCB,56200,02/06/2025,09:46:51,56300,56300,56200,56200,2700
VCB,56200,02/06/2025,09:46:51,56300,56300,56200,56200,2700
VCB,56300,02/06/2025,09:47:59,56300,56300,56200,56300,2700
VCB,56300,02/06/2025,09:47:59,56300,56300,56200,56300,2700
VCB,56300,02/06/2025,09:47:59,56300,56300,56200,56300,2700
VCB,56300,02/06/2025,09:48:59,56200,56300,56200,56300,10100
VCB,56300,02/06/2025,09:48:59,56200,56300,56200,56300,10100
VCB,56300,02/06/2025,09:48:59,56200,56300,56200,56300,10100
VCB,56300,02/06/2025,09:49:56,56200,56300,56200,56300,12800
VCB,56300,02/06/2025,09:49:56,56200,56300,56200,56300,12800
VCB,56300,02/06/2025,09:49:56,56200,56300,56200,56300,12800
VCB,56300,02/06/2025,09:50:55,56300,56300,56200,56300,16700
VCB,56300,02/06/2025,09:50:55,56300,56300,56200,56300,16700
VCB,56300,02/06/2025,09:50:55,56300,56300,56200,56300,16700
VCB,56400,02/06/2025,09:51:55,56300,56400,56200,56400,16000
VCB,56400,02/06/2025,09:51:55,56300,56400,56200,56400,16000
VCB,56400,02/06/2025,09:51:55,56300,56400,56200,56400,16000
VCB,56300,02/06/2025,09:52:54,56400,56400,56300,56300,3500
VCB,56300,02/06/2025,09:52:54,56400,56400,56300,56300,3500
VCB,56300,02/06/2025,09:52:54,56400,56400,56300,56300,3500
VCB,56300,02/06/2025,09:53:57,56300,56400,56300,56300,4800
VCB,56300,02/06/2025,09:53:57,56300,56400,56300,56300,4800
VCB,56300,02/06/2025,09:53:57,56300,56400,56300,56300,4800
VCB,56300,02/06/2025,09:54:59,56300,56300,56300,56300,1600
VCB,56300,02/06/2025,09:54:59,56300,56300,56300,56300,1600
VCB,56300,02/06/2025,09:54:59,56300,56300,56300,56300,1600
VCB,56400,02/06/2025,09:55:59,56300,56400,56300,56400,5400
VCB,56400,02/06/2025,09:55:59,56300,56400,56300,56400,5400
VCB,56400,02/06/2025,09:55:59,56300,56400,56300,56400,5400
VCB,56400,02/06/2025,09:56:59,56300,56400,56300,56400,9400
VCB,56400,02/06/2025,09:56:59,56300,56400,56300,56400,9400
VCB,56400,02/06/2025,09:56:59,56300,56400,56300,56400,9400
VCB,56400,02/06/2025,09:57:58,56400,56400,56300,56400,2600
VCB,56400,02/06/2025,09:57:58,56400,56400,56300,56400,2600
VCB,56400,02/06/2025,09:57:58,56400,56400,56300,56400,2600
VCB,56300,02/06/2025,09:58:07,56300,56300,56300,56300,1500
VCB,56300,02/06/2025,09:58:07,56300,56300,56300,56300,1500
VCB,56300,02/06/2025,09:58:07,56300,56300,56300,56300,1500
VCB,56400,02/06/2025,09:59:38,56300,56400,56300,56400,11800
VCB,56400,02/06/2025,09:59:38,56300,56400,56300,56400,11800
VCB,56400,02/06/2025,09:59:38,56300,56400,56300,56400,11800
VCB,56400,02/06/2025,10:00:57,56400,56400,56300,56400,3400
VCB,56400,02/06/2025,10:00:57,56400,56400,56300,56400,3400
VCB,56400,02/06/2025,10:00:57,56400,56400,56300,56400,3400
VCB,56400,02/06/2025,10:01:42,56300,56400,56300,56400,1700
VCB,56400,02/06/2025,10:01:42,56300,56400,56300,56400,1700
VCB,56400,02/06/2025,10:01:42,56300,56400,56300,56400,1700
VCB,56300,02/06/2025,10:02:55,56400,56400,56300,56300,68200
VCB,56300,02/06/2025,10:02:55,56400,56400,56300,56300,68200
VCB,56300,02/06/2025,10:02:55,56400,56400,56300,56300,68200
VCB,56300,02/06/2025,10:03:49,56300,56300,56300,56300,79500
VCB,56300,02/06/2025,10:03:49,56300,56300,56300,56300,79500
VCB,56300,02/06/2025,10:03:49,56300,56300,56300,56300,79500
VCB,56200,02/06/2025,10:04:48,56300,56300,56200,56200,2000
VCB,56200,02/06/2025,10:04:48,56300,56300,56200,56200,2000
VCB,56200,02/06/2025,10:04:48,56300,56300,56200,56200,2000
VCB,56300,02/06/2025,10:05:58,56200,56300,56200,56300,9400
VCB,56300,02/06/2025,10:05:58,56200,56300,56200,56300,9400
VCB,56300,02/06/2025,10:05:58,56200,56300,56200,56300,9400
VCB,56300,02/06/2025,10:06:58,56200,56300,56200,56300,2900
VCB,56300,02/06/2025,10:06:58,56200,56300,56200,56300,2900
VCB,56300,02/06/2025,10:06:58,56200,56300,56200,56300,2900
VCB,56200,02/06/2025,10:07:59,56200,56200,56200,56200,6800
VCB,56200,02/06/2025,10:07:59,56200,56200,56200,56200,6800
VCB,56200,02/06/2025,10:07:59,56200,56200,56200,56200,6800
VCB,56300,02/06/2025,10:08:36,56200,56300,56200,56300,11700
VCB,56300,02/06/2025,10:08:36,56200,56300,56200,56300,11700
VCB,56300,02/06/2025,10:08:36,56200,56300,56200,56300,11700
VCB,56200,02/06/2025,10:09:37,56200,56300,56200,56200,2900
VCB,56200,02/06/2025,10:09:37,56200,56300,56200,56200,2900
VCB,56200,02/06/2025,10:09:37,56200,56300,56200,56200,2900
VCB,56200,02/06/2025,10:10:57,56200,56200,56200,56200,41900
VCB,56200,02/06/2025,10:10:57,56200,56200,56200,56200,41900
VCB,56200,02/06/2025,10:10:57,56200,56200,56200,56200,41900
VCB,56200,02/06/2025,10:11:53,56200,56200,56200,56200,21000
VCB,56200,02/06/2025,10:11:53,56200,56200,56200,56200,21000
VCB,56200,02/06/2025,10:11:53,56200,56200,56200,56200,21000
VCB,56200,02/06/2025,10:12:52,56200,56200,56200,56200,3800
VCB,56200,02/06/2025,10:12:52,56200,56200,56200,56200,3800
VCB,56200,02/06/2025,10:12:52,56200,56200,56200,56200,3800
VCB,56100,02/06/2025,10:13:48,56300,56300,56100,56100,51500
VCB,56100,02/06/2025,10:13:48,56300,56300,56100,56100,51500
VCB,56100,02/06/2025,10:13:48,56300,56300,56100,56100,51500
VCB,56200,02/06/2025,10:14:58,56200,56200,56100,56200,16700
VCB,56200,02/06/2025,10:14:58,56200,56200,56100,56200,16700
VCB,56200,02/06/2025,10:14:58,56200,56200,56100,56200,16700
VCB,56200,02/06/2025,10:15:56,56100,56200,56100,56200,9400
VCB,56200,02/06/2025,10:15:56,56100,56200,56100,56200,9400
VCB,56200,02/06/2025,10:15:56,56100,56200,56100,56200,9400
VCB,56100,02/06/2025,10:16:56,56200,56200,56100,56100,4700
VCB,56100,02/06/2025,10:16:56,56200,56200,56100,56100,4700
VCB,56100,02/06/2025,10:16:56,56200,56200,56100,56100,4700
VCB,56100,02/06/2025,10:17:58,56200,56200,56100,56100,2700
VCB,56100,02/06/2025,10:17:58,56200,56200,56100,56100,2700
VCB,56100,02/06/2025,10:17:58,56200,56200,56100,56100,2700
VCB,56200,02/06/2025,10:18:56,56100,56200,56100,56200,8400
VCB,56200,02/06/2025,10:18:56,56100,56200,56100,56200,8400
VCB,56200,02/06/2025,10:18:56,56100,56200,56100,56200,8400
VCB,56200,02/06/2025,10:19:58,56100,56200,56100,56200,8000
VCB,56200,02/06/2025,10:19:58,56100,56200,56100,56200,8000
VCB,56200,02/06/2025,10:19:58,56100,56200,56100,56200,8000
VCB,56200,02/06/2025,10:20:42,56200,56200,56100,56200,22300
VCB,56200,02/06/2025,10:20:42,56200,56200,56100,56200,22300
VCB,56200,02/06/2025,10:20:42,56200,56200,56100,56200,22300
VCB,56200,02/06/2025,10:21:59,56200,56200,56100,56200,27100
VCB,56200,02/06/2025,10:21:59,56200,56200,56100,56200,27100
VCB,56200,02/06/2025,10:21:59,56200,56200,56100,56200,27100
VCB,56200,02/06/2025,10:22:54,56200,56200,56100,56200,18000
VCB,56200,02/06/2025,10:22:54,56200,56200,56100,56200,18000
VCB,56200,02/06/2025,10:22:54,56200,56200,56100,56200,18000
VCB,56200,02/06/2025,10:23:54,56200,56200,56100,56200,9600
VCB,56200,02/06/2025,10:23:54,56200,56200,56100,56200,9600
VCB,56200,02/06/2025,10:23:54,56200,56200,56100,56200,9600
VCB,56200,02/06/2025,10:24:59,56200,56200,56100,56200,16700
VCB,56200,02/06/2025,10:24:59,56200,56200,56100,56200,16700
VCB,56200,02/06/2025,10:24:59,56200,56200,56100,56200,16700
VCB,56200,02/06/2025,10:25:56,56200,56200,56100,56200,13500
VCB,56200,02/06/2025,10:25:56,56200,56200,56100,56200,13500
VCB,56200,02/06/2025,10:25:56,56200,56200,56100,56200,13500
VCB,56200,02/06/2025,10:26:57,56200,56200,56100,56200,8300
VCB,56200,02/06/2025,10:26:57,56200,56200,56100,56200,8300
VCB,56200,02/06/2025,10:26:57,56200,56200,56100,56200,8300
VCB,56100,02/06/2025,10:27:56,56200,56200,56100,56100,16000
VCB,56100,02/06/2025,10:27:56,56200,56200,56100,56100,16000
VCB,56100,02/06/2025,10:27:56,56200,56200,56100,56100,16000
VCB,56200,02/06/2025,10:28:57,56200,56200,56100,56200,10400
VCB,56200,02/06/2025,10:28:57,56200,56200,56100,56200,10400
VCB,56200,02/06/2025,10:28:57,56200,56200,56100,56200,10400
VCB,56300,02/06/2025,10:29:54,56200,56300,56200,56300,5100
VCB,56300,02/06/2025,10:29:54,56200,56300,56200,56300,5100
VCB,56300,02/06/2025,10:29:54,56200,56300,56200,56300,5100
VCB,56200,02/06/2025,10:30:55,56300,56300,56200,56200,1700
VCB,56200,02/06/2025,10:30:55,56300,56300,56200,56200,1700
VCB,56200,02/06/2025,10:30:55,56300,56300,56200,56200,1700
VCB,56200,02/06/2025,10:31:59,56200,56300,56200,56200,10100
VCB,56200,02/06/2025,10:31:59,56200,56300,56200,56200,10100
VCB,56200,02/06/2025,10:31:59,56200,56300,56200,56200,10100
VCB,56200,02/06/2025,10:32:58,56200,56200,56100,56200,17800
VCB,56200,02/06/2025,10:32:58,56200,56200,56100,56200,17800
VCB,56200,02/06/2025,10:32:58,56200,56200,56100,56200,17800
VCB,56200,02/06/2025,10:33:57,56100,56200,56100,56200,15200
VCB,56200,02/06/2025,10:33:57,56100,56200,56100,56200,15200
VCB,56200,02/06/2025,10:33:57,56100,56200,56100,56200,15200
VCB,56200,02/06/2025,10:34:51,56100,56200,56100,56200,17500
VCB,56200,02/06/2025,10:34:51,56100,56200,56100,56200,17500
VCB,56200,02/06/2025,10:34:51,56100,56200,56100,56200,17500
VCB,56200,02/06/2025,10:35:44,56200,56200,56200,56200,4900
VCB,56200,02/06/2025,10:35:44,56200,56200,56200,56200,4900
VCB,56200,02/06/2025,10:35:44,56200,56200,56200,56200,4900
VCB,56300,02/06/2025,10:36:51,56200,56300,56200,56300,8900
VCB,56300,02/06/2025,10:36:51,56200,56300,56200,56300,8900
VCB,56300,02/06/2025,10:36:51,56200,56300,56200,56300,8900
VCB,56200,02/06/2025,10:37:41,56300,56300,56200,56200,2900
VCB,56200,02/06/2025,10:37:41,56300,56300,56200,56200,2900
VCB,56200,02/06/2025,10:37:41,56300,56300,56200,56200,2900
VCB,56200,02/06/2025,10:38:46,56200,56300,56200,56200,11100
VCB,56200,02/06/2025,10:38:46,56200,56300,56200,56200,11100
VCB,56200,02/06/2025,10:38:46,56200,56300,56200,56200,11100
VCB,56300,02/06/2025,10:39:49,56200,56300,56200,56300,19400
VCB,56300,02/06/2025,10:39:49,56200,56300,56200,56300,19400
VCB,56300,02/06/2025,10:39:49,56200,56300,56200,56300,19400
VCB,56200,02/06/2025,10:40:52,56300,56300,56100,56200,18600
VCB,56200,02/06/2025,10:40:52,56300,56300,56100,56200,18600
VCB,56200,02/06/2025,10:40:52,56300,56300,56100,56200,18600
VCB,56200,02/06/2025,10:41:58,56200,56300,56200,56200,15000
VCB,56200,02/06/2025,10:41:58,56200,56300,56200,56200,15000
VCB,56200,02/06/2025,10:41:58,56200,56300,56200,56200,15000
VCB,56300,02/06/2025,10:42:49,56200,56300,56200,56300,12600
VCB,56300,02/06/2025,10:42:49,56200,56300,56200,56300,12600
VCB,56300,02/06/2025,10:42:49,56200,56300,56200,56300,12600
VCB,56200,02/06/2025,10:43:46,56200,56200,56200,56200,6000
VCB,56200,02/06/2025,10:43:46,56200,56200,56200,56200,6000
VCB,56200,02/06/2025,10:43:46,56200,56200,56200,56200,6000
VCB,56200,02/06/2025,10:44:47,56200,56200,56100,56200,5000
VCB,56200,02/06/2025,10:44:47,56200,56200,56100,56200,5000
VCB,56200,02/06/2025,10:44:47,56200,56200,56100,56200,5000
VCB,56100,02/06/2025,10:45:42,56200,56200,56100,56100,3400
VCB,56100,02/06/2025,10:45:42,56200,56200,56100,56100,3400
VCB,56100,02/06/2025,10:45:42,56200,56200,56100,56100,3400
VCB,56100,02/06/2025,10:46:46,56200,56200,56100,56100,3800
VCB,56100,02/06/2025,10:46:46,56200,56200,56100,56100,3800
VCB,56100,02/06/2025,10:46:46,56200,56200,56100,56100,3800
VCB,56100,02/06/2025,10:47:49,56100,56200,56100,56100,18900
VCB,56100,02/06/2025,10:47:49,56100,56200,56100,56100,18900
VCB,56100,02/06/2025,10:47:49,56100,56200,56100,56100,18900
VCB,56100,02/06/2025,10:48:52,56100,56200,56100,56100,4700
VCB,56100,02/06/2025,10:48:52,56100,56200,56100,56100,4700
VCB,56100,02/06/2025,10:48:52,56100,56200,56100,56100,4700
VCB,56100,02/06/2025,10:49:56,56200,56200,56100,56100,4600
VCB,56100,02/06/2025,10:49:56,56200,56200,56100,56100,4600
VCB,56100,02/06/2025,10:49:56,56200,56200,56100,56100,4600
VCB,56100,02/06/2025,10:50:59,56200,56200,56100,56100,2400
VCB,56100,02/06/2025,10:50:59,56200,56200,56100,56100,2400
VCB,56100,02/06/2025,10:50:59,56200,56200,56100,56100,2400
VCB,56200,02/06/2025,10:51:55,56200,56200,56200,56200,7300
VCB,56200,02/06/2025,10:51:55,56200,56200,56200,56200,7300
VCB,56200,02/06/2025,10:51:55,56200,56200,56200,56200,7300
VCB,56200,02/06/2025,10:52:58,56100,56200,56100,56200,5400
VCB,56200,02/06/2025,10:52:58,56100,56200,56100,56200,5400
VCB,56200,02/06/2025,10:52:58,56100,56200,56100,56200,5400
VCB,56200,02/06/2025,10:53:59,56200,56200,56100,56200,7500
VCB,56200,02/06/2025,10:53:59,56200,56200,56100,56200,7500
VCB,56200,02/06/2025,10:53:59,56200,56200,56100,56200,7500
VCB,56200,02/06/2025,10:54:56,56100,56200,56100,56200,8400
VCB,56200,02/06/2025,10:54:56,56100,56200,56100,56200,8400
VCB,56200,02/06/2025,10:54:56,56100,56200,56100,56200,8400
VCB,56100,02/06/2025,10:55:13,56200,56200,56100,56100,4500
VCB,56100,02/06/2025,10:55:13,56200,56200,56100,56100,4500
VCB,56100,02/06/2025,10:55:13,56200,56200,56100,56100,4500
VCB,56100,02/06/2025,10:56:16,56100,56100,56100,56100,2700
VCB,56100,02/06/2025,10:56:16,56100,56100,56100,56100,2700
VCB,56100,02/06/2025,10:56:16,56100,56100,56100,56100,2700
VCB,56200,02/06/2025,10:57:53,56200,56200,56100,56200,10800
VCB,56200,02/06/2025,10:57:53,56200,56200,56100,56200,10800
VCB,56200,02/06/2025,10:57:53,56200,56200,56100,56200,10800
VCB,56200,02/06/2025,10:58:24,56200,56200,56100,56200,3000
VCB,56200,02/06/2025,10:58:24,56200,56200,56100,56200,3000
VCB,56200,02/06/2025,10:58:24,56200,56200,56100,56200,3000
VCB,56200,02/06/2025,10:59:38,56200,56200,56100,56200,2100
VCB,56200,02/06/2025,10:59:38,56200,56200,56100,56200,2100
VCB,56200,02/06/2025,10:59:38,56200,56200,56100,56200,2100
VCB,56200,02/06/2025,11:00:50,56200,56200,56100,56200,4900
VCB,56200,02/06/2025,11:00:50,56200,56200,56100,56200,4900
VCB,56200,02/06/2025,11:00:50,56200,56200,56100,56200,4900
VCB,56200,02/06/2025,11:01:51,56200,56200,56100,56200,11100
VCB,56200,02/06/2025,11:01:51,56200,56200,56100,56200,11100
VCB,56200,02/06/2025,11:01:51,56200,56200,56100,56200,11100
VCB,56200,02/06/2025,11:02:47,56200,56200,56100,56200,2700
VCB,56200,02/06/2025,11:02:47,56200,56200,56100,56200,2700
VCB,56200,02/06/2025,11:02:47,56200,56200,56100,56200,2700
VCB,56100,02/06/2025,11:03:41,56200,56200,56100,56100,4200
VCB,56100,02/06/2025,11:03:41,56200,56200,56100,56100,4200
VCB,56100,02/06/2025,11:03:41,56200,56200,56100,56100,4200
VCB,56200,02/06/2025,11:04:57,56100,56200,56100,56200,6700
VCB,56200,02/06/2025,11:04:57,56100,56200,56100,56200,6700
VCB,56200,02/06/2025,11:04:57,56100,56200,56100,56200,6700
VCB,56200,02/06/2025,11:05:52,56200,56200,56100,56200,5900
VCB,56200,02/06/2025,11:05:52,56200,56200,56100,56200,5900
VCB,56200,02/06/2025,11:05:52,56200,56200,56100,56200,5900
VCB,56100,02/06/2025,11:06:53,56100,56200,56100,56100,18000
VCB,56100,02/06/2025,11:06:53,56100,56200,56100,56100,18000
VCB,56100,02/06/2025,11:06:53,56100,56200,56100,56100,18000
VCB,56200,02/06/2025,11:07:55,56200,56200,56100,56200,35800
VCB,56200,02/06/2025,11:07:55,56200,56200,56100,56200,35800
VCB,56200,02/06/2025,11:07:55,56200,56200,56100,56200,35800
VCB,56100,02/06/2025,11:08:57,56200,56200,56100,56100,6700
VCB,56100,02/06/2025,11:08:57,56200,56200,56100,56100,6700
VCB,56100,02/06/2025,11:08:57,56200,56200,56100,56100,6700
VCB,56200,02/06/2025,11:09:53,56200,56200,56100,56200,6100
VCB,56200,02/06/2025,11:09:53,56200,56200,56100,56200,6100
VCB,56200,02/06/2025,11:09:53,56200,56200,56100,56200,6100
VCB,56200,02/06/2025,11:10:57,56100,56200,56100,56200,3500
VCB,56200,02/06/2025,11:10:57,56100,56200,56100,56200,3500
VCB,56200,02/06/2025,11:10:57,56100,56200,56100,56200,3500
VCB,56200,02/06/2025,11:11:45,56200,56200,56100,56200,11800
VCB,56200,02/06/2025,11:11:45,56200,56200,56100,56200,11800
VCB,56200,02/06/2025,11:11:45,56200,56200,56100,56200,11800
VCB,56200,02/06/2025,11:12:47,56200,56200,56100,56200,2700
VCB,56200,02/06/2025,11:12:47,56200,56200,56100,56200,2700
VCB,56200,02/06/2025,11:12:47,56200,56200,56100,56200,2700
VCB,56200,02/06/2025,11:13:57,56200,56200,56100,56200,13600
VCB,56200,02/06/2025,11:13:57,56200,56200,56100,56200,13600
VCB,56200,02/06/2025,11:13:57,56200,56200,56100,56200,13600
VCB,56200,02/06/2025,11:14:53,56100,56200,56100,56200,2400
VCB,56200,02/06/2025,11:14:53,56100,56200,56100,56200,2400
VCB,56200,02/06/2025,11:14:53,56100,56200,56100,56200,2400
VCB,56100,02/06/2025,11:15:56,56100,56200,56100,56100,3500
VCB,56100,02/06/2025,11:15:56,56100,56200,56100,56100,3500
VCB,56100,02/06/2025,11:15:56,56100,56200,56100,56100,3500
VCB,56200,02/06/2025,11:16:40,56200,56200,56100,56200,2800
VCB,56200,02/06/2025,11:16:40,56200,56200,56100,56200,2800
VCB,56200,02/06/2025,11:16:40,56200,56200,56100,56200,2800
VCB,56200,02/06/2025,11:17:57,56200,56200,56100,56200,4300
VCB,56200,02/06/2025,11:17:57,56200,56200,56100,56200,4300
VCB,56200,02/06/2025,11:17:57,56200,56200,56100,56200,4300
VCB,56200,02/06/2025,11:18:55,56200,56200,56100,56200,10000
VCB,56200,02/06/2025,11:18:55,56200,56200,56100,56200,10000
VCB,56200,02/06/2025,11:18:55,56200,56200,56100,56200,10000
VCB,56200,02/06/2025,11:19:58,56200,56200,56100,56200,4200
VCB,56200,02/06/2025,11:19:58,56200,56200,56100,56200,4200
VCB,56200,02/06/2025,11:19:58,56200,56200,56100,56200,4200
VCB,56200,02/06/2025,11:20:55,56200,56200,56100,56200,8900
VCB,56200,02/06/2025,11:20:55,56200,56200,56100,56200,8900
VCB,56200,02/06/2025,11:20:55,56200,56200,56100,56200,8900
VCB,56100,02/06/2025,11:21:59,56200,56200,56100,56100,22500
VCB,56100,02/06/2025,11:21:59,56200,56200,56100,56100,22500
VCB,56100,02/06/2025,11:21:59,56200,56200,56100,56100,22500
VCB,56100,02/06/2025,11:22:52,56200,56200,56100,56100,30100
VCB,56100,02/06/2025,11:22:52,56200,56200,56100,56100,30100
VCB,56100,02/06/2025,11:22:52,56200,56200,56100,56100,30100
VCB,56100,02/06/2025,11:23:43,56100,56200,56100,56100,16200
VCB,56100,02/06/2025,11:23:43,56100,56200,56100,56100,16200
VCB,56100,02/06/2025,11:23:43,56100,56200,56100,56100,16200
VCB,56100,02/06/2025,11:24:58,56200,56200,56100,56100,6400
VCB,56100,02/06/2025,11:24:58,56200,56200,56100,56100,6400
VCB,56100,02/06/2025,11:24:58,56200,56200,56100,56100,6400
VCB,56100,02/06/2025,11:25:56,56100,56100,56100,56100,7700
VCB,56100,02/06/2025,11:25:56,56100,56100,56100,56100,7700
VCB,56100,02/06/2025,11:25:56,56100,56100,56100,56100,7700
VCB,56100,02/06/2025,11:26:53,56100,56200,56100,56100,13400
VCB,56100,02/06/2025,11:26:53,56100,56200,56100,56100,13400
VCB,56100,02/06/2025,11:26:53,56100,56200,56100,56100,13400
VCB,56100,02/06/2025,11:27:57,56200,56200,56100,56100,13900
VCB,56100,02/06/2025,11:27:57,56200,56200,56100,56100,13900
VCB,56100,02/06/2025,11:27:57,56200,56200,56100,56100,13900
VCB,56200,02/06/2025,11:28:31,56200,56200,56100,56200,3100
VCB,56200,02/06/2025,11:28:31,56200,56200,56100,56200,3100
VCB,56200,02/06/2025,11:28:31,56200,56200,56100,56200,3100
VCB,56100,02/06/2025,11:29:46,56100,56100,56100,56100,3700
VCB,56100,02/06/2025,11:29:46,56100,56100,56100,56100,3700
VCB,56100,02/06/2025,11:29:46,56100,56100,56100,56100,3700
VCB,56100,02/06/2025,13:00:50,56100,56200,56100,56100,32400
VCB,56100,02/06/2025,13:00:50,56100,56200,56100,56100,32400
VCB,56100,02/06/2025,13:00:50,56100,56200,56100,56100,32400
VCB,56100,02/06/2025,13:01:48,56100,56200,56100,56100,8100
VCB,56100,02/06/2025,13:01:48,56100,56200,56100,56100,8100
VCB,56100,02/06/2025,13:01:48,56100,56200,56100,56100,8100
VCB,56100,02/06/2025,13:02:55,56100,56200,56100,56100,4700
VCB,56100,02/06/2025,13:02:55,56100,56200,56100,56100,4700
VCB,56100,02/06/2025,13:02:55,56100,56200,56100,56100,4700
VCB,56200,02/06/2025,13:03:52,56200,56200,56100,56200,11500
VCB,56200,02/06/2025,13:03:52,56200,56200,56100,56200,11500
VCB,56200,02/06/2025,13:03:52,56200,56200,56100,56200,11500
VCB,56100,02/06/2025,13:04:43,56100,56100,56100,56100,1700
VCB,56100,02/06/2025,13:04:43,56100,56100,56100,56100,1700
VCB,56100,02/06/2025,13:04:43,56100,56100,56100,56100,1700
VCB,56200,02/06/2025,13:05:50,56100,56200,56100,56200,8900
VCB,56200,02/06/2025,13:05:50,56100,56200,56100,56200,8900
VCB,56200,02/06/2025,13:05:50,56100,56200,56100,56200,8900
VCB,56100,02/06/2025,13:06:43,56200,56200,56100,56100,4300
VCB,56100,02/06/2025,13:06:43,56200,56200,56100,56100,4300
VCB,56100,02/06/2025,13:06:43,56200,56200,56100,56100,4300
VCB,56200,02/06/2025,13:07:46,56100,56200,56100,56200,38200
VCB,56200,02/06/2025,13:07:46,56100,56200,56100,56200,38200
VCB,56200,02/06/2025,13:07:46,56100,56200,56100,56200,38200
VCB,56200,02/06/2025,13:08:44,56100,56200,56100,56200,10600
VCB,56200,02/06/2025,13:08:44,56100,56200,56100,56200,10600
VCB,56200,02/06/2025,13:08:44,56100,56200,56100,56200,10600
VCB,56200,02/06/2025,13:09:39,56200,56200,56100,56200,31400
VCB,56200,02/06/2025,13:09:39,56200,56200,56100,56200,31400
VCB,56200,02/06/2025,13:09:39,56200,56200,56100,56200,31400
VCB,56200,02/06/2025,13:10:57,56200,56300,56200,56200,5600
VCB,56200,02/06/2025,13:10:57,56200,56300,56200,56200,5600
VCB,56200,02/06/2025,13:10:57,56200,56300,56200,56200,5600
VCB,56300,02/06/2025,13:11:56,56200,56300,56200,56300,2300
VCB,56300,02/06/2025,13:11:56,56200,56300,56200,56300,2300
VCB,56300,02/06/2025,13:11:56,56200,56300,56200,56300,2300
VCB,56200,02/06/2025,13:12:40,56200,56200,56200,56200,1800
VCB,56200,02/06/2025,13:12:40,56200,56200,56200,56200,1800
VCB,56200,02/06/2025,13:12:40,56200,56200,56200,56200,1800
VCB,56200,02/06/2025,13:13:43,56200,56200,56200,56200,9200
VCB,56200,02/06/2025,13:13:43,56200,56200,56200,56200,9200
VCB,56200,02/06/2025,13:13:43,56200,56200,56200,56200,9200
VCB,56200,02/06/2025,13:14:53,56200,56300,56200,56200,28800
VCB,56200,02/06/2025,13:14:53,56200,56300,56200,56200,28800
VCB,56200,02/06/2025,13:14:53,56200,56300,56200,56200,28800
VCB,56200,02/06/2025,13:15:56,56200,56200,56200,56200,4900
VCB,56200,02/06/2025,13:15:56,56200,56200,56200,56200,4900
VCB,56200,02/06/2025,13:15:56,56200,56200,56200,56200,4900
VCB,56200,02/06/2025,13:16:58,56200,56200,56200,56200,17100
VCB,56200,02/06/2025,13:16:58,56200,56200,56200,56200,17100
VCB,56200,02/06/2025,13:16:58,56200,56200,56200,56200,17100
VCB,56200,02/06/2025,13:17:59,56200,56200,56100,56200,11400
VCB,56200,02/06/2025,13:17:59,56200,56200,56100,56200,11400
VCB,56200,02/06/2025,13:17:59,56200,56200,56100,56200,11400
VCB,56200,02/06/2025,13:18:46,56200,56200,56100,56200,6000
VCB,56200,02/06/2025,13:18:46,56200,56200,56100,56200,6000
VCB,56200,02/06/2025,13:18:46,56200,56200,56100,56200,6000
VCB,56200,02/06/2025,13:19:54,56200,56200,56100,56200,10100
VCB,56200,02/06/2025,13:19:54,56200,56200,56100,56200,10100
VCB,56200,02/06/2025,13:19:54,56200,56200,56100,56200,10100
VCB,56200,02/06/2025,13:20:58,56100,56200,56100,56200,2300
VCB,56200,02/06/2025,13:20:58,56100,56200,56100,56200,2300
VCB,56200,02/06/2025,13:20:58,56100,56200,56100,56200,2300
VCB,56100,02/06/2025,13:21:57,56100,56200,56100,56100,20100
VCB,56100,02/06/2025,13:21:57,56100,56200,56100,56100,20100
VCB,56100,02/06/2025,13:21:57,56100,56200,56100,56100,20100
VCB,56100,02/06/2025,13:22:47,56100,56200,56100,56100,5600
VCB,56100,02/06/2025,13:22:47,56100,56200,56100,56100,5600
VCB,56100,02/06/2025,13:22:47,56100,56200,56100,56100,5600
VCB,56200,02/06/2025,13:23:55,56100,56200,56100,56200,29800
VCB,56200,02/06/2025,13:23:55,56100,56200,56100,56200,29800
VCB,56200,02/06/2025,13:23:55,56100,56200,56100,56200,29800
VCB,56100,02/06/2025,13:24:55,56200,56200,56100,56100,9600
VCB,56100,02/06/2025,13:24:55,56200,56200,56100,56100,9600
VCB,56100,02/06/2025,13:24:55,56200,56200,56100,56100,9600
VCB,56200,02/06/2025,13:25:49,56200,56200,56100,56200,6700
VCB,56200,02/06/2025,13:25:49,56200,56200,56100,56200,6700
VCB,56200,02/06/2025,13:25:49,56200,56200,56100,56200,6700
VCB,56200,02/06/2025,13:26:48,56200,56200,56100,56200,8700
VCB,56200,02/06/2025,13:26:48,56200,56200,56100,56200,8700
VCB,56200,02/06/2025,13:26:48,56200,56200,56100,56200,8700
VCB,56200,02/06/2025,13:27:51,56200,56200,56100,56200,3800
VCB,56200,02/06/2025,13:27:51,56200,56200,56100,56200,3800
VCB,56200,02/06/2025,13:27:51,56200,56200,56100,56200,3800
VCB,56100,02/06/2025,13:28:39,56100,56200,56100,56100,8900
VCB,56100,02/06/2025,13:28:39,56100,56200,56100,56100,8900
VCB,56100,02/06/2025,13:28:39,56100,56200,56100,56100,8900
VCB,56200,02/06/2025,13:29:46,56200,56200,56100,56200,7600
VCB,56200,02/06/2025,13:29:46,56200,56200,56100,56200,7600
VCB,56200,02/06/2025,13:29:46,56200,56200,56100,56200,7600
VCB,56100,02/06/2025,13:30:57,56200,56200,56100,56100,10400
VCB,56100,02/06/2025,13:30:57,56200,56200,56100,56100,10400
VCB,56100,02/06/2025,13:30:57,56200,56200,56100,56100,10400
VCB,56200,02/06/2025,13:31:45,56100,56200,56100,56200,2500
VCB,56200,02/06/2025,13:31:45,56100,56200,56100,56200,2500
VCB,56200,02/06/2025,13:31:45,56100,56200,56100,56200,2500
VCB,56200,02/06/2025,13:32:47,56200,56200,56100,56200,1700
VCB,56200,02/06/2025,13:32:47,56200,56200,56100,56200,1700
VCB,56200,02/06/2025,13:32:47,56200,56200,56100,56200,1700
VCB,56200,02/06/2025,13:33:58,56200,56200,56100,56200,7400
VCB,56200,02/06/2025,13:33:58,56200,56200,56100,56200,7400
VCB,56200,02/06/2025,13:33:58,56200,56200,56100,56200,7400
VCB,56200,02/06/2025,13:34:52,56200,56200,56100,56200,9500
VCB,56200,02/06/2025,13:34:52,56200,56200,56100,56200,9500
VCB,56200,02/06/2025,13:34:52,56200,56200,56100,56200,9500
VCB,56200,02/06/2025,13:35:51,56200,56200,56100,56200,17300
VCB,56200,02/06/2025,13:35:51,56200,56200,56100,56200,17300
VCB,56200,02/06/2025,13:35:51,56200,56200,56100,56200,17300
VCB,56200,02/06/2025,13:36:55,56200,56200,56100,56200,13300
VCB,56200,02/06/2025,13:36:55,56200,56200,56100,56200,13300
VCB,56200,02/06/2025,13:36:55,56200,56200,56100,56200,13300
VCB,56200,02/06/2025,13:37:59,56200,56200,56100,56200,5400
VCB,56200,02/06/2025,13:37:59,56200,56200,56100,56200,5400
VCB,56200,02/06/2025,13:37:59,56200,56200,56100,56200,5400
VCB,56100,02/06/2025,13:38:52,56200,56200,56100,56100,3500
VCB,56100,02/06/2025,13:38:52,56200,56200,56100,56100,3500
VCB,56100,02/06/2025,13:38:52,56200,56200,56100,56100,3500
VCB,56100,02/06/2025,13:39:54,56200,56200,56100,56100,5400
VCB,56100,02/06/2025,13:39:54,56200,56200,56100,56100,5400
VCB,56100,02/06/2025,13:39:54,56200,56200,56100,56100,5400
VCB,56100,02/06/2025,13:40:55,56100,56100,56100,56100,2600
VCB,56100,02/06/2025,13:40:55,56100,56100,56100,56100,2600
VCB,56100,02/06/2025,13:40:55,56100,56100,56100,56100,2600
VCB,56200,02/06/2025,13:41:58,56200,56200,56100,56200,9300
VCB,56200,02/06/2025,13:41:58,56200,56200,56100,56200,9300
VCB,56200,02/06/2025,13:41:58,56200,56200,56100,56200,9300
VCB,56100,02/06/2025,13:42:58,56200,56200,56100,56100,15700
VCB,56100,02/06/2025,13:42:58,56200,56200,56100,56100,15700
VCB,56100,02/06/2025,13:42:58,56200,56200,56100,56100,15700
VCB,56100,02/06/2025,13:43:59,56100,56200,56100,56100,4500
VCB,56100,02/06/2025,13:43:59,56100,56200,56100,56100,4500
VCB,56100,02/06/2025,13:43:59,56100,56200,56100,56100,4500
VCB,56200,02/06/2025,13:44:34,56100,56200,56100,56200,3100
VCB,56200,02/06/2025,13:44:34,56100,56200,56100,56200,3100
VCB,56200,02/06/2025,13:44:34,56100,56200,56100,56200,3100
VCB,56200,02/06/2025,13:45:58,56100,56200,56100,56200,4600
VCB,56200,02/06/2025,13:45:58,56100,56200,56100,56200,4600
VCB,56200,02/06/2025,13:45:58,56100,56200,56100,56200,4600
VCB,56100,02/06/2025,13:46:45,56100,56200,56100,56100,7700
VCB,56100,02/06/2025,13:46:45,56100,56200,56100,56100,7700
VCB,56100,02/06/2025,13:46:45,56100,56200,56100,56100,7700
VCB,56200,02/06/2025,13:47:40,56100,56200,56100,56200,31900
VCB,56200,02/06/2025,13:47:40,56100,56200,56100,56200,31900
VCB,56200,02/06/2025,13:47:40,56100,56200,56100,56200,31900
VCB,56100,02/06/2025,13:48:46,56200,56200,56100,56100,5800
VCB,56100,02/06/2025,13:48:46,56200,56200,56100,56100,5800
VCB,56100,02/06/2025,13:48:46,56200,56200,56100,56100,5800
VCB,56100,02/06/2025,13:49:53,56100,56200,56100,56100,8500
VCB,56100,02/06/2025,13:49:53,56100,56200,56100,56100,8500
VCB,56100,02/06/2025,13:49:53,56100,56200,56100,56100,8500
VCB,56200,02/06/2025,13:50:58,56100,56200,56100,56200,9700
VCB,56200,02/06/2025,13:50:58,56100,56200,56100,56200,9700
VCB,56200,02/06/2025,13:50:58,56100,56200,56100,56200,9700
VCB,56200,02/06/2025,13:51:52,56100,56200,56100,56200,5600
VCB,56200,02/06/2025,13:51:52,56100,56200,56100,56200,5600
VCB,56200,02/06/2025,13:51:52,56100,56200,56100,56200,5600
VCB,56200,02/06/2025,13:52:28,56100,56200,56100,56200,5200
VCB,56200,02/06/2025,13:52:28,56100,56200,56100,56200,5200
VCB,56200,02/06/2025,13:52:28,56100,56200,56100,56200,5200
VCB,56200,02/06/2025,13:53:58,56100,56200,56100,56200,4000
VCB,56200,02/06/2025,13:53:58,56100,56200,56100,56200,4000
VCB,56200,02/06/2025,13:53:58,56100,56200,56100,56200,4000
VCB,56100,02/06/2025,13:54:15,56200,56200,56100,56100,2300
VCB,56100,02/06/2025,13:54:15,56200,56200,56100,56100,2300
VCB,56100,02/06/2025,13:54:15,56200,56200,56100,56100,2300
VCB,56200,02/06/2025,13:55:59,56200,56200,56100,56200,2600
VCB,56200,02/06/2025,13:55:59,56200,56200,56100,56200,2600
VCB,56200,02/06/2025,13:55:59,56200,56200,56100,56200,2600
VCB,56300,02/06/2025,13:56:58,56200,56300,56100,56300,110500
VCB,56300,02/06/2025,13:56:58,56200,56300,56100,56300,110500
VCB,56300,02/06/2025,13:56:58,56200,56300,56100,56300,110500
VCB,56300,02/06/2025,13:57:54,56300,56300,56200,56300,7200
VCB,56300,02/06/2025,13:57:54,56300,56300,56200,56300,7200
VCB,56300,02/06/2025,13:57:54,56300,56300,56200,56300,7200
VCB,56200,02/06/2025,13:58:59,56300,56300,56200,56200,157500
VCB,56200,02/06/2025,13:58:59,56300,56300,56200,56200,157500
VCB,56200,02/06/2025,13:58:59,56300,56300,56200,56200,157500
VCB,56300,02/06/2025,13:59:53,56300,56300,56200,56300,51600
VCB,56300,02/06/2025,13:59:53,56300,56300,56200,56300,51600
VCB,56300,02/06/2025,13:59:53,56300,56300,56200,56300,51600
VCB,56400,02/06/2025,14:00:52,56200,56400,56200,56400,52600
VCB,56400,02/06/2025,14:00:52,56200,56400,56200,56400,52600
VCB,56400,02/06/2025,14:00:52,56200,56400,56200,56400,52600
VCB,56300,02/06/2025,14:01:33,56300,56300,56300,56300,4500
VCB,56300,02/06/2025,14:01:33,56300,56300,56300,56300,4500
VCB,56300,02/06/2025,14:01:33,56300,56300,56300,56300,4500
VCB,56400,02/06/2025,14:02:59,56300,56400,56300,56400,37500
VCB,56400,02/06/2025,14:02:59,56300,56400,56300,56400,37500
VCB,56400,02/06/2025,14:02:59,56300,56400,56300,56400,37500
VCB,56400,02/06/2025,14:03:58,56400,56400,56300,56400,29600
VCB,56400,02/06/2025,14:03:58,56400,56400,56300,56400,29600
VCB,56400,02/06/2025,14:03:58,56400,56400,56300,56400,29600
VCB,56400,02/06/2025,14:04:50,56300,56400,56300,56400,8400
VCB,56400,02/06/2025,14:04:50,56300,56400,56300,56400,8400
VCB,56400,02/06/2025,14:04:50,56300,56400,56300,56400,8400
VCB,56300,02/06/2025,14:05:44,56400,56400,56300,56300,42900
VCB,56300,02/06/2025,14:05:44,56400,56400,56300,56300,42900
VCB,56300,02/06/2025,14:05:44,56400,56400,56300,56300,42900
VCB,56300,02/06/2025,14:06:51,56300,56300,56200,56300,10700
VCB,56300,02/06/2025,14:06:51,56300,56300,56200,56300,10700
VCB,56300,02/06/2025,14:06:51,56300,56300,56200,56300,10700
VCB,56300,02/06/2025,14:07:59,56300,56300,56200,56300,13100
VCB,56300,02/06/2025,14:07:59,56300,56300,56200,56300,13100
VCB,56300,02/06/2025,14:07:59,56300,56300,56200,56300,13100
VCB,56200,02/06/2025,14:08:36,56300,56300,56200,56200,56300
VCB,56200,02/06/2025,14:08:36,56300,56300,56200,56200,56300
VCB,56200,02/06/2025,14:08:36,56300,56300,56200,56200,56300
VCB,56200,02/06/2025,14:09:50,56300,56300,56200,56200,23300
VCB,56200,02/06/2025,14:09:50,56300,56300,56200,56200,23300
VCB,56200,02/06/2025,14:09:50,56300,56300,56200,56200,23300
VCB,56200,02/06/2025,14:10:35,56200,56200,56200,56200,27700
VCB,56200,02/06/2025,14:10:35,56200,56200,56200,56200,27700
VCB,56200,02/06/2025,14:10:35,56200,56200,56200,56200,27700
VCB,56200,02/06/2025,14:11:37,56300,56300,56200,56200,1700
VCB,56200,02/06/2025,14:11:37,56300,56300,56200,56200,1700
VCB,56200,02/06/2025,14:11:37,56300,56300,56200,56200,1700
VCB,56300,02/06/2025,14:12:46,56200,56300,56200,56300,22400
VCB,56300,02/06/2025,14:12:46,56200,56300,56200,56300,22400
VCB,56300,02/06/2025,14:12:46,56200,56300,56200,56300,22400
VCB,56200,02/06/2025,14:13:54,56300,56300,56200,56200,4300
VCB,56200,02/06/2025,14:13:54,56300,56300,56200,56200,4300
VCB,56200,02/06/2025,14:13:54,56300,56300,56200,56200,4300
VCB,56300,02/06/2025,14:14:58,56300,56300,56200,56300,12200
VCB,56300,02/06/2025,14:14:58,56300,56300,56200,56300,12200
VCB,56300,02/06/2025,14:14:58,56300,56300,56200,56300,12200
VCB,56200,02/06/2025,14:15:47,56200,56300,56200,56200,3600
VCB,56200,02/06/2025,14:15:47,56200,56300,56200,56200,3600
VCB,56200,02/06/2025,14:15:47,56200,56300,56200,56200,3600
VCB,56200,02/06/2025,14:16:49,56200,56300,56200,56200,60000
VCB,56200,02/06/2025,14:16:49,56200,56300,56200,56200,60000
VCB,56200,02/06/2025,14:16:49,56200,56300,56200,56200,60000
VCB,56200,02/06/2025,14:17:50,56200,56200,56200,56200,23100
VCB,56200,02/06/2025,14:17:50,56200,56200,56200,56200,23100
VCB,56200,02/06/2025,14:17:50,56200,56200,56200,56200,23100
VCB,56200,02/06/2025,14:18:58,56200,56200,56200,56200,3200
VCB,56200,02/06/2025,14:18:58,56200,56200,56200,56200,3200
VCB,56200,02/06/2025,14:18:58,56200,56200,56200,56200,3200
VCB,56200,02/06/2025,14:19:48,56200,56300,56200,56200,3200
VCB,56200,02/06/2025,14:19:48,56200,56300,56200,56200,3200
VCB,56200,02/06/2025,14:19:48,56200,56300,56200,56200,3200
VCB,56200,02/06/2025,14:20:50,56200,56300,56200,56200,14300
VCB,56200,02/06/2025,14:20:50,56200,56300,56200,56200,14300
VCB,56200,02/06/2025,14:20:50,56200,56300,56200,56200,14300
VCB,56200,02/06/2025,14:21:50,56300,56300,56200,56200,2200
VCB,56200,02/06/2025,14:21:50,56300,56300,56200,56200,2200
VCB,56200,02/06/2025,14:21:50,56300,56300,56200,56200,2200
VCB,56300,02/06/2025,14:22:59,56200,56300,56200,56300,21300
VCB,56300,02/06/2025,14:22:59,56200,56300,56200,56300,21300
VCB,56300,02/06/2025,14:22:59,56200,56300,56200,56300,21300
VCB,56300,02/06/2025,14:23:56,56200,56300,56200,56300,11100
VCB,56300,02/06/2025,14:23:56,56200,56300,56200,56300,11100
VCB,56300,02/06/2025,14:23:56,56200,56300,56200,56300,11100
VCB,56300,02/06/2025,14:24:58,56300,56300,56200,56300,16700
VCB,56300,02/06/2025,14:24:58,56300,56300,56200,56300,16700
VCB,56300,02/06/2025,14:24:58,56300,56300,56200,56300,16700
VCB,56300,02/06/2025,14:25:57,56300,56300,56200,56300,4200
VCB,56300,02/06/2025,14:25:57,56300,56300,56200,56300,4200
VCB,56300,02/06/2025,14:25:57,56300,56300,56200,56300,4200
VCB,56300,02/06/2025,14:26:59,56300,56300,56200,56300,28000
VCB,56300,02/06/2025,14:26:59,56300,56300,56200,56300,28000
VCB,56300,02/06/2025,14:26:59,56300,56300,56200,56300,28000
VCB,56200,02/06/2025,14:27:59,56300,56300,56200,56200,15100
VCB,56200,02/06/2025,14:27:59,56300,56300,56200,56200,15100
VCB,56200,02/06/2025,14:27:59,56300,56300,56200,56200,15100
VCB,56300,02/06/2025,14:28:53,56300,56300,56200,56300,6200
VCB,56300,02/06/2025,14:28:53,56300,56300,56200,56300,6200
VCB,56300,02/06/2025,14:28:53,56300,56300,56200,56300,6200
VCB,56300,02/06/2025,14:29:57,56200,56300,56200,56300,49400
VCB,56300,02/06/2025,14:29:57,56200,56300,56200,56300,49400
VCB,56300,02/06/2025,14:29:57,56200,56300,56200,56300,49400
VCB,56200,02/06/2025,14:45:00,56200,56200,56200,56200,117200
VCB,56200,02/06/2025,14:45:00,56200,56200,56200,56200,117200
VCB,56200,02/06/2025,14:45:00,56200,56200,56200,56200,117200
VCB,56600,03/06/2025,09:15:50,56700,56700,56500,56600,59100
VCB,56600,03/06/2025,09:15:50,56700,56700,56500,56600,59100
VCB,56600,03/06/2025,09:15:50,56700,56700,56500,56600,59100
VCB,56600,03/06/2025,09:16:59,56600,56700,56500,56600,27700
VCB,56600,03/06/2025,09:16:59,56600,56700,56500,56600,27700
VCB,56600,03/06/2025,09:16:59,56600,56700,56500,56600,27700
VCB,56600,03/06/2025,09:17:57,56600,56600,56600,56600,2400
VCB,56600,03/06/2025,09:17:57,56600,56600,56600,56600,2400
VCB,56600,03/06/2025,09:17:57,56600,56600,56600,56600,2400
VCB,56600,03/06/2025,09:18:50,56600,56700,56600,56600,6500
VCB,56600,03/06/2025,09:18:50,56600,56700,56600,56600,6500
VCB,56600,03/06/2025,09:18:50,56600,56700,56600,56600,6500
VCB,56700,03/06/2025,09:19:52,56700,56700,56600,56700,8500
VCB,56700,03/06/2025,09:19:52,56700,56700,56600,56700,8500
VCB,56700,03/06/2025,09:19:52,56700,56700,56600,56700,8500
VCB,56700,03/06/2025,09:20:57,56600,56700,56600,56700,3400
VCB,56700,03/06/2025,09:20:57,56600,56700,56600,56700,3400
VCB,56700,03/06/2025,09:20:57,56600,56700,56600,56700,3400
VCB,56600,03/06/2025,09:21:55,56600,56700,56600,56600,10100
VCB,56600,03/06/2025,09:21:55,56600,56700,56600,56600,10100
VCB,56600,03/06/2025,09:21:55,56600,56700,56600,56600,10100
VCB,56600,03/06/2025,09:22:50,56600,56600,56600,56600,36900
VCB,56600,03/06/2025,09:22:50,56600,56600,56600,56600,36900
VCB,56600,03/06/2025,09:22:50,56600,56600,56600,56600,36900
VCB,56500,03/06/2025,09:23:34,56500,56500,56500,56500,11100
VCB,56500,03/06/2025,09:23:34,56500,56500,56500,56500,11100
VCB,56500,03/06/2025,09:23:34,56500,56500,56500,56500,11100
VCB,56500,03/06/2025,09:24:55,56500,56500,56500,56500,400
VCB,56500,03/06/2025,09:24:55,56500,56500,56500,56500,400
VCB,56500,03/06/2025,09:24:55,56500,56500,56500,56500,400
VCB,56500,03/06/2025,09:25:51,56500,56600,56500,56500,15800
VCB,56500,03/06/2025,09:25:51,56500,56600,56500,56500,15800
VCB,56500,03/06/2025,09:25:51,56500,56600,56500,56500,15800
VCB,56500,03/06/2025,09:26:54,56500,56500,56500,56500,1500
VCB,56500,03/06/2025,09:26:54,56500,56500,56500,56500,1500
VCB,56500,03/06/2025,09:26:54,56500,56500,56500,56500,1500
VCB,56500,03/06/2025,09:27:55,56400,56500,56400,56500,2100
VCB,56500,03/06/2025,09:27:55,56400,56500,56400,56500,2100
VCB,56500,03/06/2025,09:27:55,56400,56500,56400,56500,2100
VCB,56400,03/06/2025,09:28:32,56500,56500,56400,56400,3900
VCB,56400,03/06/2025,09:28:32,56500,56500,56400,56400,3900
VCB,56400,03/06/2025,09:28:32,56500,56500,56400,56400,3900
VCB,56400,03/06/2025,09:29:53,56400,56400,56400,56400,23300
VCB,56400,03/06/2025,09:29:53,56400,56400,56400,56400,23300
VCB,56400,03/06/2025,09:29:53,56400,56400,56400,56400,23300
VCB,56500,03/06/2025,09:30:55,56500,56500,56500,56500,8200
VCB,56500,03/06/2025,09:30:55,56500,56500,56500,56500,8200
VCB,56500,03/06/2025,09:30:55,56500,56500,56500,56500,8200
VCB,56500,03/06/2025,09:31:56,56500,56500,56400,56500,13500
VCB,56500,03/06/2025,09:31:56,56500,56500,56400,56500,13500
VCB,56500,03/06/2025,09:31:56,56500,56500,56400,56500,13500
VCB,56500,03/06/2025,09:32:53,56500,56500,56500,56500,3000
VCB,56500,03/06/2025,09:32:53,56500,56500,56500,56500,3000
VCB,56500,03/06/2025,09:32:53,56500,56500,56500,56500,3000
VCB,56500,03/06/2025,09:33:57,56500,56500,56500,56500,17300
VCB,56500,03/06/2025,09:33:57,56500,56500,56500,56500,17300
VCB,56500,03/06/2025,09:33:57,56500,56500,56500,56500,17300
VCB,56500,03/06/2025,09:34:56,56500,56500,56500,56500,8000
VCB,56500,03/06/2025,09:34:56,56500,56500,56500,56500,8000
VCB,56500,03/06/2025,09:34:56,56500,56500,56500,56500,8000
VCB,56400,03/06/2025,09:35:45,56500,56500,56400,56400,4600
VCB,56400,03/06/2025,09:35:45,56500,56500,56400,56400,4600
VCB,56400,03/06/2025,09:35:45,56500,56500,56400,56400,4600
VCB,56400,03/06/2025,09:36:48,56500,56500,56400,56400,4000
VCB,56400,03/06/2025,09:36:48,56500,56500,56400,56400,4000
VCB,56400,03/06/2025,09:36:48,56500,56500,56400,56400,4000
VCB,56400,03/06/2025,09:37:34,56500,56500,56400,56400,12900
VCB,56400,03/06/2025,09:37:34,56500,56500,56400,56400,12900
VCB,56400,03/06/2025,09:37:34,56500,56500,56400,56400,12900
VCB,56500,03/06/2025,09:38:57,56500,56500,56400,56500,5400
VCB,56500,03/06/2025,09:38:57,56500,56500,56400,56500,5400
VCB,56500,03/06/2025,09:38:57,56500,56500,56400,56500,5400
VCB,56500,03/06/2025,09:39:51,56500,56500,56500,56500,6600
VCB,56500,03/06/2025,09:39:51,56500,56500,56500,56500,6600
VCB,56500,03/06/2025,09:39:51,56500,56500,56500,56500,6600
VCB,56500,03/06/2025,09:40:57,56500,56500,56500,56500,1200
VCB,56500,03/06/2025,09:40:57,56500,56500,56500,56500,1200
VCB,56500,03/06/2025,09:40:57,56500,56500,56500,56500,1200
VCB,56600,03/06/2025,09:41:53,56600,56600,56600,56600,1200
VCB,56600,03/06/2025,09:41:53,56600,56600,56600,56600,1200
VCB,56600,03/06/2025,09:41:53,56600,56600,56600,56600,1200
VCB,56600,03/06/2025,09:42:55,56600,56600,56500,56600,19500
VCB,56600,03/06/2025,09:42:55,56600,56600,56500,56600,19500
VCB,56600,03/06/2025,09:42:55,56600,56600,56500,56600,19500
VCB,56600,03/06/2025,09:43:58,56600,56600,56500,56600,50800
VCB,56600,03/06/2025,09:43:58,56600,56600,56500,56600,50800
VCB,56600,03/06/2025,09:43:58,56600,56600,56500,56600,50800
VCB,56700,03/06/2025,09:44:47,56600,56700,56600,56700,28200
VCB,56700,03/06/2025,09:44:47,56600,56700,56600,56700,28200
VCB,56700,03/06/2025,09:44:47,56600,56700,56600,56700,28200
VCB,56700,03/06/2025,09:45:51,56700,56700,56600,56700,11000
VCB,56700,03/06/2025,09:45:51,56700,56700,56600,56700,11000
VCB,56700,03/06/2025,09:45:51,56700,56700,56600,56700,11000
VCB,56700,03/06/2025,09:46:52,56700,56700,56700,56700,4800
VCB,56700,03/06/2025,09:46:52,56700,56700,56700,56700,4800
VCB,56700,03/06/2025,09:46:52,56700,56700,56700,56700,4800
VCB,56700,03/06/2025,09:47:48,56700,56700,56600,56700,13100
VCB,56700,03/06/2025,09:47:48,56700,56700,56600,56700,13100
VCB,56700,03/06/2025,09:47:48,56700,56700,56600,56700,13100
VCB,56700,03/06/2025,09:48:59,56700,56700,56600,56700,41400
VCB,56700,03/06/2025,09:48:59,56700,56700,56600,56700,41400
VCB,56700,03/06/2025,09:48:59,56700,56700,56600,56700,41400
VCB,56700,03/06/2025,09:49:29,56700,56700,56700,56700,3000
VCB,56700,03/06/2025,09:49:29,56700,56700,56700,56700,3000
VCB,56700,03/06/2025,09:49:29,56700,56700,56700,56700,3000
VCB,56800,03/06/2025,09:50:48,56700,56800,56600,56800,45100
VCB,56800,03/06/2025,09:50:48,56700,56800,56600,56800,45100
VCB,56800,03/06/2025,09:50:48,56700,56800,56600,56800,45100
VCB,56800,03/06/2025,09:51:28,56700,56800,56700,56800,2200
VCB,56800,03/06/2025,09:51:28,56700,56800,56700,56800,2200
VCB,56800,03/06/2025,09:51:28,56700,56800,56700,56800,2200
VCB,56700,03/06/2025,09:52:57,56800,56800,56700,56700,14700
VCB,56700,03/06/2025,09:52:57,56800,56800,56700,56700,14700
VCB,56700,03/06/2025,09:52:57,56800,56800,56700,56700,14700
VCB,56600,03/06/2025,09:53:57,56800,56800,56600,56600,29300
VCB,56600,03/06/2025,09:53:57,56800,56800,56600,56600,29300
VCB,56600,03/06/2025,09:53:57,56800,56800,56600,56600,29300
VCB,56700,03/06/2025,09:54:57,56700,56700,56700,56700,19200
VCB,56700,03/06/2025,09:54:57,56700,56700,56700,56700,19200
VCB,56700,03/06/2025,09:54:57,56700,56700,56700,56700,19200
VCB,56700,03/06/2025,09:55:51,56700,56700,56700,56700,6900
VCB,56700,03/06/2025,09:55:51,56700,56700,56700,56700,6900
VCB,56700,03/06/2025,09:55:51,56700,56700,56700,56700,6900
VCB,56700,03/06/2025,09:56:51,56700,56700,56700,56700,1100
VCB,56700,03/06/2025,09:56:51,56700,56700,56700,56700,1100
VCB,56700,03/06/2025,09:56:51,56700,56700,56700,56700,1100
VCB,56700,03/06/2025,09:57:47,56600,56700,56600,56700,8600
VCB,56700,03/06/2025,09:57:47,56600,56700,56600,56700,8600
VCB,56700,03/06/2025,09:57:47,56600,56700,56600,56700,8600
VCB,56600,03/06/2025,09:58:49,56700,56700,56600,56600,1300
VCB,56600,03/06/2025,09:58:49,56700,56700,56600,56600,1300
VCB,56600,03/06/2025,09:58:49,56700,56700,56600,56600,1300
VCB,56700,03/06/2025,09:59:50,56700,56700,56600,56700,6000
VCB,56700,03/06/2025,09:59:50,56700,56700,56600,56700,6000
VCB,56700,03/06/2025,09:59:50,56700,56700,56600,56700,6000
VCB,56600,03/06/2025,10:00:56,56600,56600,56600,56600,6500
VCB,56600,03/06/2025,10:00:56,56600,56600,56600,56600,6500
VCB,56600,03/06/2025,10:00:56,56600,56600,56600,56600,6500
VCB,56600,03/06/2025,10:01:41,56600,56600,56600,56600,10000
VCB,56600,03/06/2025,10:01:41,56600,56600,56600,56600,10000
VCB,56600,03/06/2025,10:01:41,56600,56600,56600,56600,10000
VCB,56700,03/06/2025,10:02:56,56600,56700,56600,56700,1500
VCB,56700,03/06/2025,10:02:56,56600,56700,56600,56700,1500
VCB,56700,03/06/2025,10:02:56,56600,56700,56600,56700,1500
VCB,56600,03/06/2025,10:03:56,56600,56700,56600,56600,1200
VCB,56600,03/06/2025,10:03:56,56600,56700,56600,56600,1200
VCB,56600,03/06/2025,10:03:56,56600,56700,56600,56600,1200
VCB,56600,03/06/2025,10:04:59,56600,56700,56600,56600,1700
VCB,56600,03/06/2025,10:04:59,56600,56700,56600,56600,1700
VCB,56600,03/06/2025,10:04:59,56600,56700,56600,56600,1700
VCB,56700,03/06/2025,10:05:37,56700,56700,56700,56700,1200
VCB,56700,03/06/2025,10:05:37,56700,56700,56700,56700,1200
VCB,56700,03/06/2025,10:05:37,56700,56700,56700,56700,1200
VCB,56700,03/06/2025,10:06:57,56700,56700,56700,56700,400
VCB,56700,03/06/2025,10:06:57,56700,56700,56700,56700,400
VCB,56700,03/06/2025,10:06:57,56700,56700,56700,56700,400
VCB,56700,03/06/2025,10:07:39,56700,56700,56600,56700,3400
VCB,56700,03/06/2025,10:07:39,56700,56700,56600,56700,3400
VCB,56700,03/06/2025,10:07:39,56700,56700,56600,56700,3400
VCB,56700,03/06/2025,10:08:51,56700,56700,56700,56700,16300
VCB,56700,03/06/2025,10:08:51,56700,56700,56700,56700,16300
VCB,56700,03/06/2025,10:08:51,56700,56700,56700,56700,16300
VCB,56700,03/06/2025,10:09:58,56700,56700,56600,56700,6200
VCB,56700,03/06/2025,10:09:58,56700,56700,56600,56700,6200
VCB,56700,03/06/2025,10:09:58,56700,56700,56600,56700,6200
VCB,56600,03/06/2025,10:10:55,56700,56700,56600,56600,2200
VCB,56600,03/06/2025,10:10:55,56700,56700,56600,56600,2200
VCB,56600,03/06/2025,10:10:55,56700,56700,56600,56600,2200
VCB,56700,03/06/2025,10:11:42,56700,56700,56700,56700,30000
VCB,56700,03/06/2025,10:11:42,56700,56700,56700,56700,30000
VCB,56700,03/06/2025,10:11:42,56700,56700,56700,56700,30000
VCB,56700,03/06/2025,10:12:42,56700,56700,56700,56700,9700
VCB,56700,03/06/2025,10:12:42,56700,56700,56700,56700,9700
VCB,56700,03/06/2025,10:12:42,56700,56700,56700,56700,9700
VCB,56600,03/06/2025,10:13:56,56700,56700,56600,56600,30900
VCB,56600,03/06/2025,10:13:56,56700,56700,56600,56600,30900
VCB,56600,03/06/2025,10:13:56,56700,56700,56600,56600,30900
VCB,56500,03/06/2025,10:14:56,56600,56600,56500,56500,31000
VCB,56500,03/06/2025,10:14:56,56600,56600,56500,56500,31000
VCB,56500,03/06/2025,10:14:56,56600,56600,56500,56500,31000
VCB,56600,03/06/2025,10:15:59,56600,56600,56600,56600,11600
VCB,56600,03/06/2025,10:15:59,56600,56600,56600,56600,11600
VCB,56600,03/06/2025,10:15:59,56600,56600,56600,56600,11600
VCB,56500,03/06/2025,10:16:57,56600,56600,56500,56500,7100
VCB,56500,03/06/2025,10:16:57,56600,56600,56500,56500,7100
VCB,56500,03/06/2025,10:16:57,56600,56600,56500,56500,7100
VCB,56500,03/06/2025,10:17:37,56500,56600,56500,56500,3700
VCB,56500,03/06/2025,10:17:37,56500,56600,56500,56500,3700
VCB,56500,03/06/2025,10:17:37,56500,56600,56500,56500,3700
VCB,56500,03/06/2025,10:18:59,56600,56600,56500,56500,2700
VCB,56500,03/06/2025,10:18:59,56600,56600,56500,56500,2700
VCB,56500,03/06/2025,10:18:59,56600,56600,56500,56500,2700
VCB,56600,03/06/2025,10:19:48,56600,56600,56600,56600,1400
VCB,56600,03/06/2025,10:19:48,56600,56600,56600,56600,1400
VCB,56600,03/06/2025,10:19:48,56600,56600,56600,56600,1400
VCB,56500,03/06/2025,10:20:55,56600,56600,56500,56500,3500
VCB,56500,03/06/2025,10:20:55,56600,56600,56500,56500,3500
VCB,56500,03/06/2025,10:20:55,56600,56600,56500,56500,3500
VCB,56500,03/06/2025,10:21:35,56600,56600,56500,56500,1900
VCB,56500,03/06/2025,10:21:35,56600,56600,56500,56500,1900
VCB,56500,03/06/2025,10:21:35,56600,56600,56500,56500,1900
VCB,56600,03/06/2025,10:22:49,56500,56600,56500,56600,5000
VCB,56600,03/06/2025,10:22:49,56500,56600,56500,56600,5000
VCB,56600,03/06/2025,10:22:49,56500,56600,56500,56600,5000
VCB,56600,03/06/2025,10:23:52,56600,56600,56500,56600,13600
VCB,56600,03/06/2025,10:23:52,56600,56600,56500,56600,13600
VCB,56600,03/06/2025,10:23:52,56600,56600,56500,56600,13600
VCB,56600,03/06/2025,10:24:54,56600,56600,56600,56600,5900
VCB,56600,03/06/2025,10:24:54,56600,56600,56600,56600,5900
VCB,56600,03/06/2025,10:24:54,56600,56600,56600,56600,5900
VCB,56500,03/06/2025,10:25:47,56500,56600,56500,56500,22300
VCB,56500,03/06/2025,10:25:47,56500,56600,56500,56500,22300
VCB,56500,03/06/2025,10:25:47,56500,56600,56500,56500,22300
VCB,56500,03/06/2025,10:26:52,56500,56600,56500,56500,3300
VCB,56500,03/06/2025,10:26:52,56500,56600,56500,56500,3300
VCB,56500,03/06/2025,10:26:52,56500,56600,56500,56500,3300
VCB,56600,03/06/2025,10:27:54,56500,56600,56500,56600,2200
VCB,56600,03/06/2025,10:27:54,56500,56600,56500,56600,2200
VCB,56600,03/06/2025,10:27:54,56500,56600,56500,56600,2200
VCB,56500,03/06/2025,10:28:43,56600,56600,56500,56500,900
VCB,56500,03/06/2025,10:28:43,56600,56600,56500,56500,900
VCB,56500,03/06/2025,10:28:43,56600,56600,56500,56500,900
VCB,56600,03/06/2025,10:29:58,56600,56600,56600,56600,800
VCB,56600,03/06/2025,10:29:58,56600,56600,56600,56600,800
VCB,56600,03/06/2025,10:29:58,56600,56600,56600,56600,800
VCB,56600,03/06/2025,10:30:37,56600,56600,56600,56600,400
VCB,56600,03/06/2025,10:30:37,56600,56600,56600,56600,400
VCB,56600,03/06/2025,10:30:37,56600,56600,56600,56600,400
VCB,56500,03/06/2025,10:31:55,56600,56600,56500,56500,52200
VCB,56500,03/06/2025,10:31:55,56600,56600,56500,56500,52200
VCB,56500,03/06/2025,10:31:55,56600,56600,56500,56500,52200
VCB,56500,03/06/2025,10:32:10,56500,56500,56500,56500,3900
VCB,56500,03/06/2025,10:32:10,56500,56500,56500,56500,3900
VCB,56500,03/06/2025,10:32:10,56500,56500,56500,56500,3900
VCB,56500,03/06/2025,10:33:58,56500,56500,56500,56500,2100
VCB,56500,03/06/2025,10:33:58,56500,56500,56500,56500,2100
VCB,56500,03/06/2025,10:33:58,56500,56500,56500,56500,2100
VCB,56600,03/06/2025,10:34:39,56500,56600,56500,56600,500
VCB,56600,03/06/2025,10:34:39,56500,56600,56500,56600,500
VCB,56600,03/06/2025,10:34:39,56500,56600,56500,56600,500
VCB,56600,03/06/2025,10:35:26,56600,56600,56600,56600,900
VCB,56600,03/06/2025,10:35:26,56600,56600,56600,56600,900
VCB,56600,03/06/2025,10:35:26,56600,56600,56600,56600,900
VCB,56600,03/06/2025,10:36:00,56600,56600,56600,56600,100
VCB,56600,03/06/2025,10:36:00,56600,56600,56600,56600,100
VCB,56600,03/06/2025,10:36:00,56600,56600,56600,56600,100
VCB,56500,03/06/2025,10:37:48,56500,56600,56500,56500,2800
VCB,56500,03/06/2025,10:37:48,56500,56600,56500,56500,2800
VCB,56500,03/06/2025,10:37:48,56500,56600,56500,56500,2800
VCB,56500,03/06/2025,10:38:10,56500,56500,56500,56500,1000
VCB,56500,03/06/2025,10:38:10,56500,56500,56500,56500,1000
VCB,56500,03/06/2025,10:38:10,56500,56500,56500,56500,1000
VCB,56500,03/06/2025,10:39:48,56500,56500,56500,56500,5200
VCB,56500,03/06/2025,10:39:48,56500,56500,56500,56500,5200
VCB,56500,03/06/2025,10:39:48,56500,56500,56500,56500,5200
VCB,56600,03/06/2025,10:40:53,56600,56600,56500,56600,1500
VCB,56600,03/06/2025,10:40:53,56600,56600,56500,56600,1500
VCB,56600,03/06/2025,10:40:53,56600,56600,56500,56600,1500
VCB,56600,03/06/2025,10:41:25,56600,56600,56600,56600,200
VCB,56600,03/06/2025,10:41:25,56600,56600,56600,56600,200
VCB,56600,03/06/2025,10:41:25,56600,56600,56600,56600,200
VCB,56500,03/06/2025,10:42:58,56500,56600,56500,56500,7500
VCB,56500,03/06/2025,10:42:58,56500,56600,56500,56500,7500
VCB,56500,03/06/2025,10:42:58,56500,56600,56500,56500,7500
VCB,56500,03/06/2025,10:43:23,56500,56600,56500,56500,1500
VCB,56500,03/06/2025,10:43:23,56500,56600,56500,56500,1500
VCB,56500,03/06/2025,10:43:23,56500,56600,56500,56500,1500
VCB,56600,03/06/2025,10:44:34,56600,56600,56600,56600,400
VCB,56600,03/06/2025,10:44:34,56600,56600,56600,56600,400
VCB,56600,03/06/2025,10:44:34,56600,56600,56600,56600,400
VCB,56600,03/06/2025,10:45:56,56600,56600,56600,56600,8200
VCB,56600,03/06/2025,10:45:56,56600,56600,56600,56600,8200
VCB,56600,03/06/2025,10:45:56,56600,56600,56600,56600,8200
VCB,56600,03/06/2025,10:46:53,56600,56600,56600,56600,1600
VCB,56600,03/06/2025,10:46:53,56600,56600,56600,56600,1600
VCB,56600,03/06/2025,10:46:53,56600,56600,56600,56600,1600
VCB,56600,03/06/2025,10:47:58,56600,56600,56500,56600,300
VCB,56600,03/06/2025,10:47:58,56600,56600,56500,56600,300
VCB,56600,03/06/2025,10:47:58,56600,56600,56500,56600,300
VCB,56500,03/06/2025,10:48:49,56600,56600,56500,56500,40200
VCB,56500,03/06/2025,10:48:49,56600,56600,56500,56500,40200
VCB,56500,03/06/2025,10:48:49,56600,56600,56500,56500,40200
VCB,56500,03/06/2025,10:49:52,56500,56500,56500,56500,2000
VCB,56500,03/06/2025,10:49:52,56500,56500,56500,56500,2000
VCB,56500,03/06/2025,10:49:52,56500,56500,56500,56500,2000
VCB,56500,03/06/2025,10:50:54,56500,56500,56500,56500,1600
VCB,56500,03/06/2025,10:50:54,56500,56500,56500,56500,1600
VCB,56500,03/06/2025,10:50:54,56500,56500,56500,56500,1600
VCB,56600,03/06/2025,10:51:51,56600,56600,56500,56600,2300
VCB,56600,03/06/2025,10:51:51,56600,56600,56500,56600,2300
VCB,56600,03/06/2025,10:51:51,56600,56600,56500,56600,2300
VCB,56500,03/06/2025,10:52:59,56600,56600,56500,56500,300
VCB,56500,03/06/2025,10:52:59,56600,56600,56500,56500,300
VCB,56500,03/06/2025,10:52:59,56600,56600,56500,56500,300
VCB,56500,03/06/2025,10:53:54,56600,56600,56500,56500,300
VCB,56500,03/06/2025,10:53:54,56600,56600,56500,56500,300
VCB,56500,03/06/2025,10:53:54,56600,56600,56500,56500,300
VCB,56600,03/06/2025,10:54:55,56500,56600,56500,56600,4200
VCB,56600,03/06/2025,10:54:55,56500,56600,56500,56600,4200
VCB,56600,03/06/2025,10:54:55,56500,56600,56500,56600,4200
VCB,56600,03/06/2025,10:55:46,56600,56600,56600,56600,3700
VCB,56600,03/06/2025,10:55:46,56600,56600,56600,56600,3700
VCB,56600,03/06/2025,10:55:46,56600,56600,56600,56600,3700
VCB,56600,03/06/2025,10:56:50,56600,56600,56500,56600,4200
VCB,56600,03/06/2025,10:56:50,56600,56600,56500,56600,4200
VCB,56600,03/06/2025,10:56:50,56600,56600,56500,56600,4200
VCB,56600,03/06/2025,10:57:58,56600,56600,56600,56600,3300
VCB,56600,03/06/2025,10:57:58,56600,56600,56600,56600,3300
VCB,56600,03/06/2025,10:57:58,56600,56600,56600,56600,3300
VCB,56600,03/06/2025,10:58:58,56600,56600,56600,56600,5500
VCB,56600,03/06/2025,10:58:58,56600,56600,56600,56600,5500
VCB,56600,03/06/2025,10:58:58,56600,56600,56600,56600,5500
VCB,56500,03/06/2025,10:59:45,56600,56600,56500,56500,5500
VCB,56500,03/06/2025,10:59:45,56600,56600,56500,56500,5500
VCB,56500,03/06/2025,10:59:45,56600,56600,56500,56500,5500
VCB,56600,03/06/2025,11:00:48,56600,56600,56500,56600,5400
VCB,56600,03/06/2025,11:00:48,56600,56600,56500,56600,5400
VCB,56600,03/06/2025,11:00:48,56600,56600,56500,56600,5400
VCB,56600,03/06/2025,11:01:39,56600,56600,56600,56600,5100
VCB,56600,03/06/2025,11:01:39,56600,56600,56600,56600,5100
VCB,56600,03/06/2025,11:01:39,56600,56600,56600,56600,5100
VCB,56600,03/06/2025,11:02:53,56600,56600,56600,56600,3100
