,ticket,time_setup,time_setup_msc,time_done,time_done_msc,time_expiration,type,type_time,type_filling,state,magic,position_id,position_by_id,reason,volume_initial,volume_current,price_open,sl,tp,price_current,price_stoplimit,symbol,comment,external_id
0,20824320,2024-11-19 17:19:35,1732036775891,2024-11-19 17:19:35,1732036775894,0,0,0,0,4,234000,20824320,0,3,0.01,0.0,0.0,2622.815,2627.015,2626.805,0.0,XAUUSD.sml,python script op,
1,20824399,2024-11-19 17:20:09,1732036809396,2024-11-19 17:20:09,1732036809398,0,0,0,0,4,234000,20824399,0,3,0.01,0.0,0.0,2622.045,2626.245,2626.095,0.0,XAUUSD.sml,python script op,
2,20824409,2024-11-19 17:20:29,1732036829233,2024-11-19 17:20:29,1732036829237,0,1,0,1,4,234000,20824399,0,5,0.01,0.0,2626.245,0.0,0.0,2626.245,0.0,XAUUSD.sml,[tp 2626.245],
3,20824548,2024-11-19 17:21:16,1732036876031,2024-11-19 17:21:16,1732036876033,0,0,0,0,4,234000,20824548,0,3,0.01,0.0,0.0,2621.285,2625.485,2625.195,0.0,XAUUSD.sml,python script op,
4,20824573,2024-11-19 17:22:01,1732036921604,2024-11-19 17:22:01,1732036921606,0,1,0,1,4,234000,20824548,0,5,0.01,0.0,2625.485,0.0,0.0,2625.485,0.0,XAUUSD.sml,[tp 2625.485],
5,20824630,2024-11-19 17:23:30,1732037010813,2024-11-19 17:23:30,1732037010814,0,1,0,1,4,234000,20824320,0,5,0.01,0.0,2627.015,0.0,0.0,2627.015,0.0,XAUUSD.sml,[tp 2627.015],
6,20824683,2024-11-19 17:24:44,1732037084553,2024-11-19 17:24:44,1732037084555,0,0,0,0,4,234000,20824683,0,3,0.01,0.0,0.0,2623.665,2627.865,2627.795,0.0,XAUUSD.sml,python script op,
7,20824707,2024-11-19 17:25:12,1732037112943,2024-11-19 17:25:12,1732037112948,0,1,0,1,4,234000,20824683,0,5,0.01,0.0,2627.865,0.0,0.0,2627.865,0.0,XAUUSD.sml,[tp 2627.865],
8,20824714,2024-11-19 17:25:18,1732037118172,2024-11-19 17:25:18,1732037118174,0,0,0,0,4,234000,20824714,0,3,0.01,0.0,0.0,2624.015,2628.215,2627.915,0.0,XAUUSD.sml,python script op,
9,20824740,2024-11-19 17:26:03,1732037163242,2024-11-19 17:26:03,1732037163244,0,1,0,1,4,234000,20824714,0,5,0.01,0.0,2628.215,0.0,0.0,2628.215,0.0,XAUUSD.sml,[tp 2628.215],
10,20824751,2024-11-19 17:26:13,1732037173872,2024-11-19 17:26:13,1732037173873,0,0,0,0,4,234000,20824751,0,3,0.01,0.0,0.0,2624.265,2628.465,2628.265,0.0,XAUUSD.sml,python script op,
11,20824781,2024-11-19 17:27:09,1732037229562,2024-11-19 17:27:09,1732037229564,0,0,0,0,4,234000,20824781,0,3,0.01,0.0,0.0,2624.275,2628.475,2628.155,0.0,XAUUSD.sml,python script op,
12,20824792,2024-11-19 17:27:19,1732037239241,2024-11-19 17:27:19,1732037239244,0,1,0,1,4,234000,20824751,0,5,0.01,0.0,2628.465,0.0,0.0,2628.465,0.0,XAUUSD.sml,[tp 2628.465],
13,20825422,2024-11-19 17:32:03,1732037523092,2024-11-19 17:32:03,1732037523094,0,1,0,1,4,234000,20824781,0,4,0.01,0.0,2624.275,0.0,0.0,2624.275,0.0,XAUUSD.sml,[sl 2624.275],
14,20983468,2024-11-22 16:13:07,1732291987015,2024-11-22 16:13:07,1732291987017,0,0,0,0,4,234000,20983468,0,3,0.01,0.0,0.0,20695.6,20755.6,20735.9,0.0,US100,python script op,
15,20983488,2024-11-22 16:13:19,1732291999409,2024-11-22 16:13:19,1732291999411,0,0,0,0,4,234000,20983488,0,3,0.01,0.0,0.0,20695.9,20755.9,20735.9,0.0,US100,python script op,
16,20983527,2024-11-22 16:14:20,1732292060015,2024-11-22 16:14:20,1732292060017,0,0,0,0,4,234000,20983527,0,3,0.01,0.0,0.0,20697.6,20757.6,20737.6,0.0,US100,python script op,
17,20983601,2024-11-22 16:15:25,1732292125689,2024-11-22 16:15:25,1732292125692,0,0,0,0,4,234000,20983601,0,3,0.01,0.0,0.0,20700.1,20760.1,20742.1,0.0,US100,python script op,
18,20983672,2024-11-22 16:16:14,1732292174483,2024-11-22 16:16:14,1732292174484,0,0,0,0,4,234000,20983672,0,3,0.01,0.0,0.0,20707.6,20767.6,20747.6,0.0,US100,python script op,
19,20983781,2024-11-22 16:17:15,1732292235464,2024-11-22 16:17:15,1732292235465,0,0,0,0,4,234000,20983781,0,3,0.01,0.0,0.0,20709.6,20769.6,20749.6,0.0,US100,python script op,
20,20983836,2024-11-22 16:18:17,1732292297358,2024-11-22 16:18:17,1732292297359,0,0,0,0,4,234000,20983836,0,3,0.01,0.0,0.0,20709.6,20769.6,20748.6,0.0,US100,python script op,
21,20983883,2024-11-22 16:19:18,1732292358526,2024-11-22 16:19:18,1732292358526,0,0,0,0,4,234000,20983883,0,3,0.01,0.0,0.0,20689.1,20749.1,20729.1,0.0,US100,python script op,
22,20983937,2024-11-22 16:20:21,1732292421150,2024-11-22 16:20:21,1732292421152,0,0,0,0,4,234000,20983937,0,3,0.01,0.0,0.0,20690.4,20750.4,20730.4,0.0,US100,python script op,
23,20984005,2024-11-22 16:21:49,1732292509671,2024-11-22 16:21:49,1732292509672,0,0,0,0,4,234000,20984005,0,3,0.01,0.0,0.0,20687.1,20747.1,20729.9,0.0,US100,python script op,
24,20984039,2024-11-22 16:22:14,1732292534286,2024-11-22 16:22:14,1732292534288,0,0,0,0,4,234000,20984039,0,3,0.01,0.0,0.0,20688.9,20748.9,20726.6,0.0,US100,python script op,
25,20984085,2024-11-22 16:23:14,1732292594787,2024-11-22 16:23:14,1732292594788,0,0,0,0,4,234000,20984085,0,3,0.01,0.0,0.0,20686.1,20746.1,20726.1,0.0,US100,python script op,
26,20984139,2024-11-22 16:24:18,1732292658504,2024-11-22 16:24:18,1732292658505,0,1,0,0,4,234000,20984139,0,3,0.01,0.0,0.0,20759.6,20699.6,20718.6,0.0,US100,python script op,
27,20984178,2024-11-22 16:25:22,1732292722463,2024-11-22 16:25:22,1732292722465,0,1,0,0,4,234000,20984178,0,3,0.01,0.0,0.0,20758.4,20698.4,20718.8,0.0,US100,python script op,
28,20984215,2024-11-22 16:26:11,1732292771399,2024-11-22 16:26:11,1732292771400,0,1,0,0,4,234000,20984215,0,3,0.01,0.0,0.0,20761.1,20701.1,20721.1,0.0,US100,python script op,
29,20984274,2024-11-22 16:27:11,1732292831885,2024-11-22 16:27:11,1732292831886,0,1,0,0,4,234000,20984274,0,3,0.01,0.0,0.0,20757.3,20697.3,20717.4,0.0,US100,python script op,
30,20984458,2024-11-22 16:27:48,1732292868546,2024-11-22 16:27:48,1732292868549,0,1,0,1,4,234000,20983781,0,4,0.01,0.0,20709.6,0.0,0.0,20709.6,0.0,US100,[sl 20709.6],
31,20984459,2024-11-22 16:27:48,1732292868548,2024-11-22 16:27:48,1732292868555,0,1,0,1,4,234000,20983836,0,4,0.01,0.0,20709.6,0.0,0.0,20709.6,0.0,US100,[sl 20709.6],
32,20984707,2024-11-22 16:30:09,1732293009134,2024-11-22 16:30:09,1732293009136,0,1,0,1,4,234000,20984085,0,5,0.01,0.0,20746.1,0.0,0.0,20746.1,0.0,US100,[tp 20746.1],
33,20984710,2024-11-22 16:30:09,1732293009603,2024-11-22 16:30:09,1732293009605,0,1,0,1,4,234000,20984005,0,5,0.01,0.0,20747.1,0.0,0.0,20747.1,0.0,US100,[tp 20747.1],
34,20984711,2024-11-22 16:30:13,1732293013239,2024-11-22 16:30:13,1732293013240,0,1,0,1,4,234000,20984039,0,5,0.01,0.0,20748.9,0.0,0.0,20748.9,0.0,US100,[tp 20748.9],
35,20984714,2024-11-22 16:30:13,1732293013651,2024-11-22 16:30:13,1732293013653,0,1,0,1,4,234000,20983883,0,5,0.01,0.0,20749.1,0.0,0.0,20749.1,0.0,US100,[tp 20749.1],
36,20984717,2024-11-22 16:30:14,1732293014269,2024-11-22 16:30:14,1732293014272,0,1,0,1,4,234000,20983937,0,5,0.01,0.0,20750.4,0.0,0.0,20750.4,0.0,US100,[tp 20750.4],
37,20984722,2024-11-22 16:30:16,1732293016420,2024-11-22 16:30:16,1732293016424,0,0,0,1,4,234000,20984274,0,4,0.01,0.0,20757.3,0.0,0.0,20757.3,0.0,US100,[sl 20757.3],
38,20984723,2024-11-22 16:30:16,1732293016421,2024-11-22 16:30:16,1732293016428,0,1,0,1,4,234000,20983468,0,5,0.01,0.0,20755.6,0.0,0.0,20755.6,0.0,US100,[tp 20755.6],
39,20984724,2024-11-22 16:30:16,1732293016423,2024-11-22 16:30:16,1732293016432,0,1,0,1,4,234000,20983488,0,5,0.01,0.0,20755.9,0.0,0.0,20755.9,0.0,US100,[tp 20755.9],
40,20984725,2024-11-22 16:30:16,1732293016440,2024-11-22 16:30:16,1732293016442,0,0,0,1,4,234000,20984178,0,4,0.01,0.0,20758.4,0.0,0.0,20758.4,0.0,US100,[sl 20758.4],
41,20984728,2024-11-22 16:30:17,1732293017773,2024-11-22 16:30:17,1732293017776,0,0,0,1,4,234000,20984139,0,4,0.01,0.0,20759.6,0.0,0.0,20759.6,0.0,US100,[sl 20759.6],
42,20984729,2024-11-22 16:30:17,1732293017775,2024-11-22 16:30:17,1732293017783,0,1,0,1,4,234000,20983527,0,5,0.01,0.0,20757.6,0.0,0.0,20757.6,0.0,US100,[tp 20757.6],
43,20984982,2024-11-22 16:32:47,1732293167003,2024-11-22 16:32:47,1732293167005,0,0,0,1,4,234000,20984215,0,4,0.01,0.0,20761.1,0.0,0.0,20761.1,0.0,US100,[sl 20761.1],
44,20985157,2024-11-22 16:34:38,1732293278175,2024-11-22 16:34:38,1732293278176,0,1,0,1,4,234000,20983601,0,5,0.01,0.0,20760.1,0.0,0.0,20760.1,0.0,US100,[tp 20760.1],
45,20985223,2024-11-22 16:35:32,1732293332974,2024-11-22 16:35:32,1732293332976,0,1,0,1,4,234000,20983672,0,5,0.01,0.0,20767.6,0.0,0.0,20767.6,0.0,US100,[tp 20767.6],
46,20988438,2024-11-22 17:02:19,1732294939860,2024-11-22 17:02:19,1732294939863,0,1,0,0,4,234000,20988438,0,3,0.01,0.0,0.0,20827.9,20767.9,20788.4,0.0,US100,python script op,
47,20988509,2024-11-22 17:03:20,1732295000326,2024-11-22 17:03:20,1732295000328,0,1,0,0,4,234000,20988509,0,3,0.01,0.0,0.0,20827.2,20767.2,20785.9,0.0,US100,python script op,
48,20988523,2024-11-22 17:03:37,1732295017652,2024-11-22 17:03:37,1732295017654,0,0,0,1,4,234000,20988438,0,5,0.01,0.0,20767.9,0.0,0.0,20767.9,0.0,US100,[tp 20767.9],
49,20988524,2024-11-22 17:03:37,1732295017716,2024-11-22 17:03:37,1732295017720,0,0,0,1,4,234000,20988509,0,5,0.01,0.0,20767.2,0.0,0.0,20767.2,0.0,US100,[tp 20767.2],
50,20988623,2024-11-22 17:04:20,1732295060829,2024-11-22 17:04:20,1732295060831,0,1,0,0,4,234000,20988623,0,3,0.01,0.0,0.0,20787.2,20727.2,20745.7,0.0,US100,python script op,
51,20988680,2024-11-22 17:05:09,1732295109295,2024-11-22 17:05:09,1732295109296,0,1,0,0,4,234000,20988680,0,3,0.01,0.0,0.0,20782.7,20722.7,20738.2,0.0,US100,python script op,
52,20988815,2024-11-22 17:06:21,1732295181904,2024-11-22 17:06:21,1732295181909,0,1,0,0,4,234000,20988815,0,3,0.01,0.0,0.0,20801.4,20741.4,20760.4,0.0,US100,python script op,
53,20988884,2024-11-22 17:07:10,1732295230332,2024-11-22 17:07:10,1732295230333,0,1,0,0,4,234000,20988884,0,3,0.01,0.0,0.0,20792.4,20732.4,20752.4,0.0,US100,python script op,
54,20988899,2024-11-22 17:07:46,1732295266474,2024-11-22 17:07:46,1732295266476,0,0,0,1,4,234000,20988815,0,5,0.01,0.0,20741.4,0.0,0.0,20741.4,0.0,US100,[tp 20741.4],
55,20988923,2024-11-22 17:08:10,1732295290986,2024-11-22 17:08:10,1732295290987,0,1,0,0,4,234000,20988923,0,3,0.01,0.0,0.0,20793.4,20733.4,20752.7,0.0,US100,python script op,
56,20989077,2024-11-22 17:09:23,1732295363522,2024-11-22 17:09:23,1732295363523,0,1,0,0,4,234000,20989077,0,3,0.01,0.0,0.0,20773.2,20713.2,20733.4,0.0,US100,python script op,
57,20989079,2024-11-22 17:09:25,1732295365685,2024-11-22 17:09:25,1732295365689,0,0,0,1,4,234000,20988884,0,5,0.01,0.0,20732.4,0.0,0.0,20732.4,0.0,US100,[tp 20732.4],
58,20989080,2024-11-22 17:09:25,1732295365687,2024-11-22 17:09:25,1732295365694,0,0,0,1,4,234000,20988923,0,5,0.01,0.0,20733.4,0.0,0.0,20733.4,0.0,US100,[tp 20733.4],
59,20989082,2024-11-22 17:09:26,1732295366278,2024-11-22 17:09:26,1732295366311,0,0,0,1,4,234000,20988623,0,5,0.01,0.0,20727.2,0.0,0.0,20727.2,0.0,US100,[tp 20727.2],
60,20989112,2024-11-22 17:10:10,1732295410366,2024-11-22 17:10:10,1732295410369,0,0,0,1,4,234000,20988680,0,5,0.01,0.0,20722.7,0.0,0.0,20722.7,0.0,US100,[tp 20722.7],
61,20989116,2024-11-22 17:10:12,1732295412021,2024-11-22 17:10:12,1732295412023,0,1,0,0,4,234000,20989116,0,3,0.01,0.0,0.0,20757.2,20697.2,20718.9,0.0,US100,python script op,
62,20989120,2024-11-22 17:10:14,1732295414478,2024-11-22 17:10:14,1732295414480,0,0,0,1,4,234000,20989077,0,5,0.01,0.0,20713.2,0.0,0.0,20713.2,0.0,US100,[tp 20713.2],
63,20989132,2024-11-22 17:10:19,1732295419070,2024-11-22 17:10:19,1732295419078,0,0,0,1,4,234000,20989116,0,5,0.01,0.0,20697.2,0.0,0.0,20697.2,0.0,US100,[tp 20697.2],
64,20989217,2024-11-22 17:11:12,1732295472530,2024-11-22 17:11:12,1732295472531,0,1,0,0,4,234000,20989217,0,3,0.01,0.0,0.0,20753.2,20693.2,20713.4,0.0,US100,python script op,
65,20989244,2024-11-22 17:12:13,1732295533068,2024-11-22 17:12:13,1732295533071,0,1,0,0,4,234000,20989244,0,3,0.01,0.0,0.0,20735.9,20675.9,20694.2,0.0,US100,python script op,
66,20989311,2024-11-22 17:13:13,1732295593653,2024-11-22 17:13:13,1732295593655,0,1,0,0,4,234000,20989311,0,3,0.01,0.0,0.0,20751.4,20691.4,20711.2,0.0,US100,python script op,
67,20989353,2024-11-22 17:14:14,1732295654170,2024-11-22 17:14:14,1732295654171,0,1,0,0,4,234000,20989353,0,3,0.01,0.0,0.0,20763.7,20703.7,20720.7,0.0,US100,python script op,
68,20989390,2024-11-22 17:15:03,1732295703583,2024-11-22 17:15:03,1732295703585,0,0,0,1,4,234000,20989353,0,5,0.01,0.0,20703.7,0.0,0.0,20703.7,0.0,US100,[tp 20703.7],
69,20989399,2024-11-22 17:15:14,1732295714666,2024-11-22 17:15:14,1732295714667,0,1,0,0,4,234000,20989399,0,3,0.01,0.0,0.0,20748.7,20688.7,20708.2,0.0,US100,python script op,
70,20989422,2024-11-22 17:16:15,1732295775178,2024-11-22 17:16:15,1732295775180,0,1,0,0,4,234000,20989422,0,3,0.01,0.0,0.0,20744.7,20684.7,20705.2,0.0,US100,python script op,
71,20989489,2024-11-22 17:17:15,1732295835653,2024-11-22 17:17:15,1732295835656,0,1,0,0,4,234000,20989489,0,3,0.01,0.0,0.0,20749.9,20689.9,20709.7,0.0,US100,python script op,
72,20989564,2024-11-22 17:18:16,1732295896162,2024-11-22 17:18:16,1732295896163,0,1,0,0,4,234000,20989564,0,3,0.01,0.0,0.0,20759.9,20699.9,20721.4,0.0,US100,python script op,
73,20989679,2024-11-22 17:19:16,1732295956662,2024-11-22 17:19:16,1732295956663,0,1,0,0,4,234000,20989679,0,3,0.01,0.0,0.0,20751.4,20691.4,20712.7,0.0,US100,python script op,
74,20989735,2024-11-22 17:20:17,1732296017174,2024-11-22 17:20:17,1732296017175,0,1,0,0,4,234000,20989735,0,3,0.01,0.0,0.0,20758.4,20698.4,20718.4,0.0,US100,python script op,
75,20989800,2024-11-22 17:21:17,1732296077691,2024-11-22 17:21:17,1732296077693,0,1,0,0,4,234000,20989800,0,3,0.01,0.0,0.0,20746.4,20686.4,20706.9,0.0,US100,python script op,
76,20989846,2024-11-22 17:22:18,1732296138186,2024-11-22 17:22:18,1732296138188,0,1,0,0,4,234000,20989846,0,3,0.01,0.0,0.0,20746.2,20686.2,20704.7,0.0,US100,python script op,
77,20989869,2024-11-22 17:22:36,1732296156606,2024-11-22 17:22:36,1732296156610,0,0,0,1,4,234000,20989564,0,5,0.01,0.0,20699.9,0.0,0.0,20699.9,0.0,US100,[tp 20699.9],
78,20989870,2024-11-22 17:22:37,1732296157531,2024-11-22 17:22:37,1732296157533,0,0,0,1,4,234000,20989735,0,5,0.01,0.0,20698.4,0.0,0.0,20698.4,0.0,US100,[tp 20698.4],
79,20989898,2024-11-22 17:22:43,1732296163889,2024-11-22 17:22:43,1732296163892,0,0,0,1,4,234000,20989217,0,5,0.01,0.0,20693.2,0.0,0.0,20693.2,0.0,US100,[tp 20693.2],
80,20989911,2024-11-22 17:22:55,1732296175906,2024-11-22 17:22:55,1732296175909,0,0,0,1,4,234000,20989311,0,5,0.01,0.0,20691.4,0.0,0.0,20691.4,0.0,US100,[tp 20691.4],
81,20989912,2024-11-22 17:22:55,1732296175908,2024-11-22 17:22:55,1732296175915,0,0,0,1,4,234000,20989679,0,5,0.01,0.0,20691.4,0.0,0.0,20691.4,0.0,US100,[tp 20691.4],
82,20989915,2024-11-22 17:22:56,1732296176006,2024-11-22 17:22:56,1732296176011,0,0,0,1,4,234000,20989399,0,5,0.01,0.0,20688.7,0.0,0.0,20688.7,0.0,US100,[tp 20688.7],
83,20989917,2024-11-22 17:22:56,1732296176010,2024-11-22 17:22:56,1732296176017,0,0,0,1,4,234000,20989489,0,5,0.01,0.0,20689.9,0.0,0.0,20689.9,0.0,US100,[tp 20689.9],
84,20989925,2024-11-22 17:22:56,1732296176695,2024-11-22 17:22:56,1732296176698,0,0,0,1,4,234000,20989800,0,5,0.01,0.0,20686.4,0.0,0.0,20686.4,0.0,US100,[tp 20686.4],
85,20989926,2024-11-22 17:22:56,1732296176697,2024-11-22 17:22:56,1732296176707,0,0,0,1,4,234000,20989846,0,5,0.01,0.0,20686.2,0.0,0.0,20686.2,0.0,US100,[tp 20686.2],
86,20989927,2024-11-22 17:22:56,1732296176782,2024-11-22 17:22:56,1732296176784,0,0,0,1,4,234000,20989422,0,5,0.01,0.0,20684.7,0.0,0.0,20684.7,0.0,US100,[tp 20684.7],
87,20989950,2024-11-22 17:23:18,1732296198653,2024-11-22 17:23:18,1732296198654,0,1,0,0,4,234000,20989950,0,3,0.01,0.0,0.0,20742.2,20682.2,20702.4,0.0,US100,python script op,
88,20990014,2024-11-22 17:24:19,1732296259149,2024-11-22 17:24:19,1732296259150,0,1,0,0,4,234000,20990014,0,3,0.01,0.0,0.0,20761.2,20701.2,20723.7,0.0,US100,python script op,
89,20990232,2024-11-22 17:25:19,1732296319748,2024-11-22 17:25:19,1732296319751,0,1,0,0,4,234000,20990232,0,3,0.01,0.0,0.0,20761.4,20701.4,20721.2,0.0,US100,python script op,
90,20990295,2024-11-22 17:26:20,1732296380233,2024-11-22 17:26:20,1732296380235,0,1,0,0,4,234000,20990295,0,3,0.01,0.0,0.0,20760.9,20700.9,20722.4,0.0,US100,python script op,
91,20990331,2024-11-22 17:27:20,1732296440749,2024-11-22 17:27:20,1732296440750,0,1,0,0,4,234000,20990331,0,3,0.01,0.0,0.0,20755.2,20695.2,20715.2,0.0,US100,python script op,
92,20990432,2024-11-22 17:28:05,1732296485757,2024-11-22 17:28:05,1732296485759,0,0,0,1,4,234000,20990014,0,5,0.01,0.0,20701.2,0.0,0.0,20701.2,0.0,US100,[tp 20701.2],
93,20990433,2024-11-22 17:28:05,1732296485759,2024-11-22 17:28:05,1732296485764,0,0,0,1,4,234000,20990232,0,5,0.01,0.0,20701.4,0.0,0.0,20701.4,0.0,US100,[tp 20701.4],
94,20990434,2024-11-22 17:28:06,1732296486669,2024-11-22 17:28:06,1732296486671,0,0,0,1,4,234000,20990295,0,5,0.01,0.0,20700.9,0.0,0.0,20700.9,0.0,US100,[tp 20700.9],
95,20990441,2024-11-22 17:28:19,1732296499141,2024-11-22 17:28:19,1732296499142,0,0,0,1,4,234000,20990331,0,5,0.01,0.0,20695.2,0.0,0.0,20695.2,0.0,US100,[tp 20695.2],
96,20990444,2024-11-22 17:28:21,1732296501222,2024-11-22 17:28:21,1732296501224,0,1,0,0,4,234000,20990444,0,3,0.01,0.0,0.0,20729.7,20669.7,20690.9,0.0,US100,python script op,
97,20990481,2024-11-22 17:28:41,1732296521420,2024-11-22 17:28:41,1732296521422,0,0,0,1,4,234000,20989950,0,5,0.01,0.0,20682.2,0.0,0.0,20682.2,0.0,US100,[tp 20682.2],
98,20990494,2024-11-22 17:28:45,1732296525298,2024-11-22 17:28:45,1732296525299,0,0,0,1,4,234000,20989244,0,5,0.01,0.0,20675.9,0.0,0.0,20675.9,0.0,US100,[tp 20675.9],
99,20990546,2024-11-22 17:28:52,1732296532716,2024-11-22 17:28:52,1732296532718,0,0,0,1,4,234000,20990444,0,5,0.01,0.0,20669.7,0.0,0.0,20669.7,0.0,US100,[tp 20669.7],
100,20990579,2024-11-22 17:29:09,1732296549674,2024-11-22 17:29:09,1732296549676,0,1,0,0,4,234000,20990579,0,3,0.01,0.0,0.0,20708.4,20648.4,20668.2,0.0,US100,python script op,
101,20991002,2024-11-22 17:30:22,1732296622211,2024-11-22 17:30:22,1732296622213,0,1,0,0,4,234000,20991002,0,3,0.01,0.0,0.0,20727.7,20667.7,20687.4,0.0,US100,python script op,
102,20991043,2024-11-22 17:31:10,1732296670664,2024-11-22 17:31:10,1732296670665,0,1,0,0,4,234000,20991043,0,3,0.01,0.0,0.0,20732.2,20672.2,20689.9,0.0,US100,python script op,
103,20991058,2024-11-22 17:31:57,1732296717954,2024-11-22 17:31:57,1732296717955,0,0,0,1,4,234000,20990579,0,4,0.01,0.0,20708.4,0.0,0.0,20708.4,0.0,US100,[sl 20708.4],
104,20991069,2024-11-22 17:32:11,1732296731153,2024-11-22 17:32:11,1732296731154,0,1,0,0,4,234000,20991069,0,3,0.01,0.0,0.0,20744.9,20684.9,20704.9,0.0,US100,python script op,
105,20991126,2024-11-22 17:33:23,1732296803694,2024-11-22 17:33:23,1732296803696,0,1,0,0,4,234000,20991126,0,3,0.01,0.0,0.0,20732.9,20672.9,20691.2,0.0,US100,python script op,
106,20991183,2024-11-22 17:34:12,1732296852793,2024-11-22 17:34:12,1732296852794,0,1,0,0,4,234000,20991183,0,3,0.01,0.0,0.0,20727.9,20667.9,20688.4,0.0,US100,python script op,
107,20991241,2024-11-22 17:35:13,1732296913276,2024-11-22 17:35:13,1732296913277,0,1,0,0,4,234000,20991241,0,3,0.01,0.0,0.0,20732.2,20672.2,20692.9,0.0,US100,python script op,
108,20991269,2024-11-22 17:36:13,1732296973730,2024-11-22 17:36:13,1732296973732,0,1,0,0,4,234000,20991269,0,3,0.01,0.0,0.0,20736.4,20676.4,20696.7,0.0,US100,python script op,
109,20991302,2024-11-22 17:37:14,1732297034471,2024-11-22 17:37:14,1732297034472,0,1,0,0,4,234000,20991302,0,3,0.01,0.0,0.0,20747.9,20687.9,20707.7,0.0,US100,python script op,
110,20991341,2024-11-22 17:38:14,1732297094990,2024-11-22 17:38:14,1732297094993,0,1,0,0,4,234000,20991341,0,3,0.01,0.0,0.0,20757.9,20697.9,20718.9,0.0,US100,python script op,
111,20991384,2024-11-22 17:38:26,1732297106623,2024-11-22 17:38:26,1732297106626,0,0,0,1,4,234000,20991002,0,4,0.01,0.0,20727.7,0.0,0.0,20727.7,0.0,US100,[sl 20727.7],
112,20991385,2024-11-22 17:38:26,1732297106625,2024-11-22 17:38:26,1732297106654,0,0,0,1,4,234000,20991183,0,4,0.01,0.0,20727.9,0.0,0.0,20727.9,0.0,US100,[sl 20727.9],
113,20991391,2024-11-22 17:38:37,1732297117544,2024-11-22 17:38:37,1732297117548,0,0,0,1,4,234000,20991043,0,4,0.01,0.0,20732.2,0.0,0.0,20732.2,0.0,US100,[sl 20732.2],
114,20991392,2024-11-22 17:38:37,1732297117546,2024-11-22 17:38:37,1732297117553,0,0,0,1,4,234000,20991241,0,4,0.01,0.0,20732.2,0.0,0.0,20732.2,0.0,US100,[sl 20732.2],
115,20991393,2024-11-22 17:38:37,1732297117651,2024-11-22 17:38:37,1732297117653,0,0,0,1,4,234000,20991126,0,4,0.01,0.0,20732.9,0.0,0.0,20732.9,0.0,US100,[sl 20732.9],
116,20991402,2024-11-22 17:38:42,1732297122791,2024-11-22 17:38:42,1732297122795,0,0,0,1,4,234000,20991269,0,4,0.01,0.0,20736.4,0.0,0.0,20736.4,0.0,US100,[sl 20736.4],
117,20991418,2024-11-22 17:39:11,1732297151701,2024-11-22 17:39:11,1732297151703,0,0,0,1,4,234000,20991069,0,4,0.01,0.0,20744.9,0.0,0.0,20744.9,0.0,US100,[sl 20744.9],
118,20991419,2024-11-22 17:39:11,1732297151981,2024-11-22 17:39:11,1732297151983,0,0,0,1,4,234000,20991302,0,4,0.01,0.0,20747.9,0.0,0.0,20747.9,0.0,US100,[sl 20747.9],
119,20991424,2024-11-22 17:39:15,1732297155486,2024-11-22 17:39:15,1732297155487,0,1,0,0,4,234000,20991424,0,3,0.01,0.0,0.0,20784.7,20724.7,20743.9,0.0,US100,python script op,
120,20991467,2024-11-22 17:39:49,1732297189193,2024-11-22 17:39:49,1732297189196,0,0,0,1,4,234000,20991341,0,4,0.01,0.0,20757.9,0.0,0.0,20757.9,0.0,US100,[sl 20757.9],
121,20991505,2024-11-22 17:40:15,1732297215968,2024-11-22 17:40:15,1732297215969,0,1,0,0,4,234000,20991505,0,3,0.01,0.0,0.0,20794.9,20734.9,20754.7,0.0,US100,python script op,
122,20991593,2024-11-22 17:41:16,1732297276450,2024-11-22 17:41:16,1732297276451,0,1,0,0,4,234000,20991593,0,3,0.01,0.0,0.0,20793.9,20733.9,20753.9,0.0,US100,python script op,
123,20991671,2024-11-22 17:42:16,1732297336950,2024-11-22 17:42:16,1732297336951,0,1,0,0,4,234000,20991671,0,3,0.01,0.0,0.0,20794.4,20734.4,20754.4,0.0,US100,python script op,
124,20991764,2024-11-22 17:43:17,1732297397434,2024-11-22 17:43:17,1732297397435,0,1,0,0,4,234000,20991764,0,3,0.01,0.0,0.0,20810.2,20750.2,20770.4,0.0,US100,python script op,
125,20991805,2024-11-22 17:44:17,1732297457935,2024-11-22 17:44:17,1732297457937,0,1,0,0,4,234000,20991805,0,3,0.01,0.0,0.0,20808.9,20748.9,20768.7,0.0,US100,python script op,
126,20991914,2024-11-22 17:45:01,1732297501971,2024-11-22 17:45:01,1732297501975,0,0,0,1,4,234000,20991424,0,4,0.01,0.0,20784.7,0.0,0.0,20784.7,0.0,US100,[sl 20784.7],
127,20991922,2024-11-22 17:45:18,1732297518446,2024-11-22 17:45:18,1732297518448,0,1,0,0,4,234000,20991922,0,3,0.01,0.0,0.0,20829.7,20769.7,20789.9,0.0,US100,python script op,
128,20991951,2024-11-22 17:46:08,1732297568174,2024-11-22 17:46:08,1732297568177,0,0,0,1,4,234000,20991922,0,5,0.01,0.0,20769.7,0.0,0.0,20769.7,0.0,US100,[tp 20769.7],
129,20991957,2024-11-22 17:46:18,1732297578931,2024-11-22 17:46:18,1732297578932,0,1,0,0,4,234000,20991957,0,3,0.01,0.0,0.0,20802.2,20742.2,20763.4,0.0,US100,python script op,
130,20991980,2024-11-22 17:47:19,1732297639450,2024-11-22 17:47:19,1732297639451,0,1,0,0,4,234000,20991980,0,3,0.01,0.0,0.0,20804.9,20744.9,20764.7,0.0,US100,python script op,
131,20992033,2024-11-22 17:48:19,1732297699935,2024-11-22 17:48:19,1732297699936,0,1,0,0,4,234000,20992033,0,3,0.01,0.0,0.0,20811.4,20751.4,20771.4,0.0,US100,python script op,
132,20992068,2024-11-22 17:49:20,1732297760424,2024-11-22 17:49:20,1732297760425,0,1,0,0,4,234000,20992068,0,3,0.01,0.0,0.0,20806.2,20746.2,20765.2,0.0,US100,python script op,
133,20992093,2024-11-22 17:50:20,1732297820923,2024-11-22 17:50:20,1732297820925,0,1,0,0,4,234000,20992093,0,3,0.01,0.0,0.0,20804.9,20744.9,20764.9,0.0,US100,python script op,
134,20992131,2024-11-22 17:51:21,1732297881407,2024-11-22 17:51:21,1732297881408,0,1,0,0,4,234000,20992131,0,3,0.01,0.0,0.0,20814.9,20754.9,20774.7,0.0,US100,python script op,
135,20992226,2024-11-22 17:52:21,1732297941866,2024-11-22 17:52:21,1732297941868,0,1,0,0,4,234000,20992226,0,3,0.01,0.0,0.0,20810.7,20750.7,20771.9,0.0,US100,python script op,
136,20992245,2024-11-22 17:53:10,1732297990370,2024-11-22 17:53:10,1732297990372,0,1,0,0,4,234000,20992245,0,3,0.01,0.0,0.0,20812.2,20752.2,20772.2,0.0,US100,python script op,
137,20992277,2024-11-22 17:54:10,1732298050857,2024-11-22 17:54:10,1732298050859,0,1,0,0,4,234000,20992277,0,3,0.01,0.0,0.0,20799.4,20739.4,20758.9,0.0,US100,python script op,
138,20992295,2024-11-22 17:55:23,1732298123420,2024-11-22 17:55:23,1732298123422,0,1,0,0,4,234000,20992295,0,3,0.01,0.0,0.0,20805.4,20745.4,20764.9,0.0,US100,python script op,
139,20992698,2024-11-22 17:56:11,1732298171880,2024-11-22 17:56:11,1732298171881,0,1,0,0,4,234000,20992698,0,3,0.01,0.0,0.0,20801.4,20741.4,20760.7,0.0,US100,python script op,
140,20992722,2024-11-22 17:57:12,1732298232337,2024-11-22 17:57:12,1732298232338,0,1,0,0,4,234000,20992722,0,3,0.01,0.0,0.0,20815.7,20755.7,20775.7,0.0,US100,python script op,
141,20992750,2024-11-22 17:58:12,1732298292838,2024-11-22 17:58:12,1732298292839,0,1,0,0,4,234000,20992750,0,3,0.01,0.0,0.0,20807.2,20747.2,20767.4,0.0,US100,python script op,
142,20992791,2024-11-22 17:59:13,1732298353324,2024-11-22 17:59:13,1732298353325,0,1,0,0,4,234000,20992791,0,3,0.01,0.0,0.0,20810.7,20750.7,20770.9,0.0,US100,python script op,
143,20992848,2024-11-22 18:00:13,1732298413847,2024-11-22 18:00:13,1732298413848,0,1,0,0,4,234000,20992848,0,3,0.01,0.0,0.0,20825.2,20765.2,20785.2,0.0,US100,python script op,
144,20992884,2024-11-22 18:01:14,1732298474335,2024-11-22 18:01:14,1732298474336,0,1,0,0,4,234000,20992884,0,3,0.01,0.0,0.0,20816.7,20756.7,20776.7,0.0,US100,python script op,
145,20992936,2024-11-22 18:02:14,1732298534890,2024-11-22 18:02:14,1732298534891,0,1,0,0,4,234000,20992936,0,3,0.01,0.0,0.0,20812.7,20752.7,20773.2,0.0,US100,python script op,
146,20992943,2024-11-22 18:02:49,1732298569020,2024-11-22 18:02:49,1732298569023,0,0,0,1,4,234000,20992848,0,5,0.01,0.0,20765.2,0.0,0.0,20765.2,0.0,US100,[tp 20765.2],
147,20992960,2024-11-22 18:03:15,1732298595408,2024-11-22 18:03:15,1732298595411,0,1,0,0,4,234000,20992960,0,3,0.01,0.0,0.0,20805.9,20745.9,20766.2,0.0,US100,python script op,
148,20993015,2024-11-22 18:04:15,1732298655913,2024-11-22 18:04:15,1732298655914,0,1,0,0,4,234000,20993015,0,3,0.01,0.0,0.0,20803.9,20743.9,20764.2,0.0,US100,python script op,
149,20993047,2024-11-22 18:05:16,1732298716417,2024-11-22 18:05:16,1732298716419,0,1,0,0,4,234000,20993047,0,3,0.01,0.0,0.0,20807.4,20747.4,20767.7,0.0,US100,python script op,
150,20993088,2024-11-22 18:06:16,1732298776924,2024-11-22 18:06:16,1732298776925,0,1,0,0,4,234000,20993088,0,3,0.01,0.0,0.0,20802.4,20742.4,20761.9,0.0,US100,python script op,
151,20993134,2024-11-22 18:07:17,1732298837405,2024-11-22 18:07:17,1732298837406,0,1,0,0,4,234000,20993134,0,3,0.01,0.0,0.0,20804.7,20744.7,20764.7,0.0,US100,python script op,
152,20993165,2024-11-22 18:08:17,1732298897904,2024-11-22 18:08:17,1732298897905,0,1,0,0,4,234000,20993165,0,3,0.01,0.0,0.0,20804.9,20744.9,20764.4,0.0,US100,python script op,
153,20993175,2024-11-22 18:08:27,1732298907654,2024-11-22 18:08:27,1732298907657,0,0,0,1,4,234000,20992884,0,5,0.01,0.0,20756.7,0.0,0.0,20756.7,0.0,US100,[tp 20756.7],
154,20993178,2024-11-22 18:08:31,1732298911700,2024-11-22 18:08:31,1732298911702,0,0,0,1,4,234000,20992722,0,5,0.01,0.0,20755.7,0.0,0.0,20755.7,0.0,US100,[tp 20755.7],
155,20993187,2024-11-22 18:09:18,1732298958424,2024-11-22 18:09:18,1732298958426,0,1,0,0,4,234000,20993187,0,3,0.01,0.0,0.0,20798.9,20738.9,20757.9,0.0,US100,python script op,
156,20993198,2024-11-22 18:09:45,1732298985440,2024-11-22 18:09:45,1732298985442,0,0,0,1,4,234000,20992131,0,5,0.01,0.0,20754.9,0.0,0.0,20754.9,0.0,US100,[tp 20754.9],
157,20993203,2024-11-22 18:09:51,1732298991667,2024-11-22 18:09:51,1732298991672,0,0,0,1,4,234000,20992033,0,5,0.01,0.0,20751.4,0.0,0.0,20751.4,0.0,US100,[tp 20751.4],
158,20993204,2024-11-22 18:09:51,1732298991669,2024-11-22 18:09:51,1732298991677,0,0,0,1,4,234000,20992245,0,5,0.01,0.0,20752.2,0.0,0.0,20752.2,0.0,US100,[tp 20752.2],
159,20993205,2024-11-22 18:09:51,1732298991671,2024-11-22 18:09:51,1732298991682,0,0,0,1,4,234000,20992936,0,5,0.01,0.0,20752.7,0.0,0.0,20752.7,0.0,US100,[tp 20752.7],
160,20993206,2024-11-22 18:09:51,1732298991691,2024-11-22 18:09:51,1732298991711,0,0,0,1,4,234000,20992226,0,5,0.01,0.0,20750.7,0.0,0.0,20750.7,0.0,US100,[tp 20750.7],
161,20993207,2024-11-22 18:09:51,1732298991709,2024-11-22 18:09:51,1732298991716,0,0,0,1,4,234000,20992791,0,5,0.01,0.0,20750.7,0.0,0.0,20750.7,0.0,US100,[tp 20750.7],
162,20993208,2024-11-22 18:09:51,1732298991733,2024-11-22 18:09:51,1732298991740,0,0,0,1,4,234000,20991764,0,5,0.01,0.0,20750.2,0.0,0.0,20750.2,0.0,US100,[tp 20750.2],
163,20993209,2024-11-22 18:09:51,1732298991736,2024-11-22 18:09:51,1732298991747,0,0,0,1,4,234000,20991805,0,5,0.01,0.0,20748.9,0.0,0.0,20748.9,0.0,US100,[tp 20748.9],
164,20993215,2024-11-22 18:10:05,1732299005489,2024-11-22 18:10:05,1732299005492,0,0,0,1,4,234000,20992750,0,5,0.01,0.0,20747.2,0.0,0.0,20747.2,0.0,US100,[tp 20747.2],
165,20993216,2024-11-22 18:10:05,1732299005491,2024-11-22 18:10:05,1732299005498,0,0,0,1,4,234000,20993047,0,5,0.01,0.0,20747.4,0.0,0.0,20747.4,0.0,US100,[tp 20747.4],
166,20993217,2024-11-22 18:10:05,1732299005516,2024-11-22 18:10:05,1732299005524,0,0,0,1,4,234000,20992068,0,5,0.01,0.0,20746.2,0.0,0.0,20746.2,0.0,US100,[tp 20746.2],
167,20993218,2024-11-22 18:10:05,1732299005520,2024-11-22 18:10:05,1732299005530,0,0,0,1,4,234000,20992295,0,5,0.01,0.0,20745.4,0.0,0.0,20745.4,0.0,US100,[tp 20745.4],
168,20993219,2024-11-22 18:10:05,1732299005523,2024-11-22 18:10:05,1732299005535,0,0,0,1,4,234000,20992960,0,5,0.01,0.0,20745.9,0.0,0.0,20745.9,0.0,US100,[tp 20745.9],
169,20993220,2024-11-22 18:10:05,1732299005729,2024-11-22 18:10:05,1732299005736,0,0,0,1,4,234000,20991980,0,5,0.01,0.0,20744.9,0.0,0.0,20744.9,0.0,US100,[tp 20744.9],
170,20993221,2024-11-22 18:10:05,1732299005731,2024-11-22 18:10:05,1732299005742,0,0,0,1,4,234000,20992093,0,5,0.01,0.0,20744.9,0.0,0.0,20744.9,0.0,US100,[tp 20744.9],
171,20993222,2024-11-22 18:10:05,1732299005733,2024-11-22 18:10:05,1732299005747,0,0,0,1,4,234000,20993134,0,5,0.01,0.0,20744.7,0.0,0.0,20744.7,0.0,US100,[tp 20744.7],
172,20993223,2024-11-22 18:10:05,1732299005736,2024-11-22 18:10:05,1732299005752,0,0,0,1,4,234000,20993165,0,5,0.01,0.0,20744.9,0.0,0.0,20744.9,0.0,US100,[tp 20744.9],
173,20993229,2024-11-22 18:10:06,1732299006569,2024-11-22 18:10:06,1732299006572,0,0,0,1,4,234000,20993015,0,5,0.01,0.0,20743.9,0.0,0.0,20743.9,0.0,US100,[tp 20743.9],
174,20993236,2024-11-22 18:10:12,1732299012771,2024-11-22 18:10:12,1732299012777,0,0,0,1,4,234000,20991957,0,5,0.01,0.0,20742.2,0.0,0.0,20742.2,0.0,US100,[tp 20742.2],
175,20993237,2024-11-22 18:10:12,1732299012774,2024-11-22 18:10:12,1732299012783,0,0,0,1,4,234000,20992698,0,5,0.01,0.0,20741.4,0.0,0.0,20741.4,0.0,US100,[tp 20741.4],
176,20993238,2024-11-22 18:10:12,1732299012776,2024-11-22 18:10:12,1732299012789,0,0,0,1,4,234000,20993088,0,5,0.01,0.0,20742.4,0.0,0.0,20742.4,0.0,US100,[tp 20742.4],
177,20993241,2024-11-22 18:10:18,1732299018923,2024-11-22 18:10:18,1732299018925,0,1,0,0,4,234000,20993241,0,3,0.01,0.0,0.0,20781.4,20721.4,20741.2,0.0,US100,python script op,
178,20993307,2024-11-22 18:11:19,1732299079421,2024-11-22 18:11:19,1732299079422,0,1,0,0,4,234000,20993307,0,3,0.01,0.0,0.0,20798.2,20738.2,20758.4,0.0,US100,python script op,
179,20993440,2024-11-22 18:12:19,1732299139912,2024-11-22 18:12:19,1732299139913,0,1,0,0,4,234000,20993440,0,3,0.01,0.0,0.0,20800.4,20740.4,20761.4,0.0,US100,python script op,
180,20993514,2024-11-22 18:13:20,1732299200424,2024-11-22 18:13:20,1732299200425,0,1,0,0,4,234000,20993514,0,3,0.01,0.0,0.0,20780.7,20720.7,20741.4,0.0,US100,python script op,
181,20993525,2024-11-22 18:13:47,1732299227406,2024-11-22 18:13:47,1732299227408,0,0,0,1,4,234000,20993440,0,5,0.01,0.0,20740.4,0.0,0.0,20740.4,0.0,US100,[tp 20740.4],
182,20993526,2024-11-22 18:13:47,1732299227768,2024-11-22 18:13:47,1732299227773,0,0,0,1,4,234000,20992277,0,5,0.01,0.0,20739.4,0.0,0.0,20739.4,0.0,US100,[tp 20739.4],
183,20993527,2024-11-22 18:13:47,1732299227770,2024-11-22 18:13:47,1732299227778,0,0,0,1,4,234000,20993187,0,5,0.01,0.0,20738.9,0.0,0.0,20738.9,0.0,US100,[tp 20738.9],
184,20993528,2024-11-22 18:13:47,1732299227772,2024-11-22 18:13:47,1732299227782,0,0,0,1,4,234000,20993307,0,5,0.01,0.0,20738.2,0.0,0.0,20738.2,0.0,US100,[tp 20738.2],
185,20993530,2024-11-22 18:13:54,1732299234839,2024-11-22 18:13:54,1732299234842,0,0,0,1,4,234000,20991505,0,5,0.01,0.0,20734.9,0.0,0.0,20734.9,0.0,US100,[tp 20734.9],
186,20993531,2024-11-22 18:13:55,1732299235666,2024-11-22 18:13:55,1732299235668,0,0,0,1,4,234000,20991671,0,5,0.01,0.0,20734.4,0.0,0.0,20734.4,0.0,US100,[tp 20734.4],
187,20993532,2024-11-22 18:13:55,1732299235788,2024-11-22 18:13:55,1732299235790,0,0,0,1,4,234000,20991593,0,5,0.01,0.0,20733.9,0.0,0.0,20733.9,0.0,US100,[tp 20733.9],
188,20993544,2024-11-22 18:14:20,1732299260902,2024-11-22 18:14:20,1732299260904,0,1,0,0,4,234000,20993544,0,3,0.01,0.0,0.0,20771.9,20711.9,20731.9,0.0,US100,python script op,
189,20993596,2024-11-22 18:15:09,1732299309345,2024-11-22 18:15:09,1732299309347,0,1,0,0,4,234000,20993596,0,3,0.01,0.0,0.0,20782.4,20722.4,20742.2,0.0,US100,python script op,
190,20993665,2024-11-22 18:16:07,1732299367689,2024-11-22 18:16:07,1732299367691,0,0,0,1,4,234000,20993596,0,5,0.01,0.0,20722.4,0.0,0.0,20722.4,0.0,US100,[tp 20722.4],
191,20993669,2024-11-22 18:16:22,1732299382015,2024-11-22 18:16:22,1732299382017,0,1,0,0,4,234000,20993669,0,3,0.01,0.0,0.0,20765.4,20705.4,20725.7,0.0,US100,python script op,
192,20993691,2024-11-22 18:17:10,1732299430470,2024-11-22 18:17:10,1732299430471,0,1,0,0,4,234000,20993691,0,3,0.01,0.0,0.0,20775.9,20715.9,20734.4,0.0,US100,python script op,
193,20993718,2024-11-22 18:18:10,1732299490996,2024-11-22 18:18:10,1732299490997,0,1,0,0,4,234000,20993718,0,3,0.01,0.0,0.0,20773.7,20713.7,20733.4,0.0,US100,python script op,
194,20993772,2024-11-22 18:19:13,1732299553166,2024-11-22 18:19:13,1732299553170,0,0,0,1,4,234000,20993241,0,5,0.01,0.0,20721.4,0.0,0.0,20721.4,0.0,US100,[tp 20721.4],
195,20993774,2024-11-22 18:19:13,1732299553298,2024-11-22 18:19:13,1732299553301,0,0,0,1,4,234000,20993514,0,5,0.01,0.0,20720.7,0.0,0.0,20720.7,0.0,US100,[tp 20720.7],
196,20993776,2024-11-22 18:19:23,1732299563544,2024-11-22 18:19:23,1732299563546,0,1,0,0,4,234000,20993776,0,3,0.01,0.0,0.0,20755.9,20695.9,20715.2,0.0,US100,python script op,
197,20993777,2024-11-22 18:19:24,1732299564961,2024-11-22 18:19:24,1732299564963,0,0,0,1,4,234000,20993691,0,5,0.01,0.0,20715.9,0.0,0.0,20715.9,0.0,US100,[tp 20715.9],
198,20993780,2024-11-22 18:19:33,1732299573527,2024-11-22 18:19:33,1732299573530,0,0,0,1,4,234000,20993544,0,5,0.01,0.0,20711.9,0.0,0.0,20711.9,0.0,US100,[tp 20711.9],
199,20993781,2024-11-22 18:19:33,1732299573529,2024-11-22 18:19:33,1732299573535,0,0,0,1,4,234000,20993718,0,5,0.01,0.0,20713.7,0.0,0.0,20713.7,0.0,US100,[tp 20713.7],
200,20993786,2024-11-22 18:19:41,1732299581056,2024-11-22 18:19:41,1732299581059,0,0,0,1,4,234000,20993669,0,5,0.01,0.0,20705.4,0.0,0.0,20705.4,0.0,US100,[tp 20705.4],
201,20993879,2024-11-22 18:20:11,1732299611999,2024-11-22 18:20:12,1732299612000,0,1,0,0,4,234000,20993879,0,3,0.01,0.0,0.0,20745.7,20685.7,20705.4,0.0,US100,python script op,
202,20993895,2024-11-22 18:20:27,1732299627605,2024-11-22 18:20:27,1732299627606,0,0,0,1,4,234000,20993776,0,5,0.01,0.0,20695.9,0.0,0.0,20695.9,0.0,US100,[tp 20695.9],
203,20993989,2024-11-22 18:21:10,1732299670905,2024-11-22 18:21:10,1732299670908,0,0,0,1,4,234000,20993879,0,5,0.01,0.0,20685.7,0.0,0.0,20685.7,0.0,US100,[tp 20685.7],
204,20993991,2024-11-22 18:21:12,1732299672608,2024-11-22 18:21:12,1732299672611,0,1,0,0,4,234000,20993991,0,3,0.01,0.0,0.0,20722.9,20662.9,20683.9,0.0,US100,python script op,
205,20994041,2024-11-22 18:22:13,1732299733328,2024-11-22 18:22:13,1732299733330,0,1,0,0,4,234000,20994041,0,3,0.01,0.0,0.0,20751.4,20691.4,20711.4,0.0,US100,python script op,
206,20994049,2024-11-22 18:22:32,1732299752708,2024-11-22 18:22:32,1732299752710,0,0,0,1,4,234000,20993991,0,4,0.01,0.0,20722.9,0.0,0.0,20722.9,0.0,US100,[sl 20722.9],
207,20994075,2024-11-22 18:23:13,1732299793786,2024-11-22 18:23:13,1732299793788,0,1,0,0,4,234000,20994075,0,3,0.01,0.0,0.0,20756.2,20696.2,20716.4,0.0,US100,python script op,
208,20994108,2024-11-22 18:24:14,1732299854284,2024-11-22 18:24:14,1732299854285,0,1,0,0,4,234000,20994108,0,3,0.01,0.0,0.0,20759.4,20699.4,20718.9,0.0,US100,python script op,
209,20994152,2024-11-22 18:25:14,1732299914834,2024-11-22 18:25:14,1732299914836,0,1,0,0,4,234000,20994152,0,3,0.01,0.0,0.0,20750.2,20690.2,20709.9,0.0,US100,python script op,
210,20994197,2024-11-22 18:26:15,1732299975345,2024-11-22 18:26:15,1732299975346,0,1,0,0,4,234000,20994197,0,3,0.01,0.0,0.0,20745.2,20685.2,20705.2,0.0,US100,python script op,
211,20994207,2024-11-22 18:26:40,1732300000621,2024-11-22 18:26:40,1732300000623,0,0,0,1,4,234000,20994108,0,5,0.01,0.0,20699.4,0.0,0.0,20699.4,0.0,US100,[tp 20699.4],
212,20994208,2024-11-22 18:26:43,1732300003159,2024-11-22 18:26:43,1732300003161,0,0,0,1,4,234000,20994075,0,5,0.01,0.0,20696.2,0.0,0.0,20696.2,0.0,US100,[tp 20696.2],
213,20994232,2024-11-22 18:27:15,1732300035822,2024-11-22 18:27:15,1732300035823,0,1,0,0,4,234000,20994232,0,3,0.01,0.0,0.0,20737.2,20677.2,20696.9,0.0,US100,python script op,
214,20994279,2024-11-22 18:28:16,1732300096487,2024-11-22 18:28:16,1732300096488,0,1,0,0,4,234000,20994279,0,3,0.01,0.0,0.0,20747.4,20687.4,20707.7,0.0,US100,python script op,
215,20994321,2024-11-22 18:29:16,1732300156978,2024-11-22 18:29:16,1732300156979,0,1,0,0,4,234000,20994321,0,3,0.01,0.0,0.0,20756.4,20696.4,20716.2,0.0,US100,python script op,
216,20994360,2024-11-22 18:30:17,1732300217496,2024-11-22 18:30:17,1732300217499,0,1,0,0,4,234000,20994360,0,3,0.01,0.0,0.0,20754.2,20694.2,20714.9,0.0,US100,python script op,
217,20994417,2024-11-22 18:31:17,1732300277987,2024-11-22 18:31:17,1732300277989,0,1,0,0,4,234000,20994417,0,3,0.01,0.0,0.0,20741.2,20681.2,20700.4,0.0,US100,python script op,
218,20994433,2024-11-22 18:32:18,1732300338472,2024-11-22 18:32:18,1732300338474,0,1,0,0,4,234000,20994433,0,3,0.01,0.0,0.0,20740.9,20680.9,20700.4,0.0,US100,python script op,
219,20994448,2024-11-22 18:32:42,1732300362001,2024-11-22 18:32:42,1732300362003,0,0,0,1,4,234000,20994321,0,5,0.01,0.0,20696.4,0.0,0.0,20696.4,0.0,US100,[tp 20696.4],
220,20994470,2024-11-22 18:33:18,1732300398975,2024-11-22 18:33:18,1732300398976,0,1,0,0,4,234000,20994470,0,3,0.01,0.0,0.0,20738.9,20678.9,20698.9,0.0,US100,python script op,
221,20994491,2024-11-22 18:33:49,1732300429967,2024-11-22 18:33:49,1732300429969,0,0,0,1,4,234000,20994360,0,5,0.01,0.0,20694.2,0.0,0.0,20694.2,0.0,US100,[tp 20694.2],
222,20994494,2024-11-22 18:33:57,1732300437600,2024-11-22 18:33:57,1732300437602,0,0,0,1,4,234000,20994041,0,5,0.01,0.0,20691.4,0.0,0.0,20691.4,0.0,US100,[tp 20691.4],
223,20994495,2024-11-22 18:33:57,1732300437849,2024-11-22 18:33:57,1732300437851,0,0,0,1,4,234000,20994152,0,5,0.01,0.0,20690.2,0.0,0.0,20690.2,0.0,US100,[tp 20690.2],
224,20994505,2024-11-22 18:34:19,1732300459477,2024-11-22 18:34:19,1732300459478,0,1,0,0,4,234000,20994505,0,3,0.01,0.0,0.0,20730.4,20670.4,20690.7,0.0,US100,python script op,
225,20994522,2024-11-22 18:35:20,1732300520039,2024-11-22 18:35:20,1732300520040,0,1,0,0,4,234000,20994522,0,3,0.01,0.0,0.0,20742.4,20682.4,20702.4,0.0,US100,python script op,
226,20994531,2024-11-22 18:36:20,1732300580558,2024-11-22 18:36:20,1732300580560,0,1,0,0,4,234000,20994531,0,3,0.01,0.0,0.0,20745.4,20685.4,20705.7,0.0,US100,python script op,
227,20994541,2024-11-22 18:37:21,1732300641075,2024-11-22 18:37:21,1732300641078,0,1,0,0,4,234000,20994541,0,3,0.01,0.0,0.0,20751.2,20691.2,20711.2,0.0,US100,python script op,
228,20994553,2024-11-22 18:38:10,1732300690631,2024-11-22 18:38:10,1732300690632,0,1,0,0,4,234000,20994553,0,3,0.01,0.0,0.0,20757.7,20697.7,20718.2,0.0,US100,python script op,
229,20994567,2024-11-22 18:38:29,1732300709303,2024-11-22 18:38:29,1732300709305,0,0,0,1,4,234000,20994505,0,4,0.01,0.0,20730.4,0.0,0.0,20730.4,0.0,US100,[sl 20730.4],
230,20994573,2024-11-22 18:38:55,1732300735181,2024-11-22 18:38:55,1732300735183,0,0,0,1,4,234000,20994232,0,4,0.01,0.0,20737.2,0.0,0.0,20737.2,0.0,US100,[sl 20737.2],
231,20994574,2024-11-22 18:38:59,1732300739532,2024-11-22 18:38:59,1732300739534,0,0,0,1,4,234000,20994470,0,4,0.01,0.0,20738.9,0.0,0.0,20738.9,0.0,US100,[sl 20738.9],
232,20994578,2024-11-22 18:39:06,1732300746644,2024-11-22 18:39:06,1732300746647,0,0,0,1,4,234000,20994417,0,4,0.01,0.0,20741.2,0.0,0.0,20741.2,0.0,US100,[sl 20741.2],
233,20994579,2024-11-22 18:39:06,1732300746646,2024-11-22 18:39:06,1732300746651,0,0,0,1,4,234000,20994433,0,4,0.01,0.0,20740.9,0.0,0.0,20740.9,0.0,US100,[sl 20740.9],
234,20994580,2024-11-22 18:39:09,1732300749516,2024-11-22 18:39:09,1732300749518,0,0,0,1,4,234000,20994522,0,4,0.01,0.0,20742.4,0.0,0.0,20742.4,0.0,US100,[sl 20742.4],
235,20994582,2024-11-22 18:39:11,1732300751123,2024-11-22 18:39:11,1732300751124,0,1,0,0,4,234000,20994582,0,3,0.01,0.0,0.0,20782.4,20722.4,20742.4,0.0,US100,python script op,
236,20994583,2024-11-22 18:39:14,1732300754514,2024-11-22 18:39:14,1732300754517,0,0,0,1,4,234000,20994197,0,4,0.01,0.0,20745.2,0.0,0.0,20745.2,0.0,US100,[sl 20745.2],
237,20994584,2024-11-22 18:39:14,1732300754516,2024-11-22 18:39:14,1732300754521,0,0,0,1,4,234000,20994531,0,4,0.01,0.0,20745.4,0.0,0.0,20745.4,0.0,US100,[sl 20745.4],
238,20994619,2024-11-22 18:40:11,1732300811561,2024-11-22 18:40:11,1732300811562,0,1,0,0,4,234000,20994619,0,3,0.01,0.0,0.0,20780.4,20720.4,20740.4,0.0,US100,python script op,
239,20994650,2024-11-22 18:41:12,1732300872023,2024-11-22 18:41:12,1732300872025,0,1,0,0,4,234000,20994650,0,3,0.01,0.0,0.0,20762.2,20702.2,20722.7,0.0,US100,python script op,
240,20994651,2024-11-22 18:41:13,1732300873624,2024-11-22 18:41:13,1732300873627,0,0,0,1,4,234000,20994582,0,5,0.01,0.0,20722.4,0.0,0.0,20722.4,0.0,US100,[tp 20722.4],
241,20994654,2024-11-22 18:41:25,1732300885161,2024-11-22 18:41:25,1732300885162,0,0,0,1,4,234000,20994619,0,5,0.01,0.0,20720.4,0.0,0.0,20720.4,0.0,US100,[tp 20720.4],
242,20994681,2024-11-22 18:42:12,1732300932482,2024-11-22 18:42:12,1732300932483,0,1,0,0,4,234000,20994681,0,3,0.01,0.0,0.0,20754.4,20694.4,20712.7,0.0,US100,python script op,
243,20994714,2024-11-22 18:43:13,1732300993129,2024-11-22 18:43:13,1732300993131,0,1,0,0,4,234000,20994714,0,3,0.01,0.0,0.0,20759.2,20699.2,20719.4,0.0,US100,python script op,
244,20994727,2024-11-22 18:44:00,1732301040645,2024-11-22 18:44:00,1732301040648,0,0,0,1,4,234000,20994650,0,5,0.01,0.0,20702.2,0.0,0.0,20702.2,0.0,US100,[tp 20702.2],
245,20994730,2024-11-22 18:44:13,1732301053579,2024-11-22 18:44:13,1732301053581,0,1,0,0,4,234000,20994730,0,3,0.01,0.0,0.0,20749.2,20689.2,20709.9,0.0,US100,python script op,
246,20994749,2024-11-22 18:44:57,1732301097047,2024-11-22 18:44:57,1732301097049,0,0,0,1,4,234000,20994714,0,5,0.01,0.0,20699.2,0.0,0.0,20699.2,0.0,US100,[tp 20699.2],
247,20994759,2024-11-22 18:45:14,1732301114408,2024-11-22 18:45:14,1732301114409,0,1,0,0,4,234000,20994759,0,3,0.01,0.0,0.0,20741.4,20681.4,20701.7,0.0,US100,python script op,
248,20994816,2024-11-22 18:46:14,1732301174930,2024-11-22 18:46:14,1732301174932,0,1,0,0,4,234000,20994816,0,3,0.01,0.0,0.0,20751.3,20691.3,20711.1,0.0,US100,python script op,
249,20994884,2024-11-22 18:47:00,1732301220013,2024-11-22 18:47:00,1732301220016,0,0,0,1,4,234000,20994553,0,5,0.01,0.0,20697.7,0.0,0.0,20697.7,0.0,US100,[tp 20697.7],
250,20994895,2024-11-22 18:47:15,1732301235835,2024-11-22 18:47:15,1732301235837,0,1,0,0,4,234000,20994895,0,3,0.01,0.0,0.0,20745.1,20685.1,20705.1,0.0,US100,python script op,
251,20995057,2024-11-22 18:48:16,1732301296309,2024-11-22 18:48:16,1732301296310,0,1,0,0,4,234000,20995057,0,3,0.01,0.0,0.0,20759.5,20699.5,20719.8,0.0,US100,python script op,
252,20995093,2024-11-22 18:49:16,1732301356821,2024-11-22 18:49:16,1732301356822,0,1,0,0,4,234000,20995093,0,3,0.01,0.0,0.0,20774.1,20714.1,20734.3,0.0,US100,python script op,
253,20995150,2024-11-22 18:50:17,1732301417272,2024-11-22 18:50:17,1732301417274,0,1,0,0,4,234000,20995150,0,3,0.01,0.0,0.0,20769.1,20709.1,20727.8,0.0,US100,python script op,
254,20995162,2024-11-22 18:50:54,1732301454660,2024-11-22 18:50:54,1732301454662,0,0,0,1,4,234000,20994759,0,4,0.01,0.0,20741.4,0.0,0.0,20741.4,0.0,US100,[sl 20741.4],
255,20995170,2024-11-22 18:51:15,1732301475585,2024-11-22 18:51:15,1732301475587,0,0,0,1,4,234000,20994895,0,4,0.01,0.0,20745.1,0.0,0.0,20745.1,0.0,US100,[sl 20745.1],
256,20995171,2024-11-22 18:51:18,1732301478058,2024-11-22 18:51:18,1732301478060,0,1,0,0,4,234000,20995171,0,3,0.01,0.0,0.0,20781.8,20721.8,20741.8,0.0,US100,python script op,
257,20995176,2024-11-22 18:51:23,1732301483292,2024-11-22 18:51:23,1732301483294,0,0,0,1,4,234000,20994279,0,4,0.01,0.0,20747.4,0.0,0.0,20747.4,0.0,US100,[sl 20747.4],
258,20995216,2024-11-22 18:51:31,1732301491464,2024-11-22 18:51:31,1732301491467,0,0,0,1,4,234000,20994730,0,4,0.01,0.0,20749.2,0.0,0.0,20749.2,0.0,US100,[sl 20749.2],
259,20995220,2024-11-22 18:51:43,1732301503426,2024-11-22 18:51:43,1732301503430,0,0,0,1,4,234000,20994541,0,4,0.01,0.0,20751.2,0.0,0.0,20751.2,0.0,US100,[sl 20751.2],
260,20995221,2024-11-22 18:51:43,1732301503429,2024-11-22 18:51:43,1732301503434,0,0,0,1,4,234000,20994816,0,4,0.01,0.0,20751.3,0.0,0.0,20751.3,0.0,US100,[sl 20751.3],
261,20995223,2024-11-22 18:51:54,1732301514896,2024-11-22 18:51:54,1732301514898,0,0,0,1,4,234000,20994681,0,4,0.01,0.0,20754.4,0.0,0.0,20754.4,0.0,US100,[sl 20754.4],
262,20995226,2024-11-22 18:52:00,1732301520036,2024-11-22 18:52:00,1732301520037,0,0,0,1,4,234000,20995057,0,4,0.01,0.0,20759.5,0.0,0.0,20759.5,0.0,US100,[sl 20759.5],
263,20995239,2024-11-22 18:52:18,1732301538576,2024-11-22 18:52:18,1732301538578,0,1,0,0,4,234000,20995239,0,3,0.01,0.0,0.0,20795.6,20735.6,20756.3,0.0,US100,python script op,
264,20995259,2024-11-22 18:53:19,1732301599227,2024-11-22 18:53:19,1732301599228,0,1,0,0,4,234000,20995259,0,3,0.01,0.0,0.0,20791.3,20731.3,20751.3,0.0,US100,python script op,
265,20995330,2024-11-22 18:54:19,1732301659676,2024-11-22 18:54:19,1732301659677,0,1,0,0,4,234000,20995330,0,3,0.01,0.0,0.0,20790.1,20730.1,20750.1,0.0,US100,python script op,
266,20995361,2024-11-22 18:55:20,1732301720151,2024-11-22 18:55:20,1732301720153,0,1,0,0,4,234000,20995361,0,3,0.01,0.0,0.0,20801.6,20741.6,20760.3,0.0,US100,python script op,
267,20995398,2024-11-22 18:56:20,1732301780598,2024-11-22 18:56:20,1732301780600,0,1,0,0,4,234000,20995398,0,3,0.01,0.0,0.0,20797.8,20737.8,20757.5,0.0,US100,python script op,
268,20995416,2024-11-22 18:57:09,1732301829029,2024-11-22 18:57:09,1732301829031,0,1,0,0,4,234000,20995416,0,3,0.01,0.0,0.0,20797.3,20737.3,20757.3,0.0,US100,python script op,
269,20995459,2024-11-22 18:58:21,1732301901723,2024-11-22 18:58:21,1732301901724,0,1,0,0,4,234000,20995459,0,3,0.01,0.0,0.0,20798.8,20738.8,20759.0,0.0,US100,python script op,
270,20995482,2024-11-22 18:59:22,1732301962224,2024-11-22 18:59:22,1732301962227,0,1,0,0,4,234000,20995482,0,3,0.01,0.0,0.0,20797.3,20737.3,20757.1,0.0,US100,python script op,
271,20995524,2024-11-22 19:00:10,1732302010643,2024-11-22 19:00:10,1732302010644,0,0,0,0,4,234000,20995524,0,3,0.01,0.0,0.0,20711.9,20771.9,20752.4,0.0,US100,python script op,
272,20995577,2024-11-22 19:01:01,1732302061545,2024-11-22 19:01:01,1732302061547,0,0,0,1,4,234000,20995361,0,5,0.01,0.0,20741.6,0.0,0.0,20741.6,0.0,US100,[tp 20741.6],
273,20995689,2024-11-22 19:01:24,1732302084409,2024-11-22 19:01:24,1732302084410,0,0,0,0,4,234000,20995689,0,3,0.01,0.0,0.0,20705.9,20765.9,20747.1,0.0,US100,python script op,
274,20995725,2024-11-22 19:02:13,1732302133174,2024-11-22 19:02:13,1732302133177,0,0,0,0,4,234000,20995725,0,3,0.01,0.0,0.0,20711.4,20771.4,20751.4,0.0,US100,python script op,
275,20995832,2024-11-22 19:03:13,1732302193728,2024-11-22 19:03:13,1732302193729,0,0,0,0,4,234000,20995832,0,3,0.01,0.0,0.0,20713.9,20773.9,20753.9,0.0,US100,python script op,
276,20995864,2024-11-22 19:04:14,1732302254232,2024-11-22 19:04:14,1732302254233,0,0,0,0,4,234000,20995864,0,3,0.01,0.0,0.0,20710.9,20770.9,20750.9,0.0,US100,python script op,
277,20995885,2024-11-22 19:05:14,1732302314748,2024-11-22 19:05:14,1732302314750,0,0,0,0,4,234000,20995885,0,3,0.01,0.0,0.0,20724.4,20784.4,20764.1,0.0,US100,python script op,
278,20995886,2024-11-22 19:05:20,1732302320680,2024-11-22 19:05:20,1732302320683,0,1,0,1,4,234000,20995689,0,5,0.01,0.0,20765.9,0.0,0.0,20765.9,0.0,US100,[tp 20765.9],
279,20995898,2024-11-22 19:06:15,1732302375298,2024-11-22 19:06:15,1732302375299,0,0,0,0,4,234000,20995898,0,3,0.01,0.0,0.0,20722.6,20782.6,20763.4,0.0,US100,python script op,
280,20995907,2024-11-22 19:07:15,1732302435939,2024-11-22 19:07:15,1732302435940,0,0,0,0,4,234000,20995907,0,3,0.01,0.0,0.0,20712.6,20772.6,20752.6,0.0,US100,python script op,
281,20995919,2024-11-22 19:08:16,1732302496421,2024-11-22 19:08:16,1732302496423,0,1,0,0,4,234000,20995919,0,3,0.01,0.0,0.0,20795.8,20735.8,20755.8,0.0,US100,python script op,
282,20995938,2024-11-22 19:09:16,1732302556895,2024-11-22 19:09:16,1732302556896,0,1,0,0,4,234000,20995938,0,3,0.01,0.0,0.0,20792.3,20732.3,20753.3,0.0,US100,python script op,
283,20995969,2024-11-22 19:10:17,1732302617359,2024-11-22 19:10:17,1732302617361,0,1,0,0,4,234000,20995969,0,3,0.01,0.0,0.0,20792.1,20732.1,20752.1,0.0,US100,python script op,
284,20996100,2024-11-22 19:11:17,1732302677904,2024-11-22 19:11:17,1732302677906,0,1,0,0,4,234000,20996100,0,3,0.01,0.0,0.0,20793.6,20733.6,20753.6,0.0,US100,python script op,
285,20996126,2024-11-22 19:12:08,1732302728763,2024-11-22 19:12:08,1732302728765,0,0,0,1,4,234000,20995150,0,4,0.01,0.0,20769.1,0.0,0.0,20769.1,0.0,US100,[sl 20769.1],
286,20996129,2024-11-22 19:12:10,1732302730982,2024-11-22 19:12:10,1732302730986,0,1,0,1,4,234000,20995864,0,5,0.01,0.0,20770.9,0.0,0.0,20770.9,0.0,US100,[tp 20770.9],
287,20996131,2024-11-22 19:12:11,1732302731395,2024-11-22 19:12:11,1732302731399,0,1,0,1,4,234000,20995524,0,5,0.01,0.0,20771.9,0.0,0.0,20771.9,0.0,US100,[tp 20771.9],
288,20996132,2024-11-22 19:12:11,1732302731398,2024-11-22 19:12:11,1732302731405,0,1,0,1,4,234000,20995725,0,5,0.01,0.0,20771.4,0.0,0.0,20771.4,0.0,US100,[tp 20771.4],
289,20996133,2024-11-22 19:12:11,1732302731499,2024-11-22 19:12:11,1732302731503,0,0,0,1,4,234000,20995093,0,4,0.01,0.0,20774.1,0.0,0.0,20774.1,0.0,US100,[sl 20774.1],
290,20996134,2024-11-22 19:12:11,1732302731502,2024-11-22 19:12:11,1732302731811,0,1,0,1,4,234000,20995907,0,5,0.01,0.0,20772.6,0.0,0.0,20772.6,0.0,US100,[tp 20772.6],
291,20996139,2024-11-22 19:12:18,1732302738373,2024-11-22 19:12:18,1732302738374,0,1,0,0,4,234000,20996139,0,3,0.01,0.0,0.0,20812.1,20752.1,20773.3,0.0,US100,python script op,
292,20996140,2024-11-22 19:12:24,1732302744335,2024-11-22 19:12:24,1732302744339,0,1,0,1,4,234000,20995832,0,5,0.01,0.0,20773.9,0.0,0.0,20773.9,0.0,US100,[tp 20773.9],
293,20996179,2024-11-22 19:13:18,1732302798852,2024-11-22 19:13:18,1732302798853,0,0,0,0,4,234000,20996179,0,3,0.01,0.0,0.0,20739.9,20799.9,20779.9,0.0,US100,python script op,
294,20996234,2024-11-22 19:14:19,1732302859342,2024-11-22 19:14:19,1732302859344,0,0,0,0,4,234000,20996234,0,3,0.01,0.0,0.0,20724.9,20784.9,20764.9,0.0,US100,python script op,
295,20996282,2024-11-22 19:15:19,1732302919839,2024-11-22 19:15:19,1732302919840,0,0,0,0,4,234000,20996282,0,3,0.01,0.0,0.0,20730.4,20790.4,20770.6,0.0,US100,python script op,
296,20996360,2024-11-22 19:16:20,1732302980246,2024-11-22 19:16:20,1732302980248,0,0,0,0,4,234000,20996360,0,3,0.01,0.0,0.0,20731.6,20791.6,20771.1,0.0,US100,python script op,
297,20996379,2024-11-22 19:17:20,1732303040702,2024-11-22 19:17:20,1732303040703,0,0,0,0,4,234000,20996379,0,3,0.01,0.0,0.0,20727.9,20787.9,20767.6,0.0,US100,python script op,
298,20996393,2024-11-22 19:18:21,1732303101240,2024-11-22 19:18:21,1732303101242,0,0,0,0,4,234000,20996393,0,3,0.01,0.0,0.0,20727.9,20787.9,20767.6,0.0,US100,python script op,
299,20996403,2024-11-22 19:19:09,1732303149846,2024-11-22 19:19:09,1732303149847,0,0,0,0,4,234000,20996403,0,3,0.01,0.0,0.0,20730.1,20790.1,20770.4,0.0,US100,python script op,
300,20996423,2024-11-22 19:20:22,1732303222884,2024-11-22 19:20:22,1732303222885,0,0,0,0,4,234000,20996423,0,3,0.01,0.0,0.0,20734.9,20794.9,20775.4,0.0,US100,python script op,
301,20996580,2024-11-22 19:21:06,1732303266748,2024-11-22 19:21:06,1732303266752,0,0,0,1,4,234000,20995171,0,4,0.01,0.0,20781.8,0.0,0.0,20781.8,0.0,US100,[sl 20781.8],
302,20996582,2024-11-22 19:21:07,1732303267342,2024-11-22 19:21:07,1732303267343,0,1,0,1,4,234000,20995898,0,5,0.01,0.0,20782.6,0.0,0.0,20782.6,0.0,US100,[tp 20782.6],
303,20996597,2024-11-22 19:21:08,1732303268791,2024-11-22 19:21:08,1732303268795,0,1,0,1,4,234000,20995885,0,5,0.01,0.0,20784.4,0.0,0.0,20784.4,0.0,US100,[tp 20784.4],
304,20996598,2024-11-22 19:21:08,1732303268794,2024-11-22 19:21:08,1732303268800,0,1,0,1,4,234000,20996234,0,5,0.01,0.0,20784.9,0.0,0.0,20784.9,0.0,US100,[tp 20784.9],
305,20996601,2024-11-22 19:21:11,1732303271362,2024-11-22 19:21:11,1732303271364,0,0,0,0,4,234000,20996601,0,3,0.01,0.0,0.0,20743.1,20803.1,20783.1,0.0,US100,python script op,
306,20996627,2024-11-22 19:22:11,1732303331801,2024-11-22 19:22:11,1732303331803,0,0,0,0,4,234000,20996627,0,3,0.01,0.0,0.0,20738.4,20798.4,20778.4,0.0,US100,python script op,
307,20996644,2024-11-22 19:23:24,1732303404276,2024-11-22 19:23:24,1732303404278,0,0,0,0,4,234000,20996644,0,3,0.01,0.0,0.0,20738.4,20798.4,20778.4,0.0,US100,python script op,
308,20996658,2024-11-22 19:24:12,1732303452683,2024-11-22 19:24:12,1732303452684,0,0,0,0,4,234000,20996658,0,3,0.01,0.0,0.0,20735.4,20795.4,20774.9,0.0,US100,python script op,
309,20996731,2024-11-22 19:25:13,1732303513095,2024-11-22 19:25:13,1732303513096,0,0,0,0,4,234000,20996731,0,3,0.01,0.0,0.0,20734.1,20794.1,20773.6,0.0,US100,python script op,
310,20996763,2024-11-22 19:26:13,1732303573517,2024-11-22 19:26:13,1732303573519,0,0,0,0,4,234000,20996763,0,3,0.01,0.0,0.0,20739.4,20799.4,20779.4,0.0,US100,python script op,
311,20996779,2024-11-22 19:27:14,1732303634028,2024-11-22 19:27:14,1732303634030,0,0,0,0,4,234000,20996779,0,3,0.01,0.0,0.0,20743.1,20803.1,20782.9,0.0,US100,python script op,
312,20996797,2024-11-22 19:28:14,1732303694451,2024-11-22 19:28:14,1732303694452,0,0,0,0,4,234000,20996797,0,3,0.01,0.0,0.0,20741.6,20801.6,20781.6,0.0,US100,python script op,
313,20996832,2024-11-22 19:29:14,1732303754876,2024-11-22 19:29:14,1732303754878,0,0,0,0,4,234000,20996832,0,3,0.01,0.0,0.0,20739.6,20799.6,20779.1,0.0,US100,python script op,
314,20996895,2024-11-22 19:30:15,1732303815582,2024-11-22 19:30:15,1732303815583,0,0,0,0,4,234000,20996895,0,3,0.01,0.0,0.0,20740.4,20800.4,20780.4,0.0,US100,python script op,
315,20996958,2024-11-22 19:31:16,1732303876036,2024-11-22 19:31:16,1732303876037,0,0,0,0,4,234000,20996958,0,3,0.01,0.0,0.0,20722.1,20782.1,20763.1,0.0,US100,python script op,
316,20997012,2024-11-22 19:32:16,1732303936649,2024-11-22 19:32:16,1732303936650,0,0,0,0,4,234000,20997012,0,3,0.01,0.0,0.0,20724.6,20784.6,20764.6,0.0,US100,python script op,
317,20997029,2024-11-22 19:33:17,1732303997074,2024-11-22 19:33:17,1732303997075,0,0,0,0,4,234000,20997029,0,3,0.01,0.0,0.0,20731.6,20791.6,20772.4,0.0,US100,python script op,
318,20997110,2024-11-22 19:34:17,1732304057492,2024-11-22 19:34:17,1732304057493,0,1,0,0,4,234000,20997110,0,3,0.01,0.0,0.0,20797.8,20737.8,20758.6,0.0,US100,python script op,
319,20997161,2024-11-22 19:35:17,1732304117963,2024-11-22 19:35:17,1732304117965,0,1,0,0,4,234000,20997161,0,3,0.01,0.0,0.0,20804.1,20744.1,20764.1,0.0,US100,python script op,
320,20997173,2024-11-22 19:36:18,1732304178390,2024-11-22 19:36:18,1732304178391,0,1,0,0,4,234000,20997173,0,3,0.01,0.0,0.0,20799.6,20739.6,20759.6,0.0,US100,python script op,
321,20997229,2024-11-22 19:37:18,1732304238791,2024-11-22 19:37:18,1732304238793,0,1,0,0,4,234000,20997229,0,3,0.01,0.0,0.0,20796.1,20736.1,20755.8,0.0,US100,python script op,
322,20997252,2024-11-22 19:38:19,1732304299221,2024-11-22 19:38:19,1732304299223,0,1,0,0,4,234000,20997252,0,3,0.01,0.0,0.0,20797.1,20737.1,20757.3,0.0,US100,python script op,
323,20997281,2024-11-22 19:39:04,1732304344719,2024-11-22 19:39:04,1732304344721,0,0,0,1,4,234000,20996139,0,5,0.01,0.0,20752.1,0.0,0.0,20752.1,0.0,US100,[tp 20752.1],
324,20997285,2024-11-22 19:39:20,1732304360314,2024-11-22 19:39:20,1732304360316,0,1,0,0,4,234000,20997285,0,3,0.01,0.0,0.0,20785.1,20725.1,20745.3,0.0,US100,python script op,
325,20997301,2024-11-22 19:39:35,1732304375655,2024-11-22 19:39:35,1732304375658,0,1,0,1,4,234000,20996601,0,4,0.01,0.0,20743.1,0.0,0.0,20743.1,0.0,US100,[sl 20743.1],
326,20997302,2024-11-22 19:39:35,1732304375657,2024-11-22 19:39:35,1732304375663,0,1,0,1,4,234000,20996779,0,4,0.01,0.0,20743.1,0.0,0.0,20743.1,0.0,US100,[sl 20743.1],
327,20997304,2024-11-22 19:39:44,1732304384138,2024-11-22 19:39:44,1732304384142,0,0,0,1,4,234000,20997161,0,5,0.01,0.0,20744.1,0.0,0.0,20744.1,0.0,US100,[tp 20744.1],
328,20997305,2024-11-22 19:39:44,1732304384608,2024-11-22 19:39:44,1732304384609,0,1,0,1,4,234000,20996797,0,4,0.01,0.0,20741.6,0.0,0.0,20741.6,0.0,US100,[sl 20741.6],
329,20997306,2024-11-22 19:39:44,1732304384626,2024-11-22 19:39:44,1732304384630,0,1,0,1,4,234000,20996179,0,4,0.01,0.0,20739.9,0.0,0.0,20739.9,0.0,US100,[sl 20739.9],
330,20997307,2024-11-22 19:39:44,1732304384629,2024-11-22 19:39:44,1732304384634,0,1,0,1,4,234000,20996895,0,4,0.01,0.0,20740.4,0.0,0.0,20740.4,0.0,US100,[sl 20740.4],
331,20997313,2024-11-22 19:40:08,1732304408762,2024-11-22 19:40:08,1732304408764,0,1,0,0,4,234000,20997313,0,3,0.01,0.0,0.0,20784.6,20724.6,20744.6,0.0,US100,python script op,
332,20997348,2024-11-22 19:41:21,1732304481213,2024-11-22 19:41:21,1732304481214,0,1,0,0,4,234000,20997348,0,3,0.01,0.0,0.0,20790.8,20730.8,20750.8,0.0,US100,python script op,
333,20997371,2024-11-22 19:42:21,1732304541687,2024-11-22 19:42:21,1732304541689,0,1,0,0,4,234000,20997371,0,3,0.01,0.0,0.0,20794.1,20734.1,20754.1,0.0,US100,python script op,
334,20997389,2024-11-22 19:43:10,1732304590101,2024-11-22 19:43:10,1732304590103,0,1,0,0,4,234000,20997389,0,3,0.01,0.0,0.0,20803.3,20743.3,20763.3,0.0,US100,python script op,
335,20997422,2024-11-22 19:44:22,1732304662563,2024-11-22 19:44:22,1732304662565,0,1,0,0,4,234000,20997422,0,3,0.01,0.0,0.0,20806.3,20746.3,20766.0,0.0,US100,python script op,
336,20997454,2024-11-22 19:45:11,1732304711075,2024-11-22 19:45:11,1732304711077,0,1,0,0,4,234000,20997454,0,3,0.01,0.0,0.0,20805.8,20745.8,20765.8,0.0,US100,python script op,
337,20997518,2024-11-22 19:46:11,1732304771534,2024-11-22 19:46:11,1732304771535,0,1,0,0,4,234000,20997518,0,3,0.01,0.0,0.0,20807.1,20747.1,20767.3,0.0,US100,python script op,
338,20997533,2024-11-22 19:47:24,1732304844035,2024-11-22 19:47:24,1732304844036,0,1,0,0,4,234000,20997533,0,3,0.01,0.0,0.0,20806.3,20746.3,20766.5,0.0,US100,python script op,
339,20997563,2024-11-22 19:48:12,1732304892473,2024-11-22 19:48:12,1732304892474,0,1,0,0,4,234000,20997563,0,3,0.01,0.0,0.0,20813.3,20753.3,20772.8,0.0,US100,python script op,
340,20997590,2024-11-22 19:49:13,1732304953176,2024-11-22 19:49:13,1732304953177,0,0,0,0,4,234000,20997590,0,3,0.01,0.0,0.0,20737.9,20797.9,20778.4,0.0,US100,python script op,
341,20997627,2024-11-22 19:50:13,1732305013614,2024-11-22 19:50:13,1732305013615,0,0,0,0,4,234000,20997627,0,3,0.01,0.0,0.0,20742.4,20802.4,20782.6,0.0,US100,python script op,
342,20997630,2024-11-22 19:50:19,1732305019221,2024-11-22 19:50:19,1732305019225,0,0,0,1,4,234000,20997285,0,4,0.01,0.0,20785.1,0.0,0.0,20785.1,0.0,US100,[sl 20785.1],
343,20997631,2024-11-22 19:50:19,1732305019223,2024-11-22 19:50:19,1732305019230,0,0,0,1,4,234000,20997313,0,4,0.01,0.0,20784.6,0.0,0.0,20784.6,0.0,US100,[sl 20784.6],
344,20997632,2024-11-22 19:50:19,1732305019225,2024-11-22 19:50:19,1732305019236,0,1,0,1,4,234000,20996958,0,5,0.01,0.0,20782.1,0.0,0.0,20782.1,0.0,US100,[tp 20782.1],
345,20997633,2024-11-22 19:50:19,1732305019496,2024-11-22 19:50:19,1732305019498,0,1,0,1,4,234000,20997012,0,5,0.01,0.0,20784.6,0.0,0.0,20784.6,0.0,US100,[tp 20784.6],
346,20997634,2024-11-22 19:50:24,1732305024975,2024-11-22 19:50:24,1732305024978,0,1,0,1,4,234000,20996379,0,5,0.01,0.0,20787.9,0.0,0.0,20787.9,0.0,US100,[tp 20787.9],
347,20997635,2024-11-22 19:50:24,1732305024977,2024-11-22 19:50:24,1732305024983,0,1,0,1,4,234000,20996393,0,5,0.01,0.0,20787.9,0.0,0.0,20787.9,0.0,US100,[tp 20787.9],
348,20997637,2024-11-22 19:50:25,1732305025007,2024-11-22 19:50:25,1732305025010,0,0,0,1,4,234000,20995330,0,4,0.01,0.0,20790.1,0.0,0.0,20790.1,0.0,US100,[sl 20790.1],
349,20997638,2024-11-22 19:50:25,1732305025009,2024-11-22 19:50:25,1732305025015,0,0,0,1,4,234000,20997348,0,4,0.01,0.0,20790.8,0.0,0.0,20790.8,0.0,US100,[sl 20790.8],
350,20997639,2024-11-22 19:50:25,1732305025035,2024-11-22 19:50:25,1732305025041,0,0,0,1,4,234000,20995259,0,4,0.01,0.0,20791.3,0.0,0.0,20791.3,0.0,US100,[sl 20791.3],
351,20997640,2024-11-22 19:50:25,1732305025038,2024-11-22 19:50:25,1732305025046,0,0,0,1,4,234000,20995969,0,4,0.01,0.0,20792.1,0.0,0.0,20792.1,0.0,US100,[sl 20792.1],
352,20997641,2024-11-22 19:50:25,1732305025041,2024-11-22 19:50:25,1732305025051,0,1,0,1,4,234000,20996403,0,5,0.01,0.0,20790.1,0.0,0.0,20790.1,0.0,US100,[tp 20790.1],
353,20997642,2024-11-22 19:50:25,1732305025951,2024-11-22 19:50:25,1732305025952,0,1,0,1,4,234000,20996282,0,5,0.01,0.0,20790.4,0.0,0.0,20790.4,0.0,US100,[tp 20790.4],
354,20997643,2024-11-22 19:50:25,1732305025978,2024-11-22 19:50:25,1732305025980,0,0,0,1,4,234000,20995938,0,4,0.01,0.0,20792.3,0.0,0.0,20792.3,0.0,US100,[sl 20792.3],
355,20997644,2024-11-22 19:50:27,1732305027568,2024-11-22 19:50:27,1732305027574,0,0,0,1,4,234000,20996100,0,4,0.01,0.0,20793.6,0.0,0.0,20793.6,0.0,US100,[sl 20793.6],
356,20997645,2024-11-22 19:50:27,1732305027570,2024-11-22 19:50:27,1732305027580,0,1,0,1,4,234000,20996360,0,5,0.01,0.0,20791.6,0.0,0.0,20791.6,0.0,US100,[tp 20791.6],
357,20997646,2024-11-22 19:50:27,1732305027573,2024-11-22 19:50:27,1732305027585,0,1,0,1,4,234000,20997029,0,5,0.01,0.0,20791.6,0.0,0.0,20791.6,0.0,US100,[tp 20791.6],
358,20997647,2024-11-22 19:50:28,1732305028450,2024-11-22 19:50:28,1732305028452,0,0,0,1,4,234000,20997371,0,4,0.01,0.0,20794.1,0.0,0.0,20794.1,0.0,US100,[sl 20794.1],
359,20997650,2024-11-22 19:50:37,1732305037353,2024-11-22 19:50:37,1732305037356,0,0,0,1,4,234000,20995239,0,4,0.01,0.0,20795.6,0.0,0.0,20795.6,0.0,US100,[sl 20795.6],
360,20997651,2024-11-22 19:50:38,1732305038381,2024-11-22 19:50:38,1732305038383,0,0,0,1,4,234000,20995919,0,4,0.01,0.0,20795.8,0.0,0.0,20795.8,0.0,US100,[sl 20795.8],
361,20997653,2024-11-22 19:50:38,1732305038405,2024-11-22 19:50:38,1732305038406,0,1,0,1,4,234000,20996731,0,5,0.01,0.0,20794.1,0.0,0.0,20794.1,0.0,US100,[tp 20794.1],
362,20997654,2024-11-22 19:50:38,1732305038615,2024-11-22 19:50:38,1732305038616,0,0,0,1,4,234000,20997229,0,4,0.01,0.0,20796.1,0.0,0.0,20796.1,0.0,US100,[sl 20796.1],
363,20997655,2024-11-22 19:50:38,1732305038647,2024-11-22 19:50:38,1732305038649,0,1,0,1,4,234000,20996423,0,5,0.01,0.0,20794.9,0.0,0.0,20794.9,0.0,US100,[tp 20794.9],
364,20997656,2024-11-22 19:50:38,1732305038675,2024-11-22 19:50:38,1732305038689,0,0,0,1,4,234000,20995398,0,4,0.01,0.0,20797.8,0.0,0.0,20797.8,0.0,US100,[sl 20797.8],
365,20997657,2024-11-22 19:50:38,1732305038677,2024-11-22 19:50:38,1732305038695,0,0,0,1,4,234000,20995416,0,4,0.01,0.0,20797.3,0.0,0.0,20797.3,0.0,US100,[sl 20797.3],
366,20997658,2024-11-22 19:50:38,1732305038680,2024-11-22 19:50:38,1732305038700,0,0,0,1,4,234000,20995459,0,4,0.01,0.0,20798.8,0.0,0.0,20798.8,0.0,US100,[sl 20798.8],
367,20997659,2024-11-22 19:50:38,1732305038682,2024-11-22 19:50:38,1732305038706,0,0,0,1,4,234000,20995482,0,4,0.01,0.0,20797.3,0.0,0.0,20797.3,0.0,US100,[sl 20797.3],
368,20997660,2024-11-22 19:50:38,1732305038684,2024-11-22 19:50:38,1732305038711,0,0,0,1,4,234000,20997110,0,4,0.01,0.0,20797.8,0.0,0.0,20797.8,0.0,US100,[sl 20797.8],
369,20997661,2024-11-22 19:50:38,1732305038686,2024-11-22 19:50:38,1732305038715,0,0,0,1,4,234000,20997252,0,4,0.01,0.0,20797.1,0.0,0.0,20797.1,0.0,US100,[sl 20797.1],
370,20997662,2024-11-22 19:50:38,1732305038688,2024-11-22 19:50:38,1732305038722,0,1,0,1,4,234000,20996658,0,5,0.01,0.0,20795.4,0.0,0.0,20795.4,0.0,US100,[tp 20795.4],
371,20997663,2024-11-22 19:50:39,1732305039282,2024-11-22 19:50:39,1732305039284,0,0,0,1,4,234000,20997173,0,4,0.01,0.0,20799.6,0.0,0.0,20799.6,0.0,US100,[sl 20799.6],
372,20997664,2024-11-22 19:50:39,1732305039776,2024-11-22 19:50:39,1732305039778,0,1,0,1,4,234000,20997590,0,5,0.01,0.0,20797.9,0.0,0.0,20797.9,0.0,US100,[tp 20797.9],
373,20997665,2024-11-22 19:50:39,1732305039958,2024-11-22 19:50:39,1732305039962,0,1,0,1,4,234000,20996627,0,5,0.01,0.0,20798.4,0.0,0.0,20798.4,0.0,US100,[tp 20798.4],
374,20997666,2024-11-22 19:50:39,1732305039961,2024-11-22 19:50:39,1732305039967,0,1,0,1,4,234000,20996644,0,5,0.01,0.0,20798.4,0.0,0.0,20798.4,0.0,US100,[tp 20798.4],
375,20997679,2024-11-22 19:51:00,1732305060746,2024-11-22 19:51:00,1732305060749,0,1,0,1,4,234000,20996763,0,5,0.01,0.0,20799.4,0.0,0.0,20799.4,0.0,US100,[tp 20799.4],
376,20997680,2024-11-22 19:51:00,1732305060748,2024-11-22 19:51:00,1732305060752,0,1,0,1,4,234000,20996832,0,5,0.01,0.0,20799.6,0.0,0.0,20799.6,0.0,US100,[tp 20799.6],
377,20997687,2024-11-22 19:51:14,1732305074073,2024-11-22 19:51:14,1732305074074,0,0,0,0,4,234000,20997687,0,3,0.01,0.0,0.0,20756.6,20816.6,20796.1,0.0,US100,python script op,
378,20997704,2024-11-22 19:52:14,1732305134529,2024-11-22 19:52:14,1732305134531,0,0,0,0,4,234000,20997704,0,3,0.01,0.0,0.0,20754.6,20814.6,20795.1,0.0,US100,python script op,
379,20997736,2024-11-22 19:53:15,1732305195664,2024-11-22 19:53:15,1732305195665,0,0,0,0,4,234000,20997736,0,3,0.01,0.0,0.0,20746.4,20806.4,20786.4,0.0,US100,python script op,
380,20997778,2024-11-22 19:54:16,1732305256093,2024-11-22 19:54:16,1732305256095,0,0,0,0,4,234000,20997778,0,3,0.01,0.0,0.0,20756.1,20816.1,20796.1,0.0,US100,python script op,
381,20997816,2024-11-22 19:55:16,1732305316546,2024-11-22 19:55:16,1732305316547,0,0,0,0,4,234000,20997816,0,3,0.01,0.0,0.0,20759.6,20819.6,20799.6,0.0,US100,python script op,
382,20997827,2024-11-22 19:56:08,1732305368534,2024-11-22 19:56:08,1732305368535,0,0,0,1,4,234000,20997389,0,4,0.01,0.0,20803.3,0.0,0.0,20803.3,0.0,US100,[sl 20803.3],
383,20997829,2024-11-22 19:56:10,1732305370251,2024-11-22 19:56:10,1732305370253,0,1,0,1,4,234000,20997627,0,5,0.01,0.0,20802.4,0.0,0.0,20802.4,0.0,US100,[tp 20802.4],
384,20997841,2024-11-22 19:56:16,1732305376979,2024-11-22 19:56:16,1732305376980,0,0,0,0,4,234000,20997841,0,3,0.01,0.0,0.0,20763.4,20823.4,20802.6,0.0,US100,python script op,
385,20997871,2024-11-22 19:56:58,1732305418970,2024-11-22 19:56:58,1732305418972,0,0,0,1,4,234000,20997454,0,4,0.01,0.0,20805.8,0.0,0.0,20805.8,0.0,US100,[sl 20805.8],
386,20997873,2024-11-22 19:57:06,1732305426995,2024-11-22 19:57:06,1732305426998,0,0,0,1,4,234000,20997422,0,4,0.01,0.0,20806.3,0.0,0.0,20806.3,0.0,US100,[sl 20806.3],
387,20997874,2024-11-22 19:57:06,1732305426997,2024-11-22 19:57:07,1732305427002,0,0,0,1,4,234000,20997533,0,4,0.01,0.0,20806.3,0.0,0.0,20806.3,0.0,US100,[sl 20806.3],
388,20997885,2024-11-22 19:57:17,1732305437675,2024-11-22 19:57:17,1732305437678,0,0,0,0,4,234000,20997885,0,3,0.01,0.0,0.0,20761.4,20821.4,20800.9,0.0,US100,python script op,
389,20997899,2024-11-22 19:58:18,1732305498136,2024-11-22 19:58:18,1732305498137,0,0,0,0,4,234000,20997899,0,3,0.01,0.0,0.0,20753.6,20813.6,20793.9,0.0,US100,python script op,
390,20997924,2024-11-22 19:59:18,1732305558585,2024-11-22 19:59:18,1732305558586,0,0,0,0,4,234000,20997924,0,3,0.01,0.0,0.0,20758.9,20818.9,20798.9,0.0,US100,python script op,
391,20998021,2024-11-22 20:00:19,1732305619078,2024-11-22 20:00:19,1732305619079,0,0,0,0,4,234000,20998021,0,3,0.01,0.0,0.0,20754.4,20814.4,20794.4,0.0,US100,python script op,
392,20998050,2024-11-22 20:01:19,1732305679498,2024-11-22 20:01:19,1732305679500,0,0,0,0,4,234000,20998050,0,3,0.01,0.0,0.0,20751.9,20811.9,20791.1,0.0,US100,python script op,
393,20998127,2024-11-22 20:02:19,1732305739933,2024-11-22 20:02:19,1732305739935,0,0,0,0,4,234000,20998127,0,3,0.01,0.0,0.0,20747.6,20807.6,20787.6,0.0,US100,python script op,
394,20998180,2024-11-22 20:03:20,1732305800616,2024-11-22 20:03:20,1732305800617,0,0,0,0,4,234000,20998180,0,3,0.01,0.0,0.0,20757.1,20817.1,20798.1,0.0,US100,python script op,
395,20998217,2024-11-22 20:04:09,1732305849263,2024-11-22 20:04:09,1732305849264,0,0,0,0,4,234000,20998217,0,3,0.01,0.0,0.0,20760.1,20820.1,20800.4,0.0,US100,python script op,
396,20998251,2024-11-22 20:05:21,1732305921749,2024-11-22 20:05:21,1732305921750,0,0,0,0,4,234000,20998251,0,3,0.01,0.0,0.0,20764.4,20824.4,20803.9,0.0,US100,python script op,
397,20998269,2024-11-22 20:05:35,1732305935250,2024-11-22 20:05:35,1732305935252,0,0,0,1,4,234000,20997518,0,4,0.01,0.0,20807.1,0.0,0.0,20807.1,0.0,US100,[sl 20807.1],
398,20998297,2024-11-22 20:06:22,1732305982463,2024-11-22 20:06:22,1732305982465,0,0,0,0,4,234000,20998297,0,3,0.01,0.0,0.0,20760.1,20820.1,20800.1,0.0,US100,python script op,
399,20998316,2024-11-22 20:07:10,1732306030870,2024-11-22 20:07:10,1732306030871,0,0,0,0,4,234000,20998316,0,3,0.01,0.0,0.0,20764.4,20824.4,20804.4,0.0,US100,python script op,
400,20998347,2024-11-22 20:08:12,1732306092277,2024-11-22 20:08:12,1732306092280,0,1,0,1,4,234000,20997736,0,5,0.01,0.0,20806.4,0.0,0.0,20806.4,0.0,US100,[tp 20806.4],
401,20998349,2024-11-22 20:08:12,1732306092516,2024-11-22 20:08:12,1732306092519,0,1,0,1,4,234000,20998127,0,5,0.01,0.0,20807.6,0.0,0.0,20807.6,0.0,US100,[tp 20807.6],
402,20998352,2024-11-22 20:08:23,1732306103459,2024-11-22 20:08:23,1732306103460,0,0,0,0,4,234000,20998352,0,3,0.01,0.0,0.0,20766.6,20826.6,20807.1,0.0,US100,python script op,
403,20998371,2024-11-22 20:09:11,1732306151899,2024-11-22 20:09:11,1732306151900,0,0,0,0,4,234000,20998371,0,3,0.01,0.0,0.0,20766.4,20826.4,20806.1,0.0,US100,python script op,
404,20998412,2024-11-22 20:10:12,1732306212329,2024-11-22 20:10:12,1732306212331,0,0,0,0,4,234000,20998412,0,3,0.01,0.0,0.0,20766.4,20826.4,20806.4,0.0,US100,python script op,
405,20998432,2024-11-22 20:11:17,1732306277081,2024-11-22 20:11:17,1732306277083,0,0,0,1,4,234000,20997563,0,4,0.01,0.0,20813.3,0.0,0.0,20813.3,0.0,US100,[sl 20813.3],
406,20998434,2024-11-22 20:11:18,1732306278463,2024-11-22 20:11:18,1732306278466,0,1,0,1,4,234000,20998050,0,5,0.01,0.0,20811.9,0.0,0.0,20811.9,0.0,US100,[tp 20811.9],
407,20998435,2024-11-22 20:11:18,1732306278691,2024-11-22 20:11:18,1732306278693,0,1,0,1,4,234000,20997899,0,5,0.01,0.0,20813.6,0.0,0.0,20813.6,0.0,US100,[tp 20813.6],
408,20998436,2024-11-22 20:11:18,1732306278719,2024-11-22 20:11:18,1732306278723,0,1,0,1,4,234000,20997704,0,5,0.01,0.0,20814.6,0.0,0.0,20814.6,0.0,US100,[tp 20814.6],
409,20998437,2024-11-22 20:11:18,1732306278721,2024-11-22 20:11:18,1732306278727,0,1,0,1,4,234000,20998021,0,5,0.01,0.0,20814.4,0.0,0.0,20814.4,0.0,US100,[tp 20814.4],
410,20998439,2024-11-22 20:11:24,1732306284776,2024-11-22 20:11:24,1732306284777,0,0,0,0,4,234000,20998439,0,3,0.01,0.0,0.0,20775.6,20835.6,20815.6,0.0,US100,python script op,
411,20998445,2024-11-22 20:11:44,1732306304977,2024-11-22 20:11:44,1732306304980,0,1,0,1,4,234000,20997778,0,5,0.01,0.0,20816.1,0.0,0.0,20816.1,0.0,US100,[tp 20816.1],
412,20998447,2024-11-22 20:11:45,1732306305181,2024-11-22 20:11:45,1732306305183,0,1,0,1,4,234000,20997687,0,5,0.01,0.0,20816.6,0.0,0.0,20816.6,0.0,US100,[tp 20816.6],
413,20998450,2024-11-22 20:11:45,1732306305606,2024-11-22 20:11:45,1732306305608,0,1,0,1,4,234000,20998180,0,5,0.01,0.0,20817.1,0.0,0.0,20817.1,0.0,US100,[tp 20817.1],
414,20998453,2024-11-22 20:11:46,1732306306127,2024-11-22 20:11:46,1732306306130,0,1,0,1,4,234000,20997924,0,5,0.01,0.0,20818.9,0.0,0.0,20818.9,0.0,US100,[tp 20818.9],
415,20998456,2024-11-22 20:11:46,1732306306173,2024-11-22 20:11:46,1732306306179,0,1,0,1,4,234000,20997816,0,5,0.01,0.0,20819.6,0.0,0.0,20819.6,0.0,US100,[tp 20819.6],
416,20998457,2024-11-22 20:11:46,1732306306176,2024-11-22 20:11:46,1732306306185,0,1,0,1,4,234000,20998217,0,5,0.01,0.0,20820.1,0.0,0.0,20820.1,0.0,US100,[tp 20820.1],
417,20998458,2024-11-22 20:11:46,1732306306178,2024-11-22 20:11:46,1732306306190,0,1,0,1,4,234000,20998297,0,5,0.01,0.0,20820.1,0.0,0.0,20820.1,0.0,US100,[tp 20820.1],
418,20998467,2024-11-22 20:12:13,1732306333211,2024-11-22 20:12:13,1732306333213,0,0,0,0,4,234000,20998467,0,3,0.01,0.0,0.0,20777.9,20837.9,20817.6,0.0,US100,python script op,
419,20998488,2024-11-22 20:13:13,1732306393718,2024-11-22 20:13:13,1732306393719,0,0,0,0,4,234000,20998488,0,3,0.01,0.0,0.0,20777.4,20837.4,20817.4,0.0,US100,python script op,
420,20998502,2024-11-22 20:14:16,1732306456122,2024-11-22 20:14:16,1732306456123,0,0,0,0,4,234000,20998502,0,3,0.01,0.0,0.0,20765.6,20825.6,20803.6,0.0,US100,python script op,
421,20998523,2024-11-22 20:15:16,1732306516562,2024-11-22 20:15:16,1732306516563,0,0,0,0,4,234000,20998523,0,3,0.01,0.0,0.0,20767.4,20827.4,20807.4,0.0,US100,python script op,
422,20998541,2024-11-22 20:16:17,1732306577266,2024-11-22 20:16:17,1732306577267,0,0,0,0,4,234000,20998541,0,3,0.01,0.0,0.0,20772.9,20832.9,20812.9,0.0,US100,python script op,
423,20998582,2024-11-22 20:17:17,1732306637754,2024-11-22 20:17:17,1732306637755,0,0,0,0,4,234000,20998582,0,3,0.01,0.0,0.0,20768.9,20828.9,20808.6,0.0,US100,python script op,
424,20998607,2024-11-22 20:18:18,1732306698259,2024-11-22 20:18:18,1732306698261,0,0,0,0,4,234000,20998607,0,3,0.01,0.0,0.0,20763.9,20823.9,20804.4,0.0,US100,python script op,
425,20998626,2024-11-22 20:19:18,1732306758723,2024-11-22 20:19:18,1732306758725,0,0,0,0,4,234000,20998626,0,3,0.01,0.0,0.0,20771.1,20831.1,20811.6,0.0,US100,python script op,
426,20998656,2024-11-22 20:20:19,1732306819194,2024-11-22 20:20:19,1732306819195,0,0,0,0,4,234000,20998656,0,3,0.01,0.0,0.0,20759.1,20819.1,20799.6,0.0,US100,python script op,
427,20998707,2024-11-22 20:21:19,1732306879655,2024-11-22 20:21:19,1732306879657,0,0,0,0,4,234000,20998707,0,3,0.01,0.0,0.0,20764.9,20824.9,20804.9,0.0,US100,python script op,
428,20998722,2024-11-22 20:22:20,1732306940126,2024-11-22 20:22:20,1732306940127,0,0,0,0,4,234000,20998722,0,3,0.01,0.0,0.0,20768.9,20828.9,20809.4,0.0,US100,python script op,
429,20998770,2024-11-22 20:23:20,1732307000592,2024-11-22 20:23:20,1732307000594,0,0,0,0,4,234000,20998770,0,3,0.01,0.0,0.0,20771.9,20831.9,20811.9,0.0,US100,python script op,
430,20998828,2024-11-22 20:24:21,1732307061061,2024-11-22 20:24:21,1732307061062,0,0,0,0,4,234000,20998828,0,3,0.01,0.0,0.0,20773.9,20833.9,20813.9,0.0,US100,python script op,
431,20998848,2024-11-22 20:25:21,1732307121497,2024-11-22 20:25:21,1732307121498,0,0,0,0,4,234000,20998848,0,3,0.01,0.0,0.0,20770.9,20830.9,20810.6,0.0,US100,python script op,
432,20998879,2024-11-22 20:26:10,1732307170064,2024-11-22 20:26:10,1732307170065,0,0,0,0,4,234000,20998879,0,3,0.01,0.0,0.0,20768.9,20828.9,20808.6,0.0,US100,python script op,
433,20998891,2024-11-22 20:27:23,1732307243789,2024-11-22 20:27:23,1732307243791,0,0,0,0,4,234000,20998891,0,3,0.01,0.0,0.0,20766.6,20826.6,20806.1,0.0,US100,python script op,
434,20998899,2024-11-22 20:28:12,1732307292461,2024-11-22 20:28:12,1732307292462,0,1,0,0,4,234000,20998899,0,3,0.01,0.0,0.0,20839.8,20779.8,20800.1,0.0,US100,python script op,
435,20998939,2024-11-22 20:29:12,1732307352863,2024-11-22 20:29:12,1732307352865,0,1,0,0,4,234000,20998939,0,3,0.01,0.0,0.0,20831.8,20771.8,20791.8,0.0,US100,python script op,
436,20998989,2024-11-22 20:30:13,1732307413275,2024-11-22 20:30:13,1732307413276,0,1,0,0,4,234000,20998989,0,3,0.01,0.0,0.0,20830.6,20770.6,20790.1,0.0,US100,python script op,
437,20999024,2024-11-22 20:31:13,1732307473696,2024-11-22 20:31:13,1732307473698,0,1,0,0,4,234000,20999024,0,3,0.01,0.0,0.0,20844.6,20784.6,20805.0,0.0,US100,python script op,
438,20999076,2024-11-22 20:32:14,1732307534165,2024-11-22 20:32:14,1732307534167,0,1,0,0,4,234000,20999076,0,3,0.01,0.0,0.0,20849.6,20789.6,20808.8,0.0,US100,python script op,
439,20999117,2024-11-22 20:33:14,1732307594781,2024-11-22 20:33:14,1732307594783,0,1,0,0,4,234000,20999117,0,3,0.01,0.0,0.0,20843.8,20783.8,20803.1,0.0,US100,python script op,
440,20999131,2024-11-22 20:34:15,1732307655746,2024-11-22 20:34:15,1732307655747,0,1,0,0,4,234000,20999131,0,3,0.01,0.0,0.0,20840.1,20780.1,20800.1,0.0,US100,python script op,
441,20999147,2024-11-22 20:35:16,1732307716174,2024-11-22 20:35:16,1732307716175,0,1,0,0,4,234000,20999147,0,3,0.01,0.0,0.0,20837.3,20777.3,20796.3,0.0,US100,python script op,
442,20999165,2024-11-22 20:36:16,1732307776586,2024-11-22 20:36:16,1732307776587,0,1,0,0,4,234000,20999165,0,3,0.01,0.0,0.0,20835.3,20775.3,20795.3,0.0,US100,python script op,
443,20999204,2024-11-22 20:36:38,1732307798436,2024-11-22 20:36:38,1732307798438,0,0,0,1,4,234000,20999076,0,5,0.01,0.0,20789.6,0.0,0.0,20789.6,0.0,US100,[tp 20789.6],
444,20999216,2024-11-22 20:37:17,1732307837257,2024-11-22 20:37:17,1732307837259,0,1,0,0,4,234000,20999216,0,3,0.01,0.0,0.0,20828.6,20768.6,20788.3,0.0,US100,python script op,
445,20999238,2024-11-22 20:37:28,1732307848321,2024-11-22 20:37:28,1732307848323,0,0,0,1,4,234000,20999024,0,5,0.01,0.0,20784.6,0.0,0.0,20784.6,0.0,US100,[tp 20784.6],
446,20999240,2024-11-22 20:37:28,1732307848638,2024-11-22 20:37:28,1732307848640,0,0,0,1,4,234000,20999117,0,5,0.01,0.0,20783.8,0.0,0.0,20783.8,0.0,US100,[tp 20783.8],
447,20999297,2024-11-22 20:38:17,1732307897686,2024-11-22 20:38:17,1732307897688,0,1,0,0,4,234000,20999297,0,3,0.01,0.0,0.0,20827.1,20767.1,20787.1,0.0,US100,python script op,
448,20999311,2024-11-22 20:39:18,1732307958152,2024-11-22 20:39:18,1732307958153,0,1,0,0,4,234000,20999311,0,3,0.01,0.0,0.0,20827.1,20767.1,20787.3,0.0,US100,python script op,
449,20999337,2024-11-22 20:40:09,1732308009440,2024-11-22 20:40:09,1732308009444,0,0,0,1,4,234000,20999131,0,5,0.01,0.0,20780.1,0.0,0.0,20780.1,0.0,US100,[tp 20780.1],
450,20999341,2024-11-22 20:40:18,1732308018573,2024-11-22 20:40:18,1732308018575,0,1,0,0,4,234000,20999341,0,3,0.01,0.0,0.0,20820.3,20760.3,20780.1,0.0,US100,python script op,
451,20999343,2024-11-22 20:40:27,1732308027241,2024-11-22 20:40:27,1732308027244,0,1,0,1,4,234000,20998467,0,4,0.01,0.0,20777.9,0.0,0.0,20777.9,0.0,US100,[sl 20777.9],
452,20999344,2024-11-22 20:40:27,1732308027243,2024-11-22 20:40:27,1732308027248,0,0,0,1,4,234000,20998899,0,5,0.01,0.0,20779.8,0.0,0.0,20779.8,0.0,US100,[tp 20779.8],
453,20999346,2024-11-22 20:40:29,1732308029043,2024-11-22 20:40:29,1732308029044,0,1,0,1,4,234000,20998488,0,4,0.01,0.0,20777.4,0.0,0.0,20777.4,0.0,US100,[sl 20777.4],
454,20999366,2024-11-22 20:41:57,1732308117243,2024-11-22 20:41:57,1732308117245,0,1,0,1,4,234000,20998439,0,4,0.01,0.0,20775.6,0.0,0.0,20775.6,0.0,US100,[sl 20775.6],
455,20999367,2024-11-22 20:41:57,1732308117292,2024-11-22 20:41:57,1732308117297,0,0,0,1,4,234000,20999147,0,5,0.01,0.0,20777.3,0.0,0.0,20777.3,0.0,US100,[tp 20777.3],
456,20999373,2024-11-22 20:42:08,1732308128083,2024-11-22 20:42:08,1732308128085,0,1,0,1,4,234000,20998828,0,4,0.01,0.0,20773.9,0.0,0.0,20773.9,0.0,US100,[sl 20773.9],
457,20999374,2024-11-22 20:42:12,1732308132212,2024-11-22 20:42:12,1732308132215,0,1,0,1,4,234000,20998541,0,4,0.01,0.0,20772.9,0.0,0.0,20772.9,0.0,US100,[sl 20772.9],
458,20999375,2024-11-22 20:42:12,1732308132214,2024-11-22 20:42:12,1732308132221,0,0,0,1,4,234000,20999165,0,5,0.01,0.0,20775.3,0.0,0.0,20775.3,0.0,US100,[tp 20775.3],
459,20999376,2024-11-22 20:42:12,1732308132241,2024-11-22 20:42:12,1732308132244,0,1,0,1,4,234000,20998626,0,4,0.01,0.0,20771.1,0.0,0.0,20771.1,0.0,US100,[sl 20771.1],
460,20999377,2024-11-22 20:42:12,1732308132243,2024-11-22 20:42:12,1732308132248,0,1,0,1,4,234000,20998770,0,4,0.01,0.0,20771.9,0.0,0.0,20771.9,0.0,US100,[sl 20771.9],
461,20999378,2024-11-22 20:42:12,1732308132320,2024-11-22 20:42:12,1732308132322,0,1,0,1,4,234000,20998848,0,4,0.01,0.0,20770.9,0.0,0.0,20770.9,0.0,US100,[sl 20770.9],
462,20999425,2024-11-22 20:43:55,1732308235766,2024-11-22 20:43:55,1732308235768,0,0,0,1,4,234000,20998939,0,5,0.01,0.0,20771.8,0.0,0.0,20771.8,0.0,US100,[tp 20771.8],
463,20999428,2024-11-22 20:44:06,1732308246167,2024-11-22 20:44:06,1732308246173,0,1,0,1,4,234000,20998582,0,4,0.01,0.0,20768.9,0.0,0.0,20768.9,0.0,US100,[sl 20768.9],
464,20999429,2024-11-22 20:44:06,1732308246169,2024-11-22 20:44:06,1732308246177,0,1,0,1,4,234000,20998722,0,4,0.01,0.0,20768.9,0.0,0.0,20768.9,0.0,US100,[sl 20768.9],
465,20999430,2024-11-22 20:44:06,1732308246170,2024-11-22 20:44:06,1732308246182,0,1,0,1,4,234000,20998879,0,4,0.01,0.0,20768.9,0.0,0.0,20768.9,0.0,US100,[sl 20768.9],
466,20999431,2024-11-22 20:44:06,1732308246172,2024-11-22 20:44:06,1732308246186,0,0,0,1,4,234000,20998989,0,5,0.01,0.0,20770.6,0.0,0.0,20770.6,0.0,US100,[tp 20770.6],
467,20999652,2024-11-22 20:51:31,1732308691537,2024-11-22 20:51:31,1732308691539,0,1,0,1,4,234000,20998523,0,4,0.01,0.0,20767.4,0.0,0.0,20767.4,0.0,US100,[sl 20767.4],
468,20999655,2024-11-22 20:51:39,1732308699377,2024-11-22 20:51:39,1732308699383,0,1,0,1,4,234000,20998352,0,4,0.01,0.0,20766.6,0.0,0.0,20766.6,0.0,US100,[sl 20766.6],
469,20999656,2024-11-22 20:51:39,1732308699380,2024-11-22 20:51:39,1732308699389,0,1,0,1,4,234000,20998891,0,4,0.01,0.0,20766.6,0.0,0.0,20766.6,0.0,US100,[sl 20766.6],
470,20999657,2024-11-22 20:51:39,1732308699382,2024-11-22 20:51:39,1732308699396,0,0,0,1,4,234000,20999216,0,5,0.01,0.0,20768.6,0.0,0.0,20768.6,0.0,US100,[tp 20768.6],
471,20999659,2024-11-22 20:51:39,1732308699961,2024-11-22 20:51:39,1732308699964,0,1,0,1,4,234000,20998371,0,4,0.01,0.0,20766.4,0.0,0.0,20766.4,0.0,US100,[sl 20766.4],
472,20999660,2024-11-22 20:51:39,1732308699963,2024-11-22 20:51:39,1732308699969,0,1,0,1,4,234000,20998412,0,4,0.01,0.0,20766.4,0.0,0.0,20766.4,0.0,US100,[sl 20766.4],
473,21000631,2024-11-22 21:11:50,1732309910829,2024-11-22 21:11:50,1732309910831,0,1,0,1,4,234000,20998502,0,4,0.01,0.0,20765.6,0.0,0.0,20765.6,0.0,US100,[sl 20765.6],
474,21000632,2024-11-22 21:11:50,1732309910855,2024-11-22 21:11:50,1732309910858,0,0,0,1,4,234000,20999297,0,5,0.01,0.0,20767.1,0.0,0.0,20767.1,0.0,US100,[tp 20767.1],
475,21000633,2024-11-22 21:11:50,1732309910857,2024-11-22 21:11:50,1732309910863,0,0,0,1,4,234000,20999311,0,5,0.01,0.0,20767.1,0.0,0.0,20767.1,0.0,US100,[tp 20767.1],
476,21000634,2024-11-22 21:11:51,1732309911122,2024-11-22 21:11:51,1732309911124,0,1,0,1,4,234000,20998707,0,4,0.01,0.0,20764.9,0.0,0.0,20764.9,0.0,US100,[sl 20764.9],
477,21000639,2024-11-22 21:11:54,1732309914888,2024-11-22 21:11:54,1732309914891,0,1,0,1,4,234000,20998251,0,4,0.01,0.0,20764.4,0.0,0.0,20764.4,0.0,US100,[sl 20764.4],
478,21000640,2024-11-22 21:11:54,1732309914890,2024-11-22 21:11:54,1732309914898,0,1,0,1,4,234000,20998316,0,4,0.01,0.0,20764.4,0.0,0.0,20764.4,0.0,US100,[sl 20764.4],
479,21000641,2024-11-22 21:11:55,1732309915233,2024-11-22 21:11:55,1732309915236,0,1,0,1,4,234000,20998607,0,4,0.01,0.0,20763.9,0.0,0.0,20763.9,0.0,US100,[sl 20763.9],
480,21000642,2024-11-22 21:11:59,1732309919231,2024-11-22 21:11:59,1732309919233,0,1,0,1,4,234000,20997841,0,4,0.01,0.0,20763.4,0.0,0.0,20763.4,0.0,US100,[sl 20763.4],
481,21000648,2024-11-22 21:12:17,1732309937941,2024-11-22 21:12:17,1732309937942,0,1,0,1,4,234000,20997885,0,4,0.01,0.0,20761.4,0.0,0.0,20761.4,0.0,US100,[sl 20761.4],
482,21000794,2024-11-22 21:15:34,1732310134715,2024-11-22 21:15:34,1732310134717,0,1,0,1,4,234000,20998656,0,4,0.01,0.0,20759.1,0.0,0.0,20759.1,0.0,US100,[sl 20759.1],
483,21000795,2024-11-22 21:15:35,1732310135007,2024-11-22 21:15:35,1732310135009,0,0,0,1,4,234000,20999341,0,5,0.01,0.0,20760.3,0.0,0.0,20760.3,0.0,US100,[tp 20760.3],
484,24286097,2025-03-04 17:13:44,1741108424610,2025-03-04 17:13:44,1741108424615,0,0,0,0,4,234000,24286097,0,3,0.19,0.0,0.0,1.04237,1.07237,1.05237,0.0,EURUSD.sml,Autotrading K10,
485,24286139,2025-03-04 17:14:56,1741108496575,2025-03-04 17:14:56,1741108496577,0,1,0,0,4,234000,24286139,0,3,0.34,0.0,0.0,1.07205,1.04205,1.05204,0.0,EURUSD.sml,ABC,
486,24286496,2025-03-04 17:19:36,1741108776368,2025-03-04 17:19:36,1741108776370,0,0,0,0,4,234000,24286496,0,3,0.01,0.0,0.0,1.04053,1.07053,1.05053,0.0,EURUSD.sml,Autotrading K10,
487,24286497,2025-03-04 17:19:39,1741108779868,2025-03-04 17:19:39,1741108779869,0,1,0,0,4,234000,24286497,0,3,0.01,0.0,0.0,1.07054,1.04054,1.05054,0.0,EURUSD.sml,ABC,
488,24313704,2025-03-05 11:03:14,1741172594269,2025-03-05 11:03:14,1741172594271,0,0,0,1,4,234000,24286497,0,4,0.01,0.0,1.07054,0.0,0.0,1.07054,0.0,EURUSD.sml,[sl 1.07054],
489,24313714,2025-03-05 11:03:22,1741172602331,2025-03-05 11:03:22,1741172602335,0,1,0,1,4,234000,24286496,0,5,0.01,0.0,1.07053,0.0,0.0,1.07053,0.0,EURUSD.sml,[tp 1.07053],
490,24314959,2025-03-05 11:32:13,1741174333778,2025-03-05 11:32:13,1741174333780,0,0,0,1,4,234000,24286139,0,4,0.34,0.0,1.07205,0.0,0.0,1.07205,0.0,EURUSD.sml,[sl 1.07205],
491,24330357,2025-03-05 16:05:13,1741190713707,2025-03-05 16:05:13,1741190713710,0,1,0,1,4,234000,24286097,0,5,0.19,0.0,1.07237,0.0,0.0,1.07237,0.0,EURUSD.sml,[tp 1.07237],
492,24380029,2025-03-06 14:47:38,1741272458755,2025-03-06 14:47:38,1741272458757,0,0,0,0,4,234000,24380029,0,3,0.01,0.0,0.0,1.07056,1.10056,1.08056,0.0,EURUSD.sml,Autotrading K10,
493,24380037,2025-03-06 14:47:48,1741272468007,2025-03-06 14:47:48,1741272468009,0,1,0,0,4,234000,24380037,0,3,0.01,0.0,0.0,1.10048,1.07048,1.08048,0.0,EURUSD.sml,ABC,
494,24568163,2025-03-11 18:40:06,1741718406532,2025-03-11 18:40:06,1741718406536,0,1,0,0,4,234000,24568163,0,3,0.01,0.0,0.0,19503.1,19443.1,19463.4,0.0,US100,python script op,
495,24568190,2025-03-11 18:40:16,1741718416886,2025-03-11 18:40:16,1741718416887,0,1,0,0,4,234000,24568190,0,3,0.01,0.0,0.0,19520.4,19460.4,19483.1,0.0,US100,python script op,
496,24568197,2025-03-11 18:40:28,1741718428750,2025-03-11 18:40:28,1741718428751,0,0,0,1,4,234000,24568163,0,4,0.01,0.0,19503.1,0.0,0.0,19503.1,0.0,US100,[sl 19503.1],
497,24568243,2025-03-11 18:41:17,1741718477239,2025-03-11 18:41:17,1741718477240,0,1,0,0,4,234000,24568243,0,3,0.01,0.0,0.0,19533.6,19473.6,19495.9,0.0,US100,python script op,
498,24568258,2025-03-11 18:42:17,1741718537591,2025-03-11 18:42:17,1741718537592,0,1,0,0,4,234000,24568258,0,3,0.01,0.0,0.0,19550.8,19490.8,19510.1,0.0,US100,python script op,
499,24568263,2025-03-11 18:42:42,1741718562017,2025-03-11 18:42:42,1741718562018,0,0,0,1,4,234000,24568190,0,4,0.01,0.0,19520.4,0.0,0.0,19520.4,0.0,US100,[sl 19520.4],
500,24568344,2025-03-11 18:43:17,1741718597943,2025-03-11 18:43:17,1741718597944,0,1,0,0,4,234000,24568344,0,3,0.01,0.0,0.0,19550.4,19490.4,19510.3,0.0,US100,python script op,
501,24568465,2025-03-11 18:44:18,1741718658304,2025-03-11 18:44:18,1741718658305,0,1,0,0,4,234000,24568465,0,3,0.01,0.0,0.0,19548.3,19488.3,19507.6,0.0,US100,python script op,
502,24568608,2025-03-11 18:45:18,1741718718654,2025-03-11 18:45:18,1741718718655,0,1,0,0,4,234000,24568608,0,3,0.01,0.0,0.0,19540.1,19480.1,19499.4,0.0,US100,python script op,
503,24568637,2025-03-11 18:45:52,1741718752384,2025-03-11 18:45:52,1741718752386,0,0,0,1,4,234000,24568258,0,5,0.01,0.0,19490.8,0.0,0.0,19490.8,0.0,US100,[tp 19490.8],
504,24568638,2025-03-11 18:45:52,1741718752385,2025-03-11 18:45:52,1741718752391,0,0,0,1,4,234000,24568344,0,5,0.01,0.0,19490.4,0.0,0.0,19490.4,0.0,US100,[tp 19490.4],
505,24568640,2025-03-11 18:45:56,1741718756008,2025-03-11 18:45:56,1741718756009,0,0,0,1,4,234000,24568465,0,5,0.01,0.0,19488.3,0.0,0.0,19488.3,0.0,US100,[tp 19488.3],
506,24568645,2025-03-11 18:45:59,1741718759116,2025-03-11 18:45:59,1741718759117,0,0,0,1,4,234000,24568608,0,5,0.01,0.0,19480.1,0.0,0.0,19480.1,0.0,US100,[tp 19480.1],
507,24568652,2025-03-11 18:46:00,1741718760137,2025-03-11 18:46:00,1741718760139,0,0,0,1,4,234000,24568243,0,5,0.01,0.0,19473.6,0.0,0.0,19473.6,0.0,US100,[tp 19473.6],
508,24568693,2025-03-11 18:46:19,1741718779005,2025-03-11 18:46:19,1741718779006,0,1,0,0,4,234000,24568693,0,3,0.01,0.0,0.0,19508.8,19448.8,19464.8,0.0,US100,python script op,
509,24568799,2025-03-11 18:47:19,1741718839355,2025-03-11 18:47:19,1741718839356,0,1,0,0,4,234000,24568799,0,3,0.01,0.0,0.0,19489.1,19429.1,19448.1,0.0,US100,python script op,
510,24568800,2025-03-11 18:47:20,1741718840264,2025-03-11 18:47:20,1741718840265,0,0,0,1,4,234000,24568693,0,5,0.01,0.0,19448.8,0.0,0.0,19448.8,0.0,US100,[tp 19448.8],
511,24568871,2025-03-11 18:48:19,1741718899710,2025-03-11 18:48:19,1741718899711,0,1,0,0,4,234000,24568871,0,3,0.01,0.0,0.0,19516.8,19456.8,19476.3,0.0,US100,python script op,
512,24568875,2025-03-11 18:48:22,1741718902778,2025-03-11 18:48:22,1741718902779,0,0,0,1,4,234000,24568799,0,4,0.01,0.0,19489.1,0.0,0.0,19489.1,0.0,US100,[sl 19489.1],
513,24568955,2025-03-11 18:49:20,1741718960063,2025-03-11 18:49:20,1741718960065,0,1,0,0,4,234000,24568955,0,3,0.01,0.0,0.0,19523.4,19463.4,19483.6,0.0,US100,python script op,
514,24568981,2025-03-11 18:50:20,1741719020417,2025-03-11 18:50:20,1741719020418,0,1,0,0,4,234000,24568981,0,3,0.01,0.0,0.0,19528.1,19468.1,19488.6,0.0,US100,python script op,
515,24569030,2025-03-11 18:51:20,1741719080767,2025-03-11 18:51:20,1741719080768,0,1,0,0,4,234000,24569030,0,3,0.01,0.0,0.0,19518.6,19458.6,19480.4,0.0,US100,python script op,
516,24569098,2025-03-11 18:52:21,1741719141129,2025-03-11 18:52:21,1741719141130,0,1,0,0,4,234000,24569098,0,3,0.01,0.0,0.0,19525.1,19465.1,19483.1,0.0,US100,python script op,
517,24569119,2025-03-11 18:52:44,1741719164905,2025-03-11 18:52:44,1741719164906,0,0,0,1,4,234000,24568981,0,5,0.01,0.0,19468.1,0.0,0.0,19468.1,0.0,US100,[tp 19468.1],
518,24569121,2025-03-11 18:52:46,1741719166888,2025-03-11 18:52:46,1741719166889,0,0,0,1,4,234000,24569098,0,5,0.01,0.0,19465.1,0.0,0.0,19465.1,0.0,US100,[tp 19465.1],
519,24569127,2025-03-11 18:52:51,1741719171291,2025-03-11 18:52:51,1741719171292,0,0,0,1,4,234000,24568955,0,5,0.01,0.0,19463.4,0.0,0.0,19463.4,0.0,US100,[tp 19463.4],
520,24569137,2025-03-11 18:53:08,1741719188342,2025-03-11 18:53:08,1741719188343,0,0,0,1,4,234000,24569030,0,5,0.01,0.0,19458.6,0.0,0.0,19458.6,0.0,US100,[tp 19458.6],
521,24569138,2025-03-11 18:53:09,1741719189186,2025-03-11 18:53:09,1741719189187,0,0,0,1,4,234000,24568871,0,5,0.01,0.0,19456.8,0.0,0.0,19456.8,0.0,US100,[tp 19456.8],
522,24569142,2025-03-11 18:53:21,1741719201480,2025-03-11 18:53:21,1741719201480,0,1,0,0,4,234000,24569142,0,3,0.01,0.0,0.0,19495.4,19435.4,19455.3,0.0,US100,python script op,
523,24569259,2025-03-11 18:54:21,1741719261830,2025-03-11 18:54:21,1741719261831,0,1,0,0,4,234000,24569259,0,3,0.01,0.0,0.0,19524.6,19464.6,19484.4,0.0,US100,python script op,
524,24569269,2025-03-11 18:54:35,1741719275578,2025-03-11 18:54:35,1741719275579,0,0,0,1,4,234000,24569142,0,4,0.01,0.0,19495.4,0.0,0.0,19495.4,0.0,US100,[sl 19495.4],
525,24569295,2025-03-11 18:55:22,1741719322179,2025-03-11 18:55:22,1741719322180,0,1,0,0,4,234000,24569295,0,3,0.01,0.0,0.0,19519.1,19459.1,19479.9,0.0,US100,python script op,
526,24569316,2025-03-11 18:56:52,1741719412159,2025-03-11 18:56:52,1741719412160,0,0,0,1,4,234000,24569259,0,5,0.01,0.0,19464.6,0.0,0.0,19464.6,0.0,US100,[tp 19464.6],
527,24569317,2025-03-11 18:57:09,1741719429375,2025-03-11 18:57:09,1741719429376,0,0,0,1,4,234000,24569295,0,5,0.01,0.0,19459.1,0.0,0.0,19459.1,0.0,US100,[tp 19459.1],
528,24789527,2025-03-20 18:25:55,1742495155445,2025-03-20 18:25:55,1742495155458,0,1,0,1,4,234000,24789527,0,3,0.01,0.0,0.0,2024.88,1982.88,1983.03,0.0,ETHUSD,python script op,
529,24789553,2025-03-20 18:29:06,1742495346263,2025-03-20 18:29:06,1742495346264,0,0,0,1,4,234000,24789527,0,5,0.01,0.0,1982.88,0.0,0.0,1982.88,0.0,ETHUSD,[tp 1982.88],
530,25148933,2025-04-03 11:38:51,1743680331942,2025-04-03 11:38:51,1743680331944,0,0,0,1,4,234000,24380037,0,4,0.01,0.0,1.10048,0.0,0.0,1.10048,0.0,EURUSD.sml,[sl 1.10048],
531,25148939,2025-04-03 11:39:00,1743680340597,2025-04-03 11:39:00,1743680340598,0,1,0,1,4,234000,24380029,0,5,0.01,0.0,1.10056,0.0,0.0,1.10056,0.0,EURUSD.sml,[tp 1.10056],
