Datetime,Open,High,Low,Close,Volume,macd,macd_signal,macd_hist,sma,ema50,ema100,predicted_close,Buy_Signal,Sell_Signal,Position_Buy,Position_Sell,Trade_Action,Capital,Shares_Held,Market_Return,Cumulative_Market_Returns,Strategy_Value,Cumulative_Strategy_Returns
2025-01-02,40500,40550,40300,40550,1340500,42.941214126847626,,,42230.0,,,40966.628476039186,False,False,,,,100000000,0,,,100000000,1.0
2025-01-03,40550,40550,40150,40500,1729100,42.941214126847626,,,42230.0,,,40966.628476039186,False,False,False,False,,100000000,0,-0.0012330456226880004,0.998766954377312,100000000,1.0
2025-01-06,40400,40500,40300,40500,1625900,42.941214126847626,,,42230.0,,,40915.34278827042,False,False,False,False,,100000000,0,0.0,0.998766954377312,100000000,1.0
2025-01-07,40300,40550,40200,40500,1965000,42.941214126847626,,,42230.0,,,40915.34278827042,False,False,False,False,,100000000,0,0.0,0.998766954377312,100000000,1.0
2025-01-08,40400,40550,40300,40500,925800,42.941214126847626,,,42230.0,,,40915.34278827042,False,False,False,False,,100000000,0,0.0,0.998766954377312,100000000,1.0
2025-01-09,40550,41000,40500,40750,1187900,42.941214126847626,,,42230.0,,,40915.34278827042,False,False,False,False,,100000000,0,0.006172839506172867,1.0049321824907522,100000000,1.0
2025-01-10,40750,40900,40400,40500,1104600,42.941214126847626,,,42230.0,,,41171.77122711428,False,False,False,False,,100000000,0,-0.006134969325153339,0.9987669543773121,100000000,1.0
2025-01-13,39700,40350,39700,40300,1680700,42.941214126847626,,,42230.0,,,40915.34278827042,False,False,False,False,,100000000,0,-0.004938271604938316,0.9938347718865599,100000000,1.0
2025-01-14,40200,40200,39800,40200,2326300,42.941214126847626,,,42230.0,,,40710.200037195325,False,False,False,False,,100000000,0,-0.002481389578163795,0.9913686806411838,100000000,1.0
2025-01-15,40300,40350,40000,40250,874200,42.941214126847626,,,42230.0,,,40607.62866165778,False,False,False,False,,100000000,0,0.0012437810945273853,0.9926017262638719,100000000,1.0
2025-01-16,40300,40650,40100,40450,1999800,42.941214126847626,,,42230.0,,,40658.91434942655,False,False,False,False,,100000000,0,0.00496894409937898,0.9975339087546241,100000000,1.0
2025-01-17,40500,40550,40250,40450,1173800,42.941214126847626,,,42230.0,,,40864.057100501646,False,False,False,False,,100000000,0,0.0,0.9975339087546241,100000000,1.0
2025-01-20,40300,40450,40250,40400,646200,42.941214126847626,,,42230.0,,,40864.057100501646,False,False,False,False,,100000000,0,-0.0012360939431397266,0.996300863131936,100000000,1.0
2025-01-21,40550,40550,40300,40450,1313500,42.941214126847626,,,42230.0,,,40812.77141273287,False,False,False,False,,100000000,0,0.0012376237623761277,0.9975339087546239,100000000,1.0
2025-01-22,40500,40500,40100,40400,1135200,42.941214126847626,,,42230.0,,,40864.057100501646,False,False,False,False,,100000000,0,-0.0012360939431397266,0.9963008631319358,100000000,1.0
2025-01-23,40400,40650,40250,40400,1420100,42.941214126847626,,,42230.0,,,40812.77141273287,False,False,False,False,,100000000,0,0.0,0.9963008631319358,100000000,1.0
2025-01-24,40250,40500,40200,40400,1387900,42.941214126847626,,,42230.0,,,40812.77141273287,False,False,False,False,,100000000,0,0.0,0.9963008631319358,100000000,1.0
2025-02-03,40200,40300,39900,40050,1575100,42.941214126847626,,,42230.0,,,40812.77141273287,False,False,False,False,,100000000,0,-0.008663366336633671,0.9876695437731194,100000000,1.0
2025-02-04,40050,40200,39850,40100,1440900,42.941214126847626,,,42230.0,,,40453.77159835146,False,False,False,False,,100000000,0,0.0012484394506866447,0.9889025893958074,100000000,1.0
2025-02-05,40200,40450,40050,40050,1059300,42.941214126847626,,,42230.0,,,40505.05728612023,False,False,False,False,,100000000,0,-0.0012468827930174342,0.9876695437731194,100000000,1.0
2025-02-06,40350,40550,40050,40450,1314600,42.941214126847626,,,42230.0,,,40453.77159835146,False,False,False,False,,100000000,0,0.009987515605493158,0.9975339087546238,100000000,1.0
2025-02-07,40500,40700,40250,40650,1394900,42.941214126847626,,,42230.0,,,40864.057100501646,False,False,False,False,,100000000,0,0.0049443757725586845,1.002466091245376,100000000,1.0
2025-02-10,40350,40350,40000,40000,1534300,42.941214126847626,,,42230.0,,,41069.19985157673,False,False,False,False,,100000000,0,-0.01599015990159902,0.9864364981504314,100000000,1.0
2025-02-11,40000,40100,39850,39950,1436000,42.941214126847626,,,42230.0,,,40402.48591058269,False,False,False,False,,100000000,0,-0.0012499999999999734,0.9852034525277434,100000000,1.0
2025-02-12,39950,40100,39900,39900,940900,42.941214126847626,,,42230.0,,,40351.20022281392,False,False,False,False,,100000000,0,-0.0012515644555695093,0.9839704069050553,100000000,1.0
2025-02-13,39900,40300,39850,40250,1052900,42.941214126847626,,,42230.0,,,40299.91453504514,False,False,False,False,,100000000,0,0.00877192982456143,0.9926017262638717,100000000,1.0
2025-02-14,40500,40500,40200,40250,996500,42.941214126847626,,,42230.0,,,40658.91434942655,False,False,False,False,,100000000,0,0.0,0.9926017262638717,100000000,1.0
2025-02-17,40250,40400,40050,40100,851700,42.941214126847626,,,42230.0,,,40658.91434942655,False,False,False,False,,100000000,0,-0.003726708074534124,0.9889025893958076,100000000,1.0
2025-02-18,40100,40450,39900,40200,1200000,42.941214126847626,,,42230.0,,,40505.05728612023,False,False,False,False,,100000000,0,0.0024937655860348684,0.9913686806411836,100000000,1.0
2025-02-19,40200,40500,40050,40400,1574300,42.941214126847626,,,42230.0,,,40607.62866165778,False,False,False,False,,100000000,0,0.004975124378109541,0.9963008631319358,100000000,1.0
2025-02-20,40450,41250,40400,40950,2936300,42.941214126847626,,,42230.0,,,40812.77141273287,False,False,False,False,,100000000,0,0.013613861386138515,1.009864364981504,100000000,1.0
2025-02-21,40950,40950,40650,40650,1332100,42.941214126847626,,,42230.0,,,41376.913978189375,False,False,False,False,,100000000,0,-0.0073260073260073,1.0024660912453758,100000000,1.0
2025-02-24,40350,40650,40350,40600,1540100,42.941214126847626,,,42230.0,,,41069.19985157673,False,False,False,False,,100000000,0,-0.0012300123001229846,1.0012330456226877,100000000,1.0
2025-02-25,40700,41150,40650,40700,1793300,42.941214126847626,-54.674162294093954,97.61537642094157,42230.0,,,41017.91416380796,False,False,False,False,,100000000,0,0.0024630541871921707,1.003699136868064,100000000,1.0
2025-02-26,41000,41100,40800,41000,1364900,82.40974836520763,-27.257380162233638,109.66712852744126,42230.0,,,41120.48553934551,False,False,False,False,,100000000,0,0.0073710073710073765,1.0110974106041921,100000000,1.0
2025-02-27,41200,41200,40750,41050,1441600,116.38185070733743,1.4704660116805783,114.91138469565686,42230.0,,,41420.638539393876,False,False,False,False,,100000000,0,0.0012195121951219523,1.0123304562268802,100000000,1.0
2025-02-28,41050,41600,40700,41200,2771000,153.63769327502087,31.90391146434864,121.73378181067223,42230.0,,,41465.41607147812,False,False,False,False,,100000000,0,0.0036540803897686658,1.0160295930949443,100000000,1.0
2025-03-03,41300,42400,41200,42050,2857500,248.88215462263906,75.29956009600673,173.58259452663233,42230.0,,,41612.13590138197,False,False,False,False,,100000000,0,0.020631067961164984,1.036991368680641,100000000,1.0
2025-03-04,42450,42500,41800,41950,3056500,312.6904117511367,122.77773042703274,189.91268132410397,42230.0,,,42465.74627544887,False,False,False,False,,100000000,0,-0.0023781212841854638,1.034525277435265,100000000,1.0
2025-03-05,42050,42500,42000,42250,2907700,383.0508364329944,174.83235162822507,208.21848480476933,42230.0,,,42350.950926629725,False,False,False,False,,100000000,0,0.007151370679380209,1.0419235511713931,100000000,1.0
2025-03-06,42300,42550,42050,42350,2628200,441.7884815662692,228.2235776158339,213.56490395043528,42230.0,,,42645.18585807077,False,False,False,False,,100000000,0,0.002366863905325367,1.0443896424167691,100000000,1.0
2025-03-07,42300,45300,42250,45300,11502700,718.1010128636626,326.19906466539965,391.90194819826297,42230.0,,,42736.5046553834,False,False,False,False,,100000000,0,0.06965761511216062,1.1171393341553635,100000000,1.0
2025-03-10,45900,47900,45800,47300,9904400,1085.9458620241421,478.14842413714814,607.797437886994,42230.0,,,45709.42606578291,False,False,False,False,,100000000,0,0.04415011037527594,1.166461159062885,100000000,1.0
2025-03-11,46900,47300,46500,47300,5692400,1361.7679419986016,654.8723277094389,706.8956142891627,42230.0,,,47690.38423901751,False,False,False,False,,100000000,0,0.0,1.166461159062885,100000000,1.0
2025-03-12,47350,48250,47350,48100,7003400,1626.1668030384317,849.1312227752375,777.0355802631942,42230.0,,,47637.54402855234,False,False,False,False,,100000000,0,0.016913319238900604,1.1861898890258937,100000000,1.0
2025-03-13,48300,51400,47500,51400,16415000,2078.0329556703437,1094.9115693542587,983.1213863160849,42230.0,,,48407.46320880224,False,False,False,False,,100000000,0,0.06860706860706856,1.2675709001233042,100000000,1.0
2025-03-14,51800,52800,51400,52200,8422600,2472.1955202033787,1370.3683595240827,1101.827160679296,42230.0,,,51705.75300603356,False,False,False,False,,100000000,0,0.015564202334630295,1.2872996300863127,100000000,1.0
2025-03-17,52500,52700,50800,52100,6497300,2744.861967969111,1645.2670812130884,1099.5948867560226,42230.0,,,52450.81289509127,False,False,False,False,,100000000,0,-0.0019157088122605526,1.2848335388409367,100000000,1.0
2025-03-18,52100,52700,51100,51300,6017000,2863.3913846748037,1888.8919419054314,974.4994427693723,42230.0,,,52296.00584470106,False,False,False,False,,100000000,0,-0.015355086372360827,1.265104808877928,100000000,1.0
2025-03-19,50800,52500,49200,51900,10342000,2971.4883193054848,2105.411217385442,866.0771019200429,42230.0,42230.0,,51452.72774122421,False,False,False,False,,100000000,0,0.011695906432748648,1.2799013563501846,100000000,1.0
2025-03-20,52000,53200,50700,51500,6629100,2990.4077031978304,2282.41051454792,707.9971886499106,42449.0,42593.529411764706,,52047.4474827268,False,False,False,False,,100000000,0,-0.0077071290944122905,1.2700369913686804,100000000,1.0
2025-03-21,51600,53000,51000,53000,7486300,3090.809981709528,2444.0904079802413,646.7195737292868,42699.0,43001.62629757785,,51633.09365499749,False,False,False,False,,100000000,0,0.029126213592232997,1.3070283600493215,100000000,1.0
2025-03-24,53000,56700,52700,56700,11901000,3429.4065249114574,2641.1536313664847,788.2528935449727,43023.0,43538.81742316303,,53151.923165196524,False,False,False,False,,100000000,0,0.06981132075471708,1.3982737361282365,100000000,1.0
2025-03-25,57700,59200,56600,56900,7932000,3671.5615769937504,2847.235220491938,824.3263565018124,43351.0,44062.78536735272,,56881.541236020086,False,False,False,False,,100000000,0,0.003527336860670305,1.4032059186189887,100000000,1.0
2025-03-26,57800,58000,55700,57000,6487700,3827.42024655117,3043.2722257037844,784.1480208473854,43681.0,44570.12711765261,,57039.628692997205,False,False,False,False,,100000000,0,0.0017574692442883233,1.405672009864365,100000000,1.0
2025-03-27,57500,58700,56600,57100,4569200,3913.8916230243485,3217.396105167897,696.4955178564514,44008.0,45061.494681666234,,57111.67282373249,False,False,False,False,,100000000,0,0.0017543859649122862,1.408138101109741,100000000,1.0
2025-03-28,57000,58300,56900,58000,5542600,4008.8319707110422,3375.683278276526,633.1486924345163,44358.0,45568.887047091084,,57197.015803823924,False,False,False,False,,100000000,0,0.015761821366024442,1.4303329223181256,100000000,1.0
2025-03-31,57800,58500,57300,58000,6654000,4037.5307391754177,3508.052770456304,529.4779687191135,44712.0,46056.38167269535,,58101.26074074417,False,False,False,False,,100000000,0,0.0,1.4303329223181256,100000000,1.0
2025-04-01,58700,60800,58200,59700,7757400,4149.616318579981,3636.3654800810395,513.2508384989419,45102.0,46591.425528668085,,58095.04532396201,False,False,False,False,,100000000,0,0.02931034482758621,1.472256473489519,100000000,1.0
2025-04-02,60500,61200,59500,60400,7316000,4245.984036705144,3758.2891914058605,487.6948452992833,45505.0,47132.938253034044,,59816.495619984096,False,False,False,False,,100000000,0,0.011725293132328396,1.4895191122071516,100000000,1.0
2025-04-03,58200,59800,56200,56200,19210900,3938.0557926527254,3794.2425116552336,143.8132809974918,45820.0,47488.50930193467,,60515.216938266996,False,False,False,False,,100000000,0,-0.06953642384105962,1.3859432799013562,100000000,1.0
2025-04-04,54200,59500,53400,58300,14551100,3819.4447092195987,3799.2829511681066,20.161758051492143,46177.0,47912.48932930978,,56265.57162091367,False,False,False,False,,100000000,0,0.03736654804270456,1.4377311960542538,100000000,1.0
2025-04-08,58000,58000,54300,55100,11574700,3427.718706994565,3724.9701023333982,-297.2513953388334,46471.0,48194.35249286626,,58441.56967881725,False,False,False,False,,100000000,0,-0.054888507718696355,1.3588162762022193,100000000,1.0
2025-04-09,52100,58400,52100,57000,13002500,3233.315500613193,3626.639181989357,-393.32368137616413,46802.0,48539.672002949934,,55233.73411257062,False,False,False,False,,100000000,0,0.034482758620689724,1.405672009864365,100000000,1.0
2025-04-10,60900,60900,60900,60900,3803200,3355.2695070025584,3572.365246991997,-217.0957399894387,47212.0,49024.39074793229,,57219.16188137494,False,False,False,False,,100000000,0,0.06842105263157894,1.501849568434032,100000000,1.0
2025-04-11,59700,65100,59700,65100,13360300,3747.62356321072,3607.416910235742,140.20665297497817,47706.0,49654.80679703298,,61195.251373507694,False,False,False,False,,100000000,0,0.06896551724137923,1.6054254007398272,100000000,1.0
2025-04-14,66500,69600,66000,69600,8825200,4371.2898629383635,3760.1915007762664,611.0983621620971,48290.0,50436.97123636502,,65427.08324685275,False,False,False,False,,100000000,0,0.06912442396313367,1.7163995067817508,100000000,1.0
2025-04-15,70400,74400,70000,70500,12266200,4881.896908446484,3984.53258231031,897.3643261361744,48899.0,51223.75667807619,,69922.13352969135,False,False,False,False,,100000000,0,0.012931034482758674,1.7385943279901357,100000000,1.0
2025-04-16,70600,72000,67400,67900,7547800,5018.903603264,4191.4067865010475,827.4968167629522,49455.0,51877.727004426146,,70746.22278363846,False,False,False,False,,100000000,0,-0.03687943262411353,1.6744759556103574,100000000,1.0
2025-04-17,67700,71000,67200,71000,8063200,5316.342995462743,4416.394028293386,899.9489671693564,50074.0,52627.6200630761,,68051.99325421649,False,False,False,False,,100000000,0,0.04565537555228283,1.750924784217016,100000000,1.0
2025-04-18,71800,71800,66100,66100,10565700,5097.911260057626,4552.697474646235,545.2137854113917,50587.0,53155.94868805351,,71173.46978240795,False,False,False,False,,100000000,0,-0.06901408450704227,1.630086313193588,100000000,1.0
2025-04-21,64100,67400,61500,61500,15468900,4501.727863258086,4542.503552368605,-40.775689110519124,51004.0,53483.16638656121,,66188.27836464501,False,False,False,False,,100000000,0,-0.06959152798789714,1.5166461159062885,100000000,1.0
2025-04-22,62000,62700,58000,59000,12818400,3783.9006678936857,4390.782975473621,-606.8823075799355,51384.0,53699.5128027745,,61583.36286821945,False,False,False,False,,100000000,0,-0.04065040650406504,1.4549938347718865,100000000,1.0
2025-04-23,60000,60300,58300,58600,18984200,3146.470236563815,4141.92042769166,-995.4501911278448,51757.0,53891.68877129315,,59155.82498252934,False,False,False,False,,100000000,0,-0.006779661016949157,1.4451294697903823,100000000,1.0
2025-04-24,58900,62700,58600,62700,8730000,2938.267246358766,3901.1897914250812,-962.9225450663153,52213.0,54237.11274104636,,58866.89827866425,False,False,False,False,,100000000,0,0.06996587030716728,1.5462392108508016,100000000,1.0
2025-04-25,64400,67000,64000,67000,14779000,3084.680661481776,3737.88796543642,-653.207303954644,52748.0,54737.61812375042,,63111.28663084113,False,False,False,False,,100000000,0,0.06858054226475274,1.652281134401973,100000000,1.0
2025-04-28,67800,69000,66700,68000,7023300,3244.0110504074255,3639.112582430621,-395.10153202319543,53303.0,55257.71153066217,,67492.72249796534,False,False,False,False,,100000000,0,0.014925373134328401,1.676942046855734,100000000,1.0
2025-04-29,67000,68000,63800,68000,13384800,3331.8737648032184,3577.6648189051402,-245.79105410192187,53861.0,55757.409117695024,,68486.78788574942,False,False,False,False,,100000000,0,0.0,1.676942046855734,100000000,1.0
2025-05-05,68900,72400,68000,70000,4406800,3522.2861619531614,3566.5890875147443,-44.302925561582924,54457.0,56315.94209347169,,68468.82475265219,False,False,False,False,,100000000,0,0.02941176470588225,1.7262638717632552,100000000,1.0
2025-05-06,70600,71800,69400,70500,5708100,3671.215690638128,3587.514408139421,83.70128249870686,55059.0,56872.17965843358,,70482.5663062785,False,False,False,False,,100000000,0,0.0071428571428571175,1.7385943279901357,100000000,1.0
2025-05-07,70600,74000,70400,73400,7611900,3977.400185298553,3665.4915635712473,311.9086217273057,55708.0,57520.32947574991,,70965.67208564475,False,False,False,False,,100000000,0,0.041134751773049594,1.810110974106042,100000000,1.0
2025-05-08,75200,78500,74200,78500,7176700,4578.799431140222,3848.153137085042,730.6462940551796,56465.0,58343.061653171484,,73880.26972814977,False,False,False,False,,100000000,0,0.06948228882833796,1.9358816276202222,100000000,1.0
2025-05-09,80000,80900,75500,76500,7034400,4838.256966416273,4046.1739029512883,792.0830634649847,57183.0,59055.09845108633,,78994.66340351298,False,False,False,False,,100000000,0,-0.02547770700636942,1.8865598027127006,100000000,1.0
2025-05-12,78400,80200,77000,79400,5880900,5217.737861958303,4280.486694752692,937.2511672056116,57957.0,59852.93772751431,,76892.07544320065,False,False,False,False,,100000000,0,0.03790849673202623,1.958076448828607,100000000,1.0
2025-05-13,80500,80500,76700,79600,9649000,5471.544969725335,4518.69834974722,952.8466199781151,58729.0,60627.33232643532,,79792.37808339791,False,False,False,False,,100000000,0,0.0025188916876575096,1.9630086313193593,100000000,1.0
2025-05-14,79100,82500,78400,79800,6639600,5623.997319460454,4739.758143689867,884.2391757705864,59504.0,61379.20164696727,,79947.3334092968,False,False,False,False,,100000000,0,0.002512562814070307,1.9679408138101113,100000000,1.0
2025-05-15,79000,79900,77200,79800,8928700,5679.3489060681895,4927.676296165531,751.6726099026582,60276.0,62101.585896105804,,80121.69954388094,False,False,False,False,,100000000,0,0.0,1.9679408138101113,100000000,1.0
2025-05-16,78700,80900,78700,80000,4658600,5673.94802485127,5076.930641902679,597.0173829485911,61035.0,62803.48448841538,,80109.53094412657,False,False,False,False,,100000000,0,0.0025062656641603454,1.9728729963008633,100000000,1.0
2025-05-19,80100,85600,80000,85600,9153200,6051.779835580441,5271.900480638231,779.8793549422098,61908.0,63697.465488869675,,80314.1700089618,False,False,False,False,,100000000,0,0.07000000000000006,2.110974106041924,100000000,1.0
2025-05-20,88500,91500,88500,91500,3889300,6749.491028196382,5567.418590149861,1182.0724380465208,62893.0,64787.7609598944,,85984.01505505062,False,False,False,False,,100000000,0,0.0689252336448598,2.2564734895191125,100000000,1.0
2025-05-21,97900,97900,89900,93500,7274400,7378.757734340543,5929.686418987998,1449.0713153525448,63916.0,65913.73111832992,,91900.06680107107,False,False,False,False,,100000000,0,0.021857923497267784,2.3057953144266343,100000000,1.0
2025-05-22,93000,98500,91800,92500,6559400,7707.912472951037,6285.331629780606,1422.5808431704309,64860.0,66956.32989800326,,93828.87003429836,False,False,False,False,,100000000,0,-0.010695187165775444,2.2811344019728734,100000000,1.0
2025-05-23,92000,96300,91800,93000,4202800,7917.84382117349,6611.834068059183,1306.0097531143074,65774.0,67977.65029415999,,92738.1856297899,False,False,False,False,,100000000,0,0.00540540540540535,2.2934648581997537,100000000,1.0
2025-05-26,93200,95300,87000,94500,4813300,8111.7462299383915,6911.816500435025,1199.9297295033666,66718.0,69017.74243948705,,93208.97270894388,False,False,False,False,,100000000,0,0.016129032258064502,2.3304562268803948,100000000,1.0
2025-05-27,94700,95000,91500,94500,6808300,8171.222519085379,7163.697704165095,1007.5248149202835,67646.0,70017.04665754638,,94708.48345961039,False,False,False,False,,100000000,0,0.0,2.3304562268803948,100000000,1.0
2025-05-28,93000,98300,93000,97000,6149000,8324.131605806411,7395.784484493359,928.3471213130524,68558.0,71075.20169058378,,94695.20849296793,False,False,False,False,,100000000,0,0.02645502645502651,2.392108508014797,100000000,1.0
2025-05-29,97200,99000,96100,97000,4732400,8349.070273684076,7586.441642331502,762.6286313525734,69454.0,72091.8604478158,,97228.35109262298,False,False,False,False,,100000000,0,0.0,2.392108508014797,100000000,1.0
2025-05-30,97100,99000,96300,98400,3270500,8385.143927734272,7746.182099412056,638.9618283222162,70380.0,73123.55219496027,,97221.75747818532,False,False,False,False,,100000000,0,0.014432989690721598,2.4266337854500617,100000000,1.0
2025-06-02,98700,99800,94200,98000,6436100,8285.940734437609,7854.133826417166,431.8069080204423,71314.0,74099.09916770693,,98648.96914819493,False,False,False,False,,100000000,0,-0.004065040650406471,2.4167694204685573,100000000,1.0
2025-06-03,97500,99500,95000,98100,4412900,8121.7679677870765,7907.660654691148,214.10731309592848,72238.0,75040.31096505176,57234.0,98255.7953076541,True,False,False,False,,100000000,0,0.0010204081632652073,2.419235511713933,100000000,1.0
2025-06-04,98000,98500,96400,98100,3333300,7900.5868204935105,7906.245887851621,-5.659067358110406,73170.0,75944.61249583404,58043.22772277228,98387.94506367946,False,False,True,False,Buy,90200000,100,0.0,2.419235511713933,100010000,1.0001
2025-06-05,97900,98100,96300,98000,3350000,7629.284362408871,7850.853582763071,-221.5692203542003,74070.0,76809.52965286015,58834.45093618273,98428.42852656826,False,False,False,False,,90200000,100,-0.0010193679918450993,2.416769420468557,100000000,1.0
2025-06-06,96600,98500,96400,97000,2930200,7250.009965192599,7730.684859248977,-480.6748940563775,74876.0,77601.31280372838,59590.20438299099,98376.0073885902,False,False,False,False,,90200000,100,-0.010204081632653073,2.392108508014796,99900000,0.999
2025-06-09,96900,96900,90300,90300,3775300,6335.76352902381,7451.700593203944,-1115.9370641801333,75544.0,78099.3005369155,60198.31914768423,97421.3189572222,False,False,False,False,,90200000,100,-0.06907216494845358,2.2268803945745987,99230000,0.9923
2025-06-10,86000,92900,86000,90600,6840100,5571.202776708975,7075.60102990495,-1504.3982531959755,76216.0,78589.52404527176,60800.332629908306,90722.8283044038,False,False,False,False,,90200000,100,0.0033222591362125353,2.234278668310727,99260000,0.9926
2025-06-11,92600,92600,90000,90200,1438900,4876.789620032563,6635.838747930473,-1759.0491278979098,76878.0,79044.83682781011,61382.50426099923,91175.65001659264,False,False,False,False,,90200000,100,-0.004415011037527616,2.2244143033292225,99220000,0.9922
2025-06-12,91400,91600,84700,86800,4156300,4005.9327067387057,6109.85753969212,-2103.924832953414,77454.0,79348.96087377834,61885.82100830618,90897.05394540308,False,False,False,False,,90200000,100,-0.037694013303769425,2.140567200986436,98880000,0.9888
2025-06-13,85700,86000,81600,85500,4992800,3174.2820458191563,5522.742440917527,-2348.460395098371,78004.0,79590.17809441448,62353.42851309219,87575.29286803753,False,False,False,False,,90200000,100,-0.01497695852534564,2.1085080147965467,98750000,0.9875
2025-06-16,84000,85600,82600,85400,2514600,2478.552530331537,4913.904458800329,-2435.351928468792,78518.0,79818.0142475747,62809.79626530819,86400.07249383432,False,False,False,False,,90200000,100,-0.0011695906432748204,2.1060419235511705,98740000,0.9874
2025-06-17,85400,90800,84300,87700,3384000,2088.6954736921616,4348.862661778696,-2260.167188086534,79064.0,80127.11172806197,63302.67158678724,86429.74269729904,False,False,False,False,,90200000,100,0.02693208430913341,2.16276202219482,98970000,0.9897
2025-06-18,87700,89000,86900,88000,1429200,1783.3807373086893,3835.7662768846944,-2052.385539576005,79700.0,80435.85244460855,63791.72759496967,88862.46398787608,False,False,False,False,,90200000,100,0.003420752565564511,2.1701602959309483,99000000,0.99
2025-06-19,88000,90600,87600,89400,3247900,1635.5315194890718,3395.71932540557,-1760.1878059164983,80322.0,80787.38764285919,64298.82209803958,89227.37928338736,False,False,False,False,,90200000,100,0.015909090909090873,2.204685573366213,99140000,0.9914
2025-06-20,89400,89400,86700,86800,13615300,1293.6492944795173,2975.3053192203597,-1681.6560247408424,80956.0,81023.17636274706,64744.38997728632,90690.44185942507,False,False,False,False,,90200000,100,-0.029082774049216997,2.1405672009864354,98880000,0.9888
2025-06-23,86100,92800,85100,92800,3871300,1489.6828869138553,2678.180832759059,-1188.4979458452035,81672.0,81485.01258381581,65299.946611399464,88087.79668098198,False,False,False,False,,90200000,100,0.06912442396313367,2.2885326757090003,99480000,0.9948
2025-06-24,94900,98000,93700,95800,3974800,1865.6102554944518,2515.6667173061373,-650.0564618116855,82370.0,82046.38463935244,65903.90806463908,94203.07316613787,False,False,False,False,,90200000,100,0.032327586206896575,2.3625154130702826,99780000,0.9978
2025-06-25,96000,96600,94500,95800,2655500,2138.8797293909884,2440.3093197231074,-301.429590332119,82984.0,82585.74210447588,66495.90988514127,97206.78198148416,False,False,False,False,,90200000,100,0.0,2.3625154130702826,99780000,0.9978
2025-06-26,95000,97000,95000,95000,1611200,2264.7873829636083,2405.2049323712076,-140.41754940759938,83492.0,83072.57574743762,67060.34731315827,97153.18631873619,False,False,False,False,,90200000,100,-0.008350730688935326,2.3427866831072737,99700000,0.997
2025-06-27,95000,96100,92400,95500,3029000,2377.509477552245,2399.665841407415,-22.156363855170184,83992.0,83559.92571812634,67623.50875250167,96307.46511863105,False,False,False,False,,90200000,100,0.0052631578947368585,2.355117139334154,99750000,0.9975
2025-06-30,95500,96300,95100,95600,1265200,2446.7075918020128,2409.0741914863347,37.633400315678045,84546.0,84032.08549388609,68177.49867819471,96797.7140191544,True,False,False,False,,90200000,100,0.0010471204188482464,2.35758323057953,99760000,0.9976
2025-07-01,95700,96500,93500,95600,2334000,2473.0399309800123,2421.8673393850704,51.17259159494188,85038.0,84485.7292000082,68720.51850634927,96885.90601225283,True,False,True,False,Buy,80630000,200,0.0,2.35758323057953,99750000,0.9975
2025-07-02,94300,95500,94300,95400,1090300,2449.533473857591,2427.4005662795744,22.132907578016784,85624.0,84913.73981961572,69248.82507057997,96879.86424030195,True,False,True,False,Buy,71200000,300,-0.0020920502092049986,2.352651048088778,99820000,0.9982
2025-07-03,94600,95200,93900,94500,1890400,2331.4069507689856,2408.201843177457,-76.79489240847124,86284.0,85289.6715913955,69748.84833650908,96678.03699103162,False,False,True,False,Buy,61740000,400,-0.009433962264150941,2.3304562268803934,99540000,0.9954
2025-07-04,94400,94400,91500,91900,3983100,2004.8815329557547,2327.5377811331164,-322.6562481773617,86942.0,85548.90015643882,70187.48500311286,95776.18682910477,False,False,False,False,,61740000,400,-0.02751322751322749,2.2663378545006156,98500000,0.985
2025-07-07,91900,94200,91000,93000,2009500,1813.958410361869,2224.821906978867,-410.86349661699796,87630.0,85841.10015030396,70639.21797334825,93170.55104929862,False,False,False,False,,61740000,400,0.01196953210010876,2.2934648581997523,98940000,0.9894
2025-07-08,93000,95000,92900,93300,1420800,1667.6345005192125,2113.384425686936,-445.74992516772363,88242.0,86133.60602676263,71087.94633031165,94334.01754910978,False,False,False,False,,61740000,400,0.003225806451612856,2.3008631319358805,99060000,0.9906
2025-07-09,93000,95000,93000,95000,3286600,1669.6014144542423,2024.6278234403974,-355.02640898615505,88802.0,86481.3077512033,71561.4523435728,94668.52305373985,False,False,False,False,,61740000,400,0.018220793140407254,2.3427866831072737,99740000,0.9974
2025-07-10,96000,101600,96000,101600,7069900,2178.6113736403204,2055.424533480382,123.18684015993858,89474.0,87074.19764331297,72156.27506944265,96410.72461315514,False,False,False,False,,61740000,400,0.06947368421052635,2.505548705302095,102380000,1.0238
2025-07-11,104500,108100,103900,108000,4793600,3063.1221807104303,2256.9640629263913,806.158117784039,90274.0,87894.81734357521,72866.05180074081,103081.56054290436,False,False,False,False,,61740000,400,0.06299212598425208,2.6633785450061644,104940000,1.0494
2025-07-14,115000,115500,111000,113000,5532400,4120.068001854132,2629.5848507119395,1490.4831511421921,91134.0,88879.33431049382,73660.78344825089,109475.05826508995,False,False,False,False,,61740000,400,0.04629629629629628,2.7866831072749685,106940000,1.0694
2025-07-15,114000,114000,111000,111600,3248800,4789.52620358378,3061.5731212863075,1727.953082297473,91956.0,89770.34080812152,74412.05506313701,114399.40113594802,True,False,False,False,,61740000,400,-0.012389380530973493,2.752157829839703,106380000,1.0638
2025-07-16,111000,118200,110100,117400,3302900,5722.127060168714,3593.6839090627886,2128.443151105925,92836.0,90853.85685486185,75263.30149753034,112833.4853637714,False,False,True,False,Buy,50640000,500,0.051971326164874654,2.895191122071516,109340000,1.0934
2025-07-17,118100,123300,118100,122000,6597500,6754.53938871625,4225.855004993481,2528.684383722769,93706.0,92075.27423310257,76188.78067579707,118602.17990686926,False,False,False,False,,50640000,500,0.03918228279386704,3.0086313193588157,111640000,1.1164
2025-07-18,124700,124700,117500,119000,6065800,7247.118399530242,4830.107683900833,2417.010715629409,94556.0,93131.14583180443,77036.52759310801,123120.91697529763,True,False,False,False,,50640000,500,-0.024590163934426257,2.9346485819975334,110140000,1.1014
2025-07-21,120500,122500,110700,112000,4306600,6992.049323677609,5262.4960118561885,1729.5533118214207,95208.0,93871.10089722386,77728.8735813633,119947.68781531486,True,False,True,False,Buy,38590000,600,-0.05882352941176472,2.762022194821208,105790000,1.0579
2025-07-22,112200,117500,112200,117500,3938700,7151.27384460585,5640.251578406121,1511.0222661997295,95966.0,94797.72439145038,78516.42063915808,112815.23452882614,False,False,True,False,Buy,27370000,700,0.049107142857142794,2.8976572133168923,109620000,1.0962
2025-07-23,119500,119500,115000,115000,2804200,6995.096203229332,5911.220503370763,1083.8756998585686,96670.0,95589.97049374644,79238.86775521436,118424.62065398059,True,False,False,False,,27370000,700,-0.021276595744680882,2.8360049321824903,107870000,1.0787
2025-07-24,115200,117000,109700,116000,6030600,6872.790687014349,6103.53454009948,769.2561469148686,97394.0,96390.36380771716,79966.8109679824,115888.82889080115,False,False,True,False,Buy,15850000,800,0.008695652173912993,2.8606658446362507,108650000,1.0865
2025-07-25,113200,118000,113100,114100,3383900,6547.077924315832,6192.24321694275,354.834707373082,98076.0,97084.85934466943,80642.71570128968,116936.5057324448,True,False,False,False,,15850000,800,-0.016379310344827536,2.8138101109741056,107130000,1.0713
2025-07-28,115000,118000,114100,115600,3265900,6336.937407394595,6221.1820550331195,115.75535236147516,98676.0,97810.94329193729,81334.93915274928,115048.66525464381,False,False,True,False,Buy,4350000,900,0.013146362839614456,2.850801479654747,108390000,1.0839
2025-07-29,115000,117200,113000,113200,4560800,5908.628598896248,6158.671363805745,-250.04276490949724,99110.0,98414.43571186133,81965.93045665525,116626.27716040843,False,False,False,False,,4350000,900,-0.02076124567474047,2.7916152897657214,106230000,1.0623
2025-07-30,113200,114000,108100,109500,4353100,5210.567525583916,5969.05059616138,-758.4830705774639,99430.0,98849.16372316088,82511.15955652346,114245.73714190598,False,False,False,False,,4350000,900,-0.032685512367491176,2.7003699136868065,102900000,1.029
2025-07-31,108700,109500,105000,105500,5664700,4285.185573267023,5632.277591582509,-1347.0920183154858,99690.0,99109.98083205654,82966.38411976062,110583.67769278583,False,False,False,False,,4350000,900,-0.0365296803652968,2.6017262638717633,99300000,0.993
2025-08-01,106000,109800,104000,104000,3947500,3391.6790798761067,5184.157889241228,-1792.4788093651214,99910.0,99301.74628962294,83382.89136491388,106657.57438993636,False,False,False,False,,4350000,900,-0.014218009478673022,2.564734895191122,97950000,0.9795
2025-08-04,106200,111200,105000,111200,3877600,3227.345740839053,4792.7954595607935,-1565.4497187217403,100244.0,99768.34447434361,83933.72519927203,105289.73005380512,False,False,False,False,,4350000,900,0.0692307692307692,2.7422934648582,104430000,1.0443
2025-08-05,117600,118900,114600,117500,8377700,3564.379783008437,4547.112324250322,-982.732541241885,100704.0,100463.70351456544,84598.40390819733,112705.67405491849,False,False,False,False,,4350000,900,0.05665467625899279,2.8976572133168927,110100000,1.101
2025-08-06,117500,120000,115000,118500,4212200,3867.590160400301,4411.207891480318,-543.6177310800167,101134.0,101171.00925909229,85269.72264268847,119102.1715768021,False,False,False,False,,4350000,900,0.008510638297872353,2.9223181257706536,111000000,1.11
2025-08-07,118500,122000,115000,115000,4140100,3781.870767640081,4285.34046671227,-503.46969907218954,101494.0,101713.32262148082,85858.44100619959,120068.92671860389,False,False,False,False,,4350000,900,-0.029535864978902926,2.836004932182491,107850000,1.0785
2025-08-08,114900,117600,113200,117000,3217500,3831.1576164160942,4194.503896653036,-363.3462802369413,101866.0,102312.80016573648,86475.10554073029,116494.62048855821,False,False,False,False,,4350000,900,0.017391304347825987,2.8853267570900125,109650000,1.0965
2025-08-11,117000,118900,115000,115500,3280300,3706.4546333612234,4096.894043994673,-390.43941063344937,102216.0,102829.94525727622,87049.85592606236,118535.85196857524,False,False,False,False,,4350000,900,-0.012820512820512775,2.8483353884093714,108300000,1.083
2025-08-12,115500,116800,114500,115500,2958100,3566.5140667699598,3990.81804854973,-424.3039817797703,102564.0,103326.81014914774,87613.22511564528,117020.46174156404,False,False,False,False,,4350000,900,0.0,2.8483353884093714,108300000,1.083
2025-08-13,115000,116500,114000,116000,4109600,3456.1160266569204,3883.877644171168,-427.7616175142475,102922.0,103823.79798643607,88175.33946979092,117046.56531896417,False,False,False,False,,4350000,900,0.0043290043290042934,2.8606658446362516,108750000,1.0875
2025-08-14,116400,118800,115200,118200,4312200,3505.734473558012,3808.2490100485365,-302.51453649052473,103326.0,104387.57061441896,88769.88720306239,117579.84593972337,False,False,False,False,,4350000,900,0.018965517241379404,2.9149198520345254,110730000,1.1073
2025-08-15,119200,126000,117900,118200,5258600,3504.6579351066466,3747.5307950601587,-242.87285995351203,103750.0,104929.23451189273,89352.66171389284,119826.0917873298,False,False,False,False,,4350000,900,0.0,2.9149198520345254,110730000,1.1073
2025-08-18,118200,118500,116000,118200,3592000,3463.8753715324274,3690.799710354612,-226.92433882218484,104308.0,105449.65668789695,89923.89613539992,119825.43865429435,False,False,False,False,,4350000,900,0.0,2.9149198520345254,110730000,1.1073
2025-08-19,118200,121100,116500,118200,5290800,3392.44885737561,3631.129539758812,-238.6806823832021,104860.0,105949.67015111668,90483.81898420388,119832.12055165994,False,False,False,False,,4350000,900,0.0,2.9149198520345254,110730000,1.1073
2025-08-20,118600,126000,117900,124200,7458200,3776.460006029083,3660.195633012866,116.26437301621718,105540.0,106665.36936087681,91151.46613303153,119844.68517980406,False,False,False,False,,4350000,900,0.050761421319796884,3.06288532675709,116130000,1.1613
2025-08-21,122200,126800,122000,125000,4069100,4098.104524136186,3747.77741123753,350.3271128986562,106304.0,107384.37448397969,91821.73413039724,125924.02310562394,True,False,False,False,,4350000,900,0.006441223832528209,3.082614056720099,116850000,1.1685
2025-08-22,122000,127500,122000,124100,5032500,4231.608297306855,3844.543588451395,387.06470885546014,107076.0,108039.88921009813,92460.90771197353,126681.4270468642,True,False,True,False,,4350000,900,-0.007199999999999984,3.060419235511714,116040000,1.1604
2025-08-25,124000,132600,123500,131000,3813100,4838.409164636512,4043.3167036884183,795.092460948094,107988.0,108940.28571166292,93224.05805431069,125731.14417674494,False,False,True,False,,4350000,900,0.055600322320709106,3.2305795314426637,122250000,1.2225
2025-08-26,131000,139900,129000,135500,2595000,5617.658742576998,4358.185111466134,1259.4736311108636,108944.0,109981.84313473495,94061.20541957187,132690.47364783537,False,False,False,False,,4350000,900,0.03435114503816794,3.341553637484587,126300000,1.263
2025-08-27,133200,135600,132000,132000,2351500,5884.960733925502,4663.5402359580075,1221.4204979674942,109824.0,110845.30026670614,94812.46867859024,137154.96431735938,True,False,False,False,,4350000,900,-0.02583025830258301,3.255240443896424,123150000,1.2315
2025-08-28,132200,134000,130000,130100,2178800,5875.753339866074,4905.982856739621,969.7704831264537,110638.0,111600.38653075688,95511.2316750538,133511.9745898814,True,False,True,False,,4350000,900,-0.014393939393939403,3.2083847102342786,121440000,1.2144
2025-08-29,131100,132500,128100,128300,2470800,5657.98967398057,5056.384220187811,601.6054537927594,111468.0,112255.27333347229,96160.51421614185,131563.2325207509,True,False,True,False,,4350000,900,-0.013835511145272816,3.1639950678175093,119820000,1.1982
2025-09-03,127100,128200,124500,125000,2287100,5159.650737187301,5077.037523587709,82.6132135995922,112112.0,112755.06653608121,96731.59314255488,129756.98326004499,True,False,True,False,,4350000,900,-0.025720966484801266,3.082614056720099,116850000,1.1685
2025-09-04,125000,126000,123000,125000,1988700,4710.414809646289,5003.712980799425,-293.29817115313654,112696.0,113235.2600052545,97291.36357537557,126466.29114980384,False,False,True,False,,4350000,900,0.0,3.082614056720099,116850000,1.1685
2025-09-05,125200,129800,125000,125000,2141000,4304.769398499964,4863.924264339533,-559.1548658395686,113280.0,113696.62235798962,97840.04944517011,126551.16920418078,False,False,False,False,,4350000,900,0.0,3.082614056720099,116850000,1.1685
2025-09-08,125100,128000,125000,125000,2203500,3937.8988410662278,4678.719179684872,-740.8203386186442,113880.0,114139.892069441,98377.87024823605,126627.69646930692,False,False,False,False,,4350000,900,0.0,3.082614056720099,116850000,1.1685
2025-09-09,125000,129600,124100,129200,2659700,3940.6310386202385,4531.101551471946,-590.4705128517071,114554.0,114730.48453730607,98988.20945124127,126696.76306966762,False,False,False,False,,4350000,900,0.033600000000000074,3.1861898890258944,120630000,1.2063
2025-09-10,129200,131000,127000,130900,1985100,4033.476708628412,4431.576582903239,-398.099874274827,115260.0,115364.5831829019,99620.12609577115,131002.87135259164,False,False,False,False,,4350000,900,0.013157894736842035,3.2281134401972875,122160000,1.2216
2025-09-11,130000,137500,129100,136000,3017000,4467.091102980936,4438.679486918778,28.41161606215792,116068.0,116173.81521494496,100340.51963842915,132727.36703268613,False,False,False,False,,4350000,900,0.03896103896103886,3.3538840937114673,126750000,1.2675
2025-09-12,136000,138100,134100,137800,1964200,4899.500202795811,4530.843630094185,368.6565727016259,116916.0,117021.90089279026,101082.29152677709,137873.80047737408,True,False,False,False,,4350000,900,0.013235294117647012,3.3982737361282367,128370000,1.2837
2025-09-15,137700,137800,134800,137800,2142000,5182.447500909504,4661.164404257249,521.2830966522552,117782.0,117836.72830875927,101809.37486288052,139635.52835927997,True,False,True,False,,4350000,900,0.0,3.3982737361282367,128370000,1.2837
2025-09-16,137800,137800,133900,135000,2920100,5121.708802840061,4753.273283973811,368.4355188662503,118644.0,118509.79778684714,102466.61496460566,139579.56792431886,True,False,True,False,,4350000,900,-0.020319303338171224,3.3292231812577064,125850000,1.2585
2025-09-17,133500,143900,133400,143100,3984900,5661.908298052425,4935.000286789534,726.9080112628917,119646.0,119474.1194422649,103271.23645045505,136717.4582222514,False,False,True,False,,4350000,900,0.06000000000000005,3.528976572133169,133140000,1.3314
2025-09-18,143500,149900,141500,145000,4389200,6172.185300876328,5182.437289606893,989.7480112694357,120680.0,120475.13436609764,104097.54859995098,144920.22084668468,False,False,False,False,,4350000,900,0.01327742837176804,3.5758323057953145,134850000,1.3485
2025-09-19,145000,153200,143000,153200,5615300,7155.7677355574415,5577.103378797003,1578.6643567604387,121844.0,121758.46243017225,105069.87437024899,146769.22568732552,False,False,False,False,,4350000,900,0.05655172413793097,3.778051787916153,142230000,1.4223
2025-09-22,149700,154200,143900,148800,5112200,7493.836392523459,5960.449981542294,1533.3864109811648,122788.0,122818.91488389099,105935.81745202624,154989.29090697475,True,False,False,False,,4350000,900,-0.02872062663185382,3.6695437731196052,138270000,1.3827
2025-09-23,148000,150100,145600,149200,1426200,7705.213985388313,6309.4027823114975,1395.8112030768152,123612.0,123853.46724138546,106792.53393812473,150409.4720633534,True,False,True,False,,4350000,900,0.0026881720430107503,3.6794081381011097,138630000,1.3863
2025-09-24,149000,152000,145600,149000,1753900,7767.060088226717,6600.934243494541,1166.1258447321761,124332.0,124839.60578093897,107628.32534529058,150777.5931180705,True,False,True,False,,4350000,900,-0.0013404825737265424,3.6744759556103577,138450000,1.3845
2025-09-25,149000,158000,146900,158000,2820700,8444.950224772736,6969.73743975018,1475.212785022556,125260.0,126140.01339737274,108625.78424934423,150559.14298416805,False,False,True,False,,4350000,900,0.06040268456375841,3.896424167694205,146550000,1.4655
2025-09-26,158000,164900,156000,164000,2709300,9358.454460245877,7447.480843849319,1910.973616396558,126192.0,127624.71875433851,109722.30337311959,159658.82009002197,False,False,False,False,,4350000,900,0.03797468354430378,4.044389642416769,151950000,1.5195
2025-09-29,162300,174800,161000,172800,2445600,10669.508155157906,8091.886306111037,2577.621849046869,127208.0,129396.29841103112,110971.36667266178,165636.21039702895,False,False,False,False,,4350000,900,0.0536585365853659,4.2614056720098645,159870000,1.5987
2025-09-30,173500,183000,173500,174900,4674600,11742.618506953295,8822.032746279488,2920.5857606738064,128326.0,131180.75729687305,112237.2802038962,174409.26901200943,False,False,False,False,,4350000,900,0.012152777777777679,4.313193588162762,161760000,1.6176
2025-10-01,174900,175000,167800,170000,2643100,12058.672275374702,9469.36065209853,2589.3116232761713,129486.0,132703.08054013294,113381.09643748241,176355.4223779069,True,False,False,False,,4350000,900,-0.028016009148084664,4.192355117139334,157350000,1.5735
2025-10-02,168800,175700,168800,171000,2381100,12248.644062310312,10025.217334140887,2223.4267281694247,130556.0,134204.92051895126,114522.064824859,171266.52633467206,True,False,True,False,,4350000,900,0.00588235294117645,4.217016029593094,158250000,1.5825
2025-10-03,172000,179300,171100,176500,4892400,12696.643108344637,10559.502488981638,2137.140619362999,131786.0,135863.55108683553,115749.35066991129,172253.6778321475,False,False,True,False,,4350000,900,0.032163742690058506,4.352651048088779,163200000,1.632
2025-10-06,186800,186800,176500,179700,2398200,13158.219077649643,11079.245806715238,2078.9732709344044,133060.0,137582.62751480276,117015.70016159622,177806.7857447538,False,False,False,False,,4350000,900,0.018130311614730887,4.431565967940814,166080000,1.6608
2025-10-07,181100,182000,178000,180000,2368100,13393.833081205987,11542.163261613388,1851.6698195925983,134378.0,139246.0538867713,118262.91401978243,180998.06186099807,True,False,False,False,,4350000,900,0.0016694490818029983,4.438964241676942,166350000,1.6635
2025-10-08,179000,180900,175200,178100,3256600,13274.227721243515,11888.576153539414,1385.6515677041007,135628.0,140769.7380480744,119447.80681146991,181257.9672390239,True,False,True,False,,4350000,900,-0.01055555555555554,4.392108508014797,164640000,1.6464
2025-10-09,177000,181600,176300,179500,4131300,13140.92747943537,12139.046418718604,1001.8810607167652,136954.0,142288.5718501107,120636.95915183684,179329.49080722415,False,False,True,False,,4350000,900,0.007860752386299907,4.426633785450062,165900000,1.659
2025-10-10,178500,192000,178500,192000,4294700,13883.88680588841,12488.014496152566,1395.8723097358452,138604.0,144238.0396206946,122050.08867358265,180788.33930717353,False,False,False,False,,4350000,900,0.0696378830083566,4.734895191122073,177150000,1.7715
2025-10-13,193900,205400,193900,205400,7178300,15376.702382956893,13065.752073513431,2310.950309443462,140602.0,146636.54787086343,123700.58196717508,193464.08566220698,False,False,False,False,,4350000,900,0.0697916666666667,5.065351418002468,189210000,1.8921
2025-10-14,215900,219700,206900,211900,8065500,16889.572679714736,13830.516194753693,3059.0564849610437,142760.0,149195.89893475114,125447.10509653795,206918.6164541506,False,False,False,False,,4350000,900,0.03164556962025311,5.225647348951913,195060000,1.9506
2025-10-15,214100,214900,206000,209500,3752400,17690.943166579556,14602.601589118865,3088.341577460691,144726.0,151560.76564319228,127111.51885700255,213291.55609018443,True,False,False,False,,4350000,900,-0.011326097215667796,5.166461159062887,192900000,1.929
2025-10-16,210000,217600,205900,213100,5217400,18404.37083387727,15362.955438070547,3041.4153958067236,146638.0,153974.06895130238,128814.26105785399,210672.3369843763,False,False,True,False,,4350000,900,0.017183770883054894,5.255240443896426,196140000,1.9614
2025-10-17,214100,214600,199900,204000,5615100,18027.661788781465,15895.896708212731,2131.7650805687335,148348.0,155935.87016889837,130303.08757155985,214224.35737548547,True,False,False,False,,4350000,900,-0.042702956358517175,5.030826140567203,187950000,1.8795
2025-10-20,200000,204500,190000,194900,5671000,16801.150009418285,16076.947368453843,724.2026409644423,149946.0,157463.87526031412,131582.23435232104,204959.063831778,True,False,True,False,,4350000,900,-0.044607843137254855,4.806411837237979,179760000,1.7976
2025-10-21,202000,204900,193700,203400,3700400,16326.804313228698,16126.918757408814,199.88555581988476,151674.0,159265.29191677237,133004.3683255424,195856.7970038266,False,False,True,False,,4350000,900,0.04361210877373001,5.016029593094945,187410000,1.8741
2025-10-22,204000,204000,193000,203000,4196300,15737.196667345328,16048.974339396116,-311.77767205078817,153424.0,160980.3785082715,134390.4204379079,204662.73367031233,False,False,False,False,,4350000,900,-0.001966568338249708,5.006165228113441,187050000,1.8705
2025-10-23,202900,215500,200000,215000,4761200,16053.177039746166,16049.814879466127,3.362160280039461,155414.0,163098.79503735888,135986.64973616714,204361.854463015,False,False,False,False,,4350000,900,0.059113300492610765,5.30209617755857,197850000,1.9785
2025-10-24,215400,222900,215100,219000,3412900,16436.886140177085,16127.229131608317,309.6570085687672,157474.0,165290.99915354088,137630.47845426283,216605.85269039884,False,False,False,False,,4350000,900,0.018604651162790642,5.400739827373613,201450000,2.0145
2025-10-27,222900,226500,214000,214000,3889100,16151.337587635178,16132.05082281369,19.28676482148876,159390.0,167201.15604948046,139142.74620764377,220631.02396602518,True,False,False,False,,4350000,900,-0.022831050228310557,5.277435265104809,196950000,1.9695
2025-10-28,213500,220600,199100,220100,5205500,16230.16607111221,16151.673872473393,78.49219863881626,161428.0,169275.62051812827,140745.86014412605,215553.2753579184,False,False,True,False,,4350000,900,0.02850467289719627,5.42786683107275,202440000,2.0244
2025-10-29,219000,219000,211900,212000,2739200,15460.813275305176,16013.501753039749,-552.6884777345731,163304.0,170951.08638016245,142156.833210579,221790.89716682155,False,False,False,False,,4350000,900,-0.03680145388459788,5.228113440197288,195150000,1.9515
