Datetime,Symbol,Open,High,Low,Close,Volume,SMA,MACD,Signal_Line,EMA50,EMA100,Buy_Signal,Sell_Signal,Position_Buy,Position_Sell,Trade_Action,Capital,Shares_Held,Market_Return,Cumulative_Market_Returns,Strategy_Value,Cumulative_Strategy_Returns
2024-01-08,VCB,57726,58061,57726,58061,1607800,,,,,,False,False,,,,100000000,0,,,100000000,1.0
2024-01-09,VCB,58061,58796,58061,58729,1926400,,,,,,False,False,False,False,,100000000,0,0.011505141144658282,1.0115051411446583,100000000,1.0
2024-01-10,VCB,58729,59867,58328,59867,1795400,,,,,,False,False,False,False,,100000000,0,0.019377139062473292,1.031105216927025,100000000,1.0
2024-01-11,VCB,59867,60201,59265,59733,1489100,,,,,,False,False,False,False,,100000000,0,-0.002238294886999559,1.0287972993920187,100000000,1.0
2024-01-12,VCB,58930,59867,58462,59331,1909500,,,,,,False,False,False,False,,100000000,0,-0.006729948269800667,1.0218735467869997,100000000,1.0
2024-01-15,VCB,59532,60268,59465,60201,1914200,,,,,,False,False,False,False,,100000000,0,0.01466349800273048,1.036857787499354,100000000,1.0
2024-01-16,VCB,59532,60268,59465,60201,1367200,,,,,,False,False,False,False,,100000000,0,0.0,1.036857787499354,100000000,1.0
2024-01-17,VCB,59532,60870,59532,60803,1578200,,,,,,False,False,False,False,,100000000,0,0.009999833889802412,1.0472261931416957,100000000,1.0
2024-01-18,VCB,60803,61004,60201,60937,1422900,,,,,,False,False,False,False,,100000000,0,0.002203838626383625,1.049534110676702,100000000,1.0
2024-01-19,VCB,60870,62208,60469,61940,1472600,,,,,,False,False,False,False,,100000000,0,0.016459622232797733,1.066809045658876,100000000,1.0
2024-01-22,VCB,62542,62542,61539,61539,1046300,,,,,,False,False,False,False,,100000000,0,-0.006474007103648649,1.0599025163190436,100000000,1.0
2024-01-23,VCB,61606,61806,60469,61204,1256900,,,,,,False,False,False,False,,100000000,0,-0.005443702367604275,1.054132722481528,100000000,1.0
2024-01-24,VCB,61271,61539,60803,60937,744700,,,,,,False,False,False,False,,100000000,0,-0.004362459969936561,1.049534110676702,100000000,1.0
2024-01-25,VCB,60937,61271,60669,60870,503300,,,,,,False,False,False,False,,100000000,0,-0.0010994962009944764,1.0483801519091989,100000000,1.0
2024-01-26,VCB,61271,61539,61137,61539,953100,,,,,,False,False,False,False,,100000000,0,0.010990635781173097,1.0599025163190439,100000000,1.0
2024-01-29,VCB,61405,61539,60803,61004,730500,,,,,,False,False,False,False,,100000000,0,-0.00869367393035314,1.0506880694442053,100000000,1.0
2024-01-30,VCB,61004,61004,60268,60870,888600,,,,,,False,False,False,False,,100000000,0,-0.002196577273621436,1.048380151909199,100000000,1.0
2024-01-31,VCB,60602,60602,59198,59198,945600,,,,,,False,False,False,False,,100000000,0,-0.027468375225891295,1.0195828525171804,100000000,1.0
2024-02-01,VCB,58863,60335,58863,60067,598100,,,,,,False,False,False,False,,100000000,0,0.014679549984796703,1.034549869964348,100000000,1.0
2024-02-02,VCB,59599,60535,59599,60402,733000,60371.65,,,,,False,False,False,False,,100000000,0,0.005577105565451879,1.0403196638018637,100000000,1.0
2024-02-05,VCB,60335,60602,59800,60201,1949000,60478.65,,,,,False,False,False,False,,100000000,0,-0.0033277043806496653,1.0368577874993543,100000000,1.0
2024-02-06,VCB,60402,60602,59599,59867,1352300,60535.55,,,,,False,False,False,False,,100000000,0,-0.0055480805966677815,1.0311052169270252,100000000,1.0
2024-02-07,VCB,60201,60736,59733,60201,1371400,60552.25,,,,,False,False,False,False,,100000000,0,0.005579033524312216,1.0368577874993543,100000000,1.0
2024-02-15,VCB,60201,60669,59599,60134,1046700,60572.3,,,,,False,False,False,False,,100000000,0,-0.0011129383232836298,1.0357038287318512,100000000,1.0
2024-02-16,VCB,60134,60335,59867,59933,734100,60602.4,,,,,False,False,False,False,,100000000,0,-0.003342535005155134,1.0322419524293418,100000000,1.0
2024-02-19,VCB,60134,60535,59733,60335,1045300,60609.1,,,,,False,False,False,False,,100000000,0,0.006707490030534169,1.0391657050343608,100000000,1.0
2024-02-20,VCB,60268,61137,59800,61071,1404300,60652.6,,,,,False,False,False,False,,100000000,0,0.012198558050882546,1.0518420282117087,100000000,1.0
2024-02-21,VCB,61338,61338,60535,61004,1367400,60662.65,,,,,False,False,False,False,,100000000,0,-0.0010970837222249452,1.0506880694442056,100000000,1.0
2024-02-22,VCB,60602,60870,59867,59867,1223900,60609.15,,,,,False,False,False,False,,100000000,0,-0.01863812209035476,1.0311052169270254,100000000,1.0
2024-02-23,VCB,59867,61137,59465,59465,1800900,60485.4,,,,,False,False,False,False,,100000000,0,-0.006714884660998566,1.0241814643220064,100000000,1.0
2024-02-26,VCB,59465,60201,59465,59867,722000,60401.8,,,,,False,False,False,False,,100000000,0,0.006760279155805904,1.0311052169270252,100000000,1.0
2024-02-27,VCB,59933,61004,59599,60937,1604900,60388.45,,,,,False,False,False,False,,100000000,0,0.017872951709622997,1.0495341106767022,100000000,1.0
2024-02-28,VCB,60870,65151,60469,65151,4219900,60599.15,,,,,False,False,False,False,,100000000,0,0.06915338792523418,1.1221129501730938,100000000,1.0
2024-02-29,VCB,65887,67224,65084,65084,1897000,60809.85,675.1582490652581,129.06692474712247,,,False,False,False,False,,100000000,0,-0.0010283802244017703,1.1209589914055906,100000000,1.0
2024-03-01,VCB,65686,65686,63479,65084,2379600,60987.1,896.49541667616,282.55262313292997,,,False,False,False,False,,100000000,0,0.0,1.1209589914055906,100000000,1.0
2024-03-04,VCB,65552,65552,63947,64214,1640400,61147.6,990.2895460957952,424.100007725503,,,False,False,False,False,,100000000,0,-0.01336734066744516,1.1059747506932365,100000000,1.0
2024-03-05,VCB,64616,64616,63679,63880,1364800,61298.1,1025.8457495317416,544.4491560867507,,,False,False,False,False,,100000000,0,-0.005201357959323527,1.1002221801209073,100000000,1.0
2024-03-06,VCB,63880,64750,63612,63947,2070600,61535.55,1047.3573533686576,645.0307955431321,,,False,False,False,False,,100000000,0,0.0010488415779585925,1.1013761388884105,100000000,1.0
2024-03-07,VCB,64148,65151,63880,64081,2362300,61736.25,1062.9649363933859,728.6176237131829,,,False,False,False,False,,100000000,0,0.0020954853237837856,1.1036840564234167,100000000,1.0
2024-03-08,VCB,64148,64549,63612,63612,2229600,61896.75,1025.6664337900365,788.0273857285536,,,False,False,False,False,,100000000,0,-0.007318862065198717,1.0956063450508948,100000000,1.0
2024-03-11,VCB,63612,64214,62943,62943,1840000,62033.85,931.3879325049056,816.699495083824,,,False,False,False,False,,100000000,0,-0.010516883606866645,1.08408398064105,100000000,1.0
2024-03-12,VCB,62943,63479,62877,63144,1107000,62197.7,862.9430903868706,825.9482141444333,,,False,False,False,False,,100000000,0,0.003193365425861572,1.0875458569435597,100000000,1.0
2024-03-13,VCB,63479,64549,63077,64214,3124500,62398.35,884.8402301475362,837.7266173450539,,,False,False,False,False,,100000000,0,0.016945394653490542,1.105974750693237,100000000,1.0
2024-03-14,VCB,64214,64281,63278,63546,2319300,62568.95,838.624710243239,837.9062359246909,,,False,False,False,False,,100000000,0,-0.010402715918647054,1.0944696095485786,100000000,1.0
2024-03-15,VCB,63546,63546,62810,62877,2302500,62716.15,739.4914714550468,818.2232830307621,,,False,False,False,False,,100000000,0,-0.010527806628269243,1.0829472451387339,100000000,1.0
2024-03-18,VCB,63077,63211,61873,62208,1839300,62809.8,600.0282049235029,774.5842674093103,,,False,False,False,False,,100000000,0,-0.01063982060212798,1.071424880728889,100000000,1.0
2024-03-19,VCB,61873,62542,61873,61873,868500,62849.9,457.20053792672843,711.1075215127939,,,False,False,False,False,,100000000,0,-0.005385159465020606,1.0656550868913732,100000000,1.0
2024-03-20,VCB,61873,62943,61873,62341,897700,62916.75,377.421590417267,644.3703352936885,,,False,False,False,False,,100000000,0,0.007563880852714533,1.0737155749987086,100000000,1.0
2024-03-21,VCB,62877,63880,62877,63679,1452700,63107.35,417.35065900196787,598.9664000353443,,,False,False,False,False,,100000000,0,0.02146260085657903,1.0967603038183982,100000000,1.0
2024-03-22,VCB,63679,64750,63679,64482,1844100,63358.2,507.93496448568476,580.7601129254124,61533.5,,False,False,False,False,,100000000,0,0.01261012264639838,1.1105905857632494,100000000,1.0
2024-03-25,VCB,63546,64816,62943,64014,1368800,63565.55,535.7838082181042,571.7648519839507,61630.77450980392,,False,False,False,False,,100000000,0,-0.007257839397041055,1.102530097655914,100000000,1.0
2024-03-26,VCB,64214,64616,64081,64415,735400,63739.45,583.4855084846058,574.1089832840818,61739.95982314495,,False,False,False,False,,100000000,0,0.006264254694285709,1.1094366269957463,100000000,1.0
2024-03-27,VCB,64348,64348,63947,64081,1046200,63685.95,587.5653533260629,576.800257292478,61831.76532027652,,False,False,False,False,,100000000,0,-0.005185127687650337,1.1036840564234172,100000000,1.0
2024-03-28,VCB,64348,64482,63947,64014,1232800,63632.45,578.7211821525489,577.1844422644922,61917.343150853914,,False,False,False,False,,100000000,0,-0.0010455517235997691,1.102530097655914,100000000,1.0
2024-03-29,VCB,64148,64148,63479,63479,801200,63552.2,522.518812348193,566.2513162812323,61978.584595918466,,False,False,False,False,,100000000,0,-0.008357546786640468,1.0933156507810755,100000000,1.0
2024-04-01,VCB,63479,64214,63345,63679,1221000,63525.45,488.4854022467989,550.6981334743457,62045.26755294127,,False,False,False,False,,100000000,0,0.0031506482458765195,1.0967603038183982,100000000,1.0
2024-04-02,VCB,63612,63679,62810,63211,969000,63492.0,418.92093105913955,524.3426929913045,62090.98255086515,,False,False,False,False,,100000000,0,-0.00734936164198563,1.0886998157110628,100000000,1.0
2024-04-03,VCB,63144,63412,62743,62743,1321100,63431.8,322.31149145559175,483.93645268416196,62116.55186259593,,False,False,False,False,,100000000,0,-0.0074037746594738385,1.0806393276037274,100000000,1.0
2024-04-04,VCB,63479,64214,63144,64214,2022700,63438.45,360.29199898608204,459.207561944546,62198.804730729426,,False,False,False,False,,100000000,0,0.02344484643705269,1.1059747506932367,100000000,1.0
2024-04-05,VCB,63412,63947,63010,63479,779200,63431.8,327.31043652152584,432.828136859942,62249.008466779254,,False,False,False,False,,100000000,0,-0.011446102096116073,1.0933156507810753,100000000,1.0
2024-04-08,VCB,63479,63746,63010,63479,864100,63458.6,297.74014756472025,405.8105390008976,62297.24342886634,,False,False,False,False,,100000000,0,0.0,1.0933156507810753,100000000,1.0
2024-04-09,VCB,63546,63813,63010,63077,686800,63455.25,239.11111607360363,372.47065441543884,62327.82211793041,,False,False,False,False,,100000000,0,-0.006332802974211904,1.0863918981760565,100000000,1.0
2024-04-10,VCB,63077,63278,62943,63211,737400,63405.1,201.14123537744308,338.2047706078397,62362.456544678236,,False,False,False,False,,100000000,0,0.0021243876531857886,1.0886998157110628,100000000,1.0
2024-04-11,VCB,62877,63278,62542,62877,778000,63371.65,142.45667089609196,299.05515066549015,62382.63471939674,,False,False,False,False,,100000000,0,-0.005283890462103091,1.0829472451387336,100000000,1.0
2024-04-12,VCB,63211,63880,62743,63278,844800,63391.7,126.84390190476552,264.61290091334524,62417.747083341965,,False,False,False,False,,100000000,0,0.006377530734608783,1.089853774478566,100000000,1.0
2024-04-15,VCB,63278,64549,61539,61539,1900300,63358.25,-25.55748578820203,206.57882357303578,62383.28641340698,,False,False,False,False,,100000000,0,-0.02748190524352856,1.059902516319044,100000000,1.0
2024-04-16,VCB,62743,62743,60535,60870,1857700,63308.1,-198.03655038197758,125.6557487820331,62323.94184817534,,False,False,False,False,,100000000,0,-0.010871154877394873,1.0483801519091993,100000000,1.0
2024-04-17,VCB,61004,61606,59867,60535,1452600,63217.8,-357.63654058641987,28.997290908342492,62253.78726589395,,False,False,False,False,,100000000,0,-0.005503532117627774,1.0426103580716835,100000000,1.0
2024-04-19,VCB,60201,60803,60000,60535,1324800,63060.6,-478.6036378624194,-72.5228948458099,62186.38384370203,,False,False,False,False,,100000000,0,0.0,1.0426103580716835,100000000,1.0
2024-04-22,VCB,60535,61137,60335,60602,999100,62866.6,-562.5795273195399,-170.53422134055592,62124.25114394901,,False,False,False,False,,100000000,0,0.0011067977203271795,1.0437643168391868,100000000,1.0
2024-04-23,VCB,60602,61004,59666,60268,1562900,62679.3,-648.6053150444131,-266.14844008132735,62051.45698144121,,False,False,False,False,,100000000,0,-0.005511369261740562,1.0380117462668577,100000000,1.0
2024-04-24,VCB,60870,60937,60268,60602,1925200,62488.65,-681.9690482756487,-349.31256172019164,61994.61553118861,,False,False,False,False,,100000000,0,0.005541912789539971,1.0437643168391866,100000000,1.0
2024-04-25,VCB,60602,62141,60535,60870,1235700,62328.1,-678.9580808838728,-415.2416655529279,61950.51296133808,,False,False,False,False,,100000000,0,0.004422296293851602,1.048380151909199,100000000,1.0
2024-04-26,VCB,61338,62408,61004,61004,1698300,62177.6,-658.1721881309495,-463.82777006853223,61913.394805991484,,False,False,False,False,,100000000,0,0.0022014128470511096,1.0506880694442053,100000000,1.0
2024-05-02,VCB,61606,61873,60937,61472,932400,62077.25,-597.0530734312997,-490.4728307410857,61896.08520575652,,False,False,False,False,,100000000,0,0.007671628089961358,1.0587485575515407,100000000,1.0
2024-05-03,VCB,61806,62475,61405,61873,1470700,61986.95,-510.3750995391965,-494.45328450070787,61895.17990356999,,False,False,False,False,,100000000,0,0.0065232951587714805,1.065655086891373,100000000,1.0
2024-05-06,VCB,62141,62408,62007,62208,1147200,61936.8,-409.9251188597482,-477.54765137251593,61907.44735833195,,False,False,False,False,,100000000,0,0.005414316422349019,1.0714248807288886,100000000,1.0
2024-05-07,VCB,62475,62943,62141,62141,1154200,61906.7,-331.89820956548647,-448.41776301111,61916.60628545618,,False,False,False,False,,100000000,0,-0.0010770318930041212,1.0702709219613855,100000000,1.0
2024-05-08,VCB,62007,62341,61606,62208,1246000,61806.4,-261.6389705507172,-411.06200451903146,61928.033489948095,,False,False,False,False,,100000000,0,0.0010781931414041157,1.0714248807288886,100000000,1.0
2024-05-09,VCB,62141,62475,61739,61873,606600,61726.1,-230.33456425081386,-374.91651646538793,61925.8753138717,,False,False,False,False,,100000000,0,-0.005385159465020606,1.0656550868913728,100000000,1.0
2024-05-10,VCB,62007,62007,61338,61539,823400,61629.1,-229.82729932353686,-345.8986730370177,61910.70373293555,,False,False,False,False,,100000000,0,-0.005398154283774881,1.0599025163190436,100000000,1.0
2024-05-13,VCB,61606,61806,60535,60870,1232600,61518.75,-280.17827638251765,-332.7545937061177,61869.89182184004,,False,False,False,False,,100000000,0,-0.010871154877394873,1.0483801519091989,100000000,1.0
2024-05-14,VCB,60937,61271,60535,60602,818400,61388.3,-337.8130501309279,-333.7662849910797,61820.17057392475,,False,False,False,False,,100000000,0,-0.004402825694102219,1.0437643168391864,100000000,1.0
2024-05-15,VCB,60870,61071,60736,60870,883100,61287.95,-357.73986090098333,-338.56100017306045,61782.908982790446,,False,False,False,False,,100000000,0,0.004422296293851602,1.0483801519091989,100000000,1.0
2024-05-16,VCB,61539,62007,61204,61940,1713900,61221.05,-283.91910169346374,-327.63262047714113,61789.06941483788,,False,False,False,False,,100000000,0,0.017578445868243753,1.066809045658876,100000000,1.0
2024-05-17,VCB,61940,61940,61338,61405,1084700,61214.35,-265.5248418961928,-315.21106476095144,61774.00786915796,,False,False,False,False,,100000000,0,-0.008637391023571195,1.0575945987840374,100000000,1.0
2024-05-20,VCB,61739,62208,61405,61472,1043800,61244.45,-242.7427313211665,-300.71739807299446,61762.16442330863,,False,False,False,False,,100000000,0,0.0010911163586027062,1.0587485575515405,100000000,1.0
2024-05-21,VCB,61472,61539,60669,60937,1486400,61264.55,-264.8052631347964,-293.53497108535487,61729.805034159275,,False,False,False,False,,100000000,0,-0.008703149401353416,1.049534110676702,100000000,1.0
2024-05-22,VCB,61204,61338,60669,60669,1347700,61271.25,-300.4519161154458,-294.9183600913731,61688.204836741264,,False,False,False,False,,100000000,0,-0.004397984803977906,1.0449182756066895,100000000,1.0
2024-05-23,VCB,60669,61204,60535,60870,1317500,61284.65,-308.922063993552,-297.71910087180885,61656.118372555335,,False,False,False,False,,100000000,0,0.0033130593878256676,1.0483801519091989,100000000,1.0
2024-05-24,VCB,60870,60870,60201,60335,2241500,61288.0,-354.71580305483076,-309.11844130841325,61604.30980892571,,False,False,False,False,,100000000,0,-0.008789222934121876,1.0391657050343603,100000000,1.0
2024-05-27,VCB,60469,60602,60000,60335,1058500,61274.65,-386.551743310185,-324.6051017087676,61554.53295367372,,False,False,False,False,,100000000,0,0.0,1.0391657050343603,100000000,1.0
2024-05-28,VCB,60067,60669,60067,60669,1350100,61264.6,-380.4454088286511,-335.77316313274434,61519.80617117671,,False,False,False,False,,100000000,0,0.005535758680699443,1.0449182756066895,100000000,1.0
2024-05-29,VCB,60736,60870,60067,60067,1186300,61217.75,-419.34847544478544,-352.4882255951526,61462.83338015017,,False,False,False,False,,100000000,0,-0.009922695280950689,1.0345498699643478,100000000,1.0
2024-05-30,VCB,59867,60000,59198,59265,2356000,61107.4,-509.02639401361375,-383.79585927884483,61376.64383583056,,False,False,False,False,,100000000,0,-0.013351757204455028,1.0207368112846833,100000000,1.0
2024-05-31,VCB,59331,59532,58328,58328,3921500,60930.15,-648.2324396841941,-436.6831753599147,61257.08917560191,,False,False,False,False,,100000000,0,-0.015810343372985702,1.004598611804826,100000000,1.0
2024-06-03,VCB,58863,59733,58863,58997,2108600,60769.6,-696.5422197430889,-488.6549842365495,61168.45822753909,,False,False,False,False,,100000000,0,0.011469620079550102,1.0161209762146708,100000000,1.0
2024-06-04,VCB,59465,59666,59064,59331,1814600,60629.1,-699.8100848064059,-530.8860043505208,61096.4010421454,,False,False,False,False,,100000000,0,0.005661304812109025,1.021873546787,100000000,1.0
2024-06-05,VCB,59331,59867,59265,59398,1882800,60488.6,-689.0506049009564,-562.5189244606079,61029.797079708325,,False,False,False,False,,100000000,0,0.001129257892164226,1.023027505554503,100000000,1.0
2024-06-06,VCB,59465,60000,59398,59532,1699700,60371.55,-662.0789257169017,-582.4309247118666,60971.059939327606,61559.57,False,True,False,False,,100000000,0,0.0022559682144180915,1.0253354230895095,100000000,1.0
2024-06-07,VCB,59599,60000,59198,59198,1129500,60254.5,-660.0460838978615,-597.9539565490657,60901.52817700103,61512.806237623765,False,True,False,True,,100000000,0,-0.0056104280051064714,1.0195828525171804,100000000,1.0
2024-06-10,VCB,59465,59666,58796,58863,2641600,60154.15,-677.6551555906626,-613.894196357385,60821.585895550015,61460.33482697775,False,True,False,True,,100000000,0,-0.005658974965370489,1.0138130586796645,100000000,1.0
2024-06-11,VCB,59064,59131,58261,58328,2252400,60040.45,-726.4069336338434,-636.3967438126767,60723.798213371585,61398.308394760366,False,True,False,True,,100000000,0,-0.009088901347195977,1.004598611804826,100000000,1.0
2024-06-12,VCB,58462,59666,58194,59331,2249800,59963.5,-676.3132334268375,-644.3800417355089,60669.17867559231,61357.37159486412,False,True,False,True,,100000000,0,0.017195857907008616,1.021873546787,100000000,1.0
2024-06-13,VCB,59465,59599,59131,59131,1600400,59823.05,-645.3131750489629,-644.5666683981997,60608.85794321614,61313.28502862919,False,True,False,True,,100000000,0,-0.0033709190810874423,1.018428893749677,100000000,1.0
2024-06-14,VCB,59198,59599,58529,58529,2482100,59679.25,-661.6941757495006,-647.9921698684599,60527.29488661943,61258.15067162663,False,True,False,True,,100000000,0,-0.010180785036613571,1.0080604881073354,100000000,1.0
2024-06-17,VCB,58596,58729,58261,58261,2293700,59518.7,-688.3665361188687,-656.0670431185416,60438.420577340235,61198.8011533766,False,True,False,True,,100000000,0,-0.004578926685916418,1.0034446530373229,100000000,1.0
2024-06-18,VCB,58529,59198,58261,58261,1370900,59384.9,-701.4190516661693,-665.1374448280671,60353.0315350916,61140.626873111716,False,True,False,True,,100000000,0,0.0,1.0034446530373229,100000000,1.0
2024-06-19,VCB,58395,58529,57860,57927,2174300,59247.8,-730.2958766486263,-678.169131192179,60257.893043519376,61076.99069740653,False,True,False,True,,100000000,0,-0.005732822986217245,0.9976920824649937,100000000,1.0
2024-06-20,VCB,57927,57927,57258,57525,2648800,59080.55,-776.66608566168,-697.8685220860791,60150.72076730293,61006.65424795294,False,True,False,True,,100000000,0,-0.006939769019628117,0.9907683298599749,100000000,1.0
2024-06-21,VCB,57592,57994,57191,57525,1808400,58940.05,-804.1451259350215,-719.1238428558676,60047.75132544792,60937.710599478625,False,True,False,True,,100000000,0,0.0,0.9907683298599749,100000000,1.0
2024-06-24,VCB,57525,58462,57191,57191,2149800,58782.85,-843.1541161670175,-743.9298975180975,59935.721861704864,60863.51831038004,False,True,False,True,,100000000,0,-0.0058061712299000146,0.9850157592876458,100000000,1.0
2024-06-25,VCB,57325,57994,57191,57191,1565900,58608.95,-864.1081214351871,-767.9655423015154,59828.085710265455,60790.79517552102,False,True,False,True,,100000000,0,0.0,0.9850157592876458,100000000,1.0
2024-06-26,VCB,57459,57726,56990,56990,1706900,58455.1,-886.711879164548,-791.7148096741219,59716.788231431514,60715.53190471863,False,True,False,True,,100000000,0,-0.0035145390008917143,0.9815538829851365,100000000,1.0
2024-06-27,VCB,56990,57525,56990,56990,1423000,58341.35,-894.3163972811162,-812.2351271955207,59609.85535961067,60641.7589957143,False,True,False,True,,100000000,0,0.0,0.9815538829851365,100000000,1.0
2024-06-28,VCB,57525,57525,56857,56990,1112400,58274.45,-890.0827132154009,-827.8046443994967,59507.11593374359,60569.44693639322,False,True,False,True,,100000000,0,0.0,0.9815538829851365,100000000,1.0
2024-07-01,VCB,57392,57659,56990,57592,1179200,58204.2,-828.5995395090358,-827.9636234214046,59432.013348106586,60510.48759111811,False,True,False,True,,100000000,0,0.010563256711703772,0.9919222886274781,100000000,1.0
2024-07-02,VCB,57994,59398,57659,58997,2425200,58187.5,-658.906459944119,-794.1521907259474,59414.954001122016,60480.51753980884,False,False,False,True,,100000000,0,0.024395749409640288,1.016120976214671,100000000,1.0
2024-07-03,VCB,58863,59331,58729,59198,2250700,58177.5,-502.41294792096596,-735.8043421649511,59406.44600107802,60455.12115288193,False,False,False,False,,100000000,0,0.003406952895909976,1.0195828525171804,100000000,1.0
2024-07-04,VCB,59265,60000,58863,58863,3060300,58144.05,-400.80221402338066,-668.803916536637,59385.1343931926,60423.59400133972,False,False,False,False,,100000000,0,-0.005658974965370489,1.0138130586796645,100000000,1.0
2024-07-05,VCB,58930,59666,58863,58863,1847400,58127.3,-316.6251180748659,-598.3681568442828,59364.65853463603,60392.69114982804,False,False,False,False,,100000000,0,0.0,1.0138130586796645,100000000,1.0
2024-07-08,VCB,58863,59331,58328,58328,1143800,58100.55,-289.74420110010396,-536.6433656954471,59324.00525876795,60351.80617656412,False,False,False,False,,100000000,0,-0.009088901347195977,1.004598611804826,100000000,1.0
2024-07-09,VCB,58529,59131,57994,58930,1549000,58130.65,-217.35893337229936,-472.7864792308175,59308.5540721496,60323.65159881037,False,False,False,False,,100000000,0,0.010320943629131829,1.0149670174471677,100000000,1.0
2024-07-10,VCB,59064,59666,58863,59265,1722900,58127.35,-131.4461574217712,-404.51841486900827,59306.84606932021,60302.688200814126,False,False,False,False,,100000000,0,0.005684710673680593,1.0207368112846833,100000000,1.0
2024-07-11,VCB,59265,59465,58930,58930,1445100,58117.3,-89.36126278905431,-341.4869844530175,59292.06779209196,60275.50625624355,False,False,False,False,,100000000,0,-0.005652577406563775,1.0149670174471674,100000000,1.0
2024-07-12,VCB,58997,59265,58596,58596,1373400,58120.65,-82.01427966895426,-289.59244349620485,59264.771015931496,60242.24870661496,False,False,False,False,,100000000,0,-0.005667741388087566,1.0092144468748383,100000000,1.0
2024-07-15,VCB,58596,59064,58529,58529,1172000,58134.05,-80.66818999174575,-247.80759279531304,59235.91725060085,60208.32298965229,False,False,False,False,,100000000,0,-0.0011434227592327373,1.0080604881073352,100000000,1.0
2024-07-16,VCB,58596,59265,58596,58796,1534100,58160.8,-57.3951204156765,-209.72509831938572,59218.66559371454,60180.35619777799,False,False,False,False,,100000000,0,0.004561841138580824,1.0126590999121612,100000000,1.0
2024-07-17,VCB,59398,60201,58529,58863,3362500,58207.6,-33.16242920461809,-174.4125644964322,59204.717923372795,60154.26993643585,False,False,False,False,,100000000,0,0.0011395333015851161,1.0138130586796643,100000000,1.0
2024-07-18,VCB,59064,59398,58796,58863,1651700,58274.5,-13.798783051170176,-142.2898082073798,59191.31722049543,60128.700234724245,False,False,False,False,,100000000,0,0.0,1.0138130586796643,100000000,1.0
2024-07-19,VCB,58863,59398,58529,58529,1323100,58324.7,-25.114458765128802,-118.85473831892959,59165.34399616228,60097.02300235347,False,False,False,False,,100000000,0,-0.00567419261675417,1.0080604881073352,100000000,1.0
2024-07-22,VCB,58529,59064,58395,58663,1461100,58398.3,-23.004353312921012,-99.68466131772787,59145.64423160689,60068.62650725736,False,False,False,False,,100000000,0,0.002289463342958209,1.0103684056423414,100000000,1.0
2024-07-23,VCB,58729,59064,58529,58529,1410400,58465.2,-31.778437607485102,-86.10341657567932,59121.46210487721,60038.1388536483,False,False,False,False,,100000000,0,-0.002284233673695568,1.0080604881073352,100000000,1.0
2024-07-24,VCB,58462,58930,58462,58529,1476700,58542.15,-38.29057273732906,-76.54084780800926,59098.22829684281,60008.25491595229,False,False,False,False,,100000000,0,0.0,1.0080604881073352,100000000,1.0
2024-07-25,VCB,58596,58663,58328,58395,881000,58612.4,-53.64577179647313,-71.96183260570203,59070.65071657447,59976.30927405224,False,False,False,False,,100000000,0,-0.002289463342958209,1.005752570572329,100000000,1.0
2024-07-26,VCB,58395,58663,58328,58395,903300,58682.65,-65.06485058301769,-70.58243620116517,59044.15461004214,59944.99621912051,False,False,False,False,,100000000,0,0.0,1.005752570572329,100000000,1.0
2024-07-29,VCB,58596,58729,58395,58395,452800,58722.8,-73.26994250315329,-71.11993746156278,59018.69756651107,59914.30322468248,False,True,False,False,,100000000,0,0.0,1.005752570572329,100000000,1.0
2024-07-30,VCB,58395,59064,58395,58529,977800,58699.4,-68.17398953456723,-70.53074787616367,58999.493740373386,59886.871477659064,False,False,False,True,,100000000,0,0.0022947170134428596,1.0080604881073352,100000000,1.0
2024-07-31,VCB,58529,59666,58529,59666,1863400,58722.8,27.29633247255697,-50.96533180641954,59025.6312407509,59882.49778503215,False,False,False,False,,100000000,0,0.0194262673204737,1.0276433406245156,100000000,1.0
2024-08-01,VCB,59733,61137,59666,60669,4800600,58813.1,181.7953445012463,-4.413196544886368,59090.07707444695,59898.07208631864,False,False,False,False,,100000000,0,0.016810243689873605,1.0449182756066895,100000000,1.0
2024-08-02,VCB,60469,60469,59331,59331,1511400,58836.5,194.03479444393452,35.276401652877816,59099.52503231177,59886.84293609451,False,False,False,False,,100000000,0,-0.022054096820452007,1.0218735467869997,100000000,1.0
2024-08-05,VCB,59198,59198,58127,58127,3059700,58826.45,105.36730030280887,49.29458138286403,59061.38679575053,59851.99456112234,False,False,False,False,,100000000,0,-0.020292932868146485,1.0011367355023164,100000000,1.0
2024-08-06,VCB,58127,58663,57994,58395,1653100,58799.7,56.07661628565256,50.65098836342174,59035.2539802309,59823.14318367437,False,False,False,False,,100000000,0,0.004610594044075933,1.005752570572329,100000000,1.0
2024-08-07,VCB,58462,58663,58194,58663,713000,58769.6,38.19842662792507,48.160476016322406,59020.65578492772,59800.170051324385,False,True,False,False,,100000000,0,0.004589434026885941,1.0103684056423416,100000000,1.0
2024-08-08,VCB,58663,58663,58328,58395,961200,58742.85,2.3770708946321975,39.003794991984364,58996.120263950164,59772.34490179321,False,True,False,True,,100000000,0,-0.004568467347391025,1.0057525705723291,100000000,1.0
2024-08-09,VCB,58462,59064,58462,58663,1136700,58746.2,-4.336265601756168,30.335782873236255,58983.056724187416,59750.37767601512,False,True,False,True,,100000000,0,0.004589434026885941,1.0103684056423419,100000000,1.0
2024-08-12,VCB,59131,59131,58395,58729,1060300,58756.2,-4.28162877583236,23.412300543422532,58973.09371539575,59730.15237549997,False,True,False,True,,100000000,0,0.001125070316894794,1.0115051411446583,100000000,1.0
2024-08-13,VCB,58596,59867,58596,59867,1592900,58809.75,86.59059812511259,36.04796005976054,59008.1488638116,59732.86222945047,False,False,False,True,,100000000,0,0.019377139062473292,1.031105216927025,100000000,1.0
2024-08-14,VCB,59733,59800,58729,58863,1492800,58809.75,76.70883175833296,44.18013439947502,59002.45675150526,59715.63723480789,False,False,False,False,,100000000,0,-0.01677050795930979,1.0138130586796645,100000000,1.0
2024-08-15,VCB,58863,59398,58596,58596,921000,58796.4,46.79338709195872,44.702784937971764,58986.51727105407,59693.46620045526,False,False,False,False,,100000000,0,-0.004535956373273531,1.0092144468748385,100000000,1.0
2024-08-16,VCB,58863,59465,58863,58930,1370400,58816.45,49.465977315259806,45.655423413429375,58984.300907483324,59678.34805787199,False,False,False,False,,100000000,0,0.0057000477848316855,1.0149670174471677,100000000,1.0
2024-08-19,VCB,59398,59733,59064,59398,1655200,58853.2,88.32950552650436,54.19023983604437,59000.524401307506,59672.79661118145,False,False,False,False,,100000000,0,0.007941625657559737,1.023027505554503,100000000,1.0
2024-08-20,VCB,59465,60736,59465,60736,3384300,58963.55,224.50657742390467,88.25350735361643,59068.582267922895,59693.8501436333,False,False,False,False,,100000000,0,0.022526010976800626,1.0460722343741928,100000000,1.0
2024-08-21,VCB,60736,62208,60469,62074,2745300,59140.8,435.3745787403968,157.6777216309725,59186.441786827876,59740.981823957394,False,False,False,False,,100000000,0,0.022029768177028508,1.0691169631938826,100000000,1.0
2024-08-22,VCB,62141,62341,61606,61806,1413500,59311.35,574.244100242031,240.9909973531842,59289.16955989345,59781.87327298794,False,False,False,False,,100000000,0,-0.004317427586429057,1.06450112812387,100000000,1.0
2024-08-23,VCB,61873,62074,60535,61806,1075500,59481.9,676.5009150909827,328.0929809007439,59387.86879283881,59821.95499035452,False,False,False,False,,100000000,0,0.0,1.06450112812387,100000000,1.0
2024-08-26,VCB,61606,61940,61271,61539,1565800,59639.1,727.6080957835729,407.9960038773097,59472.22687939415,59855.955881634625,False,False,False,False,,100000000,0,-0.004319968935054819,1.059902516319044,100000000,1.0
2024-08-27,VCB,61539,61606,60803,61204,900600,59772.85,732.633857342902,472.9235745704282,59540.13955079045,59882.64982457255,False,False,False,False,,100000000,0,-0.005443702367604275,1.0541327224815285,100000000,1.0
2024-08-28,VCB,61338,61472,60937,60937,1031600,59836.4,706.9231707316358,519.7234938026697,59594.91839193593,59903.528045868145,False,False,False,False,,100000000,0,-0.004362459969936561,1.0495341106767024,100000000,1.0
2024-08-29,VCB,60870,61806,60870,61204,1496300,59863.15,700.0225111845575,555.7832972790472,59658.019631467854,59929.27996575194,False,False,False,False,,100000000,0,0.00438157441291831,1.0541327224815285,100000000,1.0
2024-08-30,VCB,61204,61739,61204,61338,1669800,59963.5,697.3280057139418,584.0922389660261,59723.90121454754,59957.17541197468,False,False,False,False,,100000000,0,0.002189399385660984,1.0564406400165347,100000000,1.0
2024-09-04,VCB,60937,60937,60402,60870,1012700,60100.65,649.9368346960691,597.2611581120348,59768.84626495744,59975.25114639102,False,False,False,False,,100000000,0,-0.007629854250220114,1.0483801519091993,100000000,1.0
2024-09-05,VCB,60602,60937,60268,60268,1184100,60194.3,557.3775202553297,589.2844305406937,59788.42092123362,59981.048153393174,False,False,False,False,,100000000,0,-0.009889929357647431,1.0380117462668577,100000000,1.0
2024-09-06,VCB,60335,60736,60067,60335,784800,60277.9,483.85238762790686,568.1980219581363,59809.85539491074,59988.05710085073,False,False,False,False,,100000000,0,0.0011117010685604,1.0391657050343608,100000000,1.0
2024-09-09,VCB,60268,60335,59666,60335,702800,60374.9,420.7332394140831,538.7050654493257,59830.44930099267,59994.927257269526,False,True,False,False,,100000000,0,0.0,1.0391657050343608,100000000,1.0
2024-09-10,VCB,60268,60335,59532,59532,1192200,60418.35,302.4292544669079,491.44990325284215,59818.74540683609,59985.76038088795,False,True,False,True,,100000000,0,-0.013309024612579767,1.0253354230895098,100000000,1.0
2024-09-11,VCB,59265,59532,58863,59131,1027300,60438.45,174.30585595312004,428.0210937928977,59791.77499872487,59968.83443275156,False,True,False,True,,100000000,0,-0.006735873143855375,1.0184288937496775,100000000,1.0
2024-09-12,VCB,59198,60268,59131,59867,1609600,60438.45,130.65013511235884,368.5469020567899,59794.72499877487,59966.81790933073,False,True,False,True,,100000000,0,0.012446939845427885,1.0311052169270254,100000000,1.0
2024-09-13,VCB,60067,60335,59599,60134,1624800,60502.0,116.25718989395682,318.0889596242233,59808.0299007837,59970.12844577963,False,True,False,True,,100000000,0,0.004459886080812492,1.0357038287318514,100000000,1.0
2024-09-16,VCB,59933,60201,59398,59465,727700,60545.45,50.288276234023215,264.5288229461833,59794.57774781179,59960.125902298845,False,True,False,True,,100000000,0,-0.011125153823128398,1.0241814643220066,100000000,1.0
2024-09-17,VCB,59532,60535,59265,60535,970800,60625.7,83.38626950634352,228.30031225821534,59823.61391456427,59971.509547797876,False,True,False,True,,100000000,0,0.017993777852518322,1.0426103580716837,100000000,1.0
2024-09-18,VCB,60602,61472,60000,60870,1721200,60699.3,135.09112156293122,209.6584741191585,59864.648663012726,59989.30143794049,False,False,False,True,,100000000,0,0.005533988601635453,1.0483801519091995,100000000,1.0
2024-09-19,VCB,60870,61338,60803,61204,1345500,60722.7,200.70499572050903,207.8677784394286,59917.17224485536,60013.354874812954,False,False,False,False,,100000000,0,0.005487103663545323,1.0541327224815287,100000000,1.0
2024-09-20,VCB,61405,61539,60602,60602,2180400,60649.1,201.80184874174302,206.6545924998915,59944.028235253194,60025.01121392557,False,True,False,False,,100000000,0,-0.009835958434089243,1.043764316839187,100000000,1.0
2024-09-23,VCB,61071,61271,60803,60803,696500,60598.95,216.39565838810086,208.60280567753335,59977.713402498164,60040.4169324617,False,False,False,True,,100000000,0,0.0033167222203887015,1.0472261931416964,100000000,1.0
2024-09-24,VCB,60803,61204,60803,61004,522400,60558.85,241.39769547982723,215.16178363799213,60017.95993573353,60059.49778528424,False,False,False,False,,100000000,0,0.0033057579395754377,1.050688069444206,100000000,1.0
2024-09-25,VCB,61204,62208,61004,62074,2602400,60585.6,343.591340546227,240.8476950196391,60098.588957861626,60099.38891824891,False,False,False,False,,100000000,0,0.01753983345354393,1.069116963193883,100000000,1.0
2024-09-26,VCB,62141,62743,61873,61873,1816800,60619.05,403.7078278142435,273.41972157856,60168.17370461215,60134.509929768734,True,False,False,False,,100000000,0,-0.003238070689821848,1.0656550868913737,100000000,1.0
2024-09-27,VCB,61873,62609,61873,61873,1070900,60665.85,446.2069807699372,307.9771734168354,60235.029637764615,60168.93547571391,True,False,True,False,Buy,93812700,100,0.0,1.0656550868913737,100000000,1.0
2024-09-30,VCB,61873,61873,61539,61539,1276900,60682.6,447.77518344724376,335.9367754229171,60286.1657304013,60196.06546629383,True,False,True,False,Buy,87625400,200,-0.005398154283774881,1.0599025163190445,99933200,0.999332
2024-10-01,VCB,61739,62475,61539,61539,1724400,60692.65,443.90098117508023,357.5296165733497,60335.296486071835,60222.65822933752,True,False,True,False,Buy,81451500,300,0.0,1.0599025163190445,99913200,0.999132
2024-10-02,VCB,61739,62007,61405,62007,1378900,60749.5,473.14027020771755,380.6517473002233,60400.853486618034,60257.991729746675,True,False,True,False,Buy,75277600,400,0.007604933456832219,1.06796300442638,100080400,1.000804
2024-10-03,VCB,61940,62810,61806,61940,1699200,60833.1,485.3119038349105,401.58377860716075,60461.21217341733,60291.29882420714,True,False,True,False,Buy,69083600,500,-0.0010805231667392334,1.0668090456588768,100053600,1.000536
2024-10-04,VCB,61873,62074,61739,61739,859700,60903.3,473.2832760062447,415.92367808697753,60511.32149994998,60319.966174222835,True,False,True,False,Buy,62896300,600,-0.003245075879883763,1.0633471693563674,99939700,0.999397
2024-10-07,VCB,61739,61873,61405,61539,610700,60963.5,442.5111798327125,421.2411784361245,60551.622617599,60344.10545790159,True,False,True,False,Buy,56722400,700,-0.0032394434636129343,1.0599025163190445,99799700,0.997997
2024-10-08,VCB,61539,61539,60870,61204,1123100,61047.1,386.6354785020885,414.32003844931734,60577.206044359824,60361.13307259661,False,False,True,False,Buy,50568500,800,-0.005443702367604275,1.054132722481529,99531700,0.995317
2024-10-09,VCB,61071,61405,60803,60870,2175700,61134.05,311.80824266182753,393.8176792918194,60588.68816026728,60371.20964541648,False,False,False,False,,50568500,800,-0.005457159662767164,1.0483801519091998,99264500,0.992645
2024-10-10,VCB,61739,62208,61004,61472,1325200,61214.3,297.6523371725998,374.58461086797547,60623.327840256796,60393.00747422011,False,False,False,False,,50568500,800,0.009889929357647542,1.0587485575515416,99746100,0.997461
2024-10-11,VCB,61472,61472,61004,61204,1083500,61267.8,261.790561223228,352.025800939026,60646.09929750163,60409.066732156345,False,False,False,False,,50568500,800,-0.004359708485163982,1.0541327224815291,99531700,0.995317
2024-10-14,VCB,61673,61673,61071,61137,930700,61351.4,225.3656306506673,326.69376688135424,60665.35030544274,60423.48125231166,False,False,False,False,,50568500,800,-0.001094699692830492,1.052978763714026,99478100,0.994781
2024-10-15,VCB,61071,61606,61071,61137,1430600,61381.5,194.25931033711822,300.20687557250704,60683.84637189597,60437.6103364243,False,False,False,False,,50568500,800,0.0,1.052978763714026,99478100,0.994781
2024-10-16,VCB,61137,61405,61071,61204,1293000,61398.2,173.01920968875493,274.7693423957566,60704.24455339024,60452.7863693664,False,False,False,False,,50568500,800,0.0010958993735381561,1.0541327224815291,99531700,0.995317
2024-10-17,VCB,61539,61739,61338,61673,1285400,61421.65,191.8194817199401,258.1793702605933,60742.234963061215,60476.94901551756,False,False,False,False,,50568500,800,0.007662897849813666,1.062210433854051,99906900,0.999069
2024-10-18,VCB,62007,62275,61539,61806,1162700,61481.85,214.97274918916082,249.53804604630682,60783.951239019596,60503.26685679444,False,False,False,False,,50568500,800,0.0021565352747554556,1.0645011281238705,100013300,1.000133
2024-10-21,VCB,61873,62408,61539,61539,1423100,61518.65,209.3637963608926,241.50319610922398,60813.56099435216,60523.77642398663,False,False,False,False,,50568500,800,-0.004319968935054819,1.0599025163190445,99799700,0.997997
2024-10-22,VCB,61539,61673,61137,61137,1259500,61525.3,170.51502937167243,227.30556276171367,60826.24487692659,60535.91946509581,False,False,False,False,,50568500,800,-0.006532442841125086,1.0529787637140258,99478100,0.994781
2024-10-23,VCB,61004,61405,61004,61204,749300,61481.8,143.47949934454664,210.54035007828026,60841.058803321626,60549.148782618664,False,False,False,False,,50568500,800,0.0010958993735381561,1.054132722481529,99531700,0.995317
2024-10-24,VCB,61673,61739,61137,61338,755400,61455.05,131.35218095468736,194.70271625356168,60860.54669338744,60564.769598804436,False,False,False,False,,50568500,800,0.002189399385660984,1.0564406400165351,99638900,0.996389
2024-10-25,VCB,61606,61739,61338,61405,996300,61431.65,125.69855907141027,180.9018848171314,60881.89780345068,60581.407824570684,False,False,False,False,,50568500,800,0.0010923081939417933,1.0575945987840383,99692500,0.996925
2024-10-28,VCB,61204,61739,61204,61539,1105800,61431.65,130.52607971475663,170.82672379665644,60907.66651704085,60600.370045866315,False,False,False,False,,50568500,800,0.0021822327172054123,1.0599025163190445,99799700,0.997997
2024-10-29,VCB,61606,61940,61539,61539,1297600,61431.65,132.8208485411451,163.22554874555416,60932.424692843175,60618.95677763134,False,False,False,False,,50568500,800,0.0,1.0599025163190445,99799700,0.997997
2024-10-30,VCB,61539,61806,61271,61338,626500,61398.2,117.07092840750556,153.99462467794444,60948.32960684932,60633.195257282205,False,False,False,False,,50568500,800,-0.003266221420562543,1.0564406400165351,99638900,0.996389
2024-10-31,VCB,61204,63546,61204,62609,2888900,61431.65,204.78741914715647,164.15318357178685,61013.45393599249,60672.32010367265,True,False,False,False,,50568500,800,0.020721249470148972,1.0783314100687216,100655700,1.006557
2024-11-01,VCB,62877,63479,62542,62542,1729900,61471.8,265.83267634606455,184.4890821266424,61073.396918894745,60709.343467956365,True,False,True,False,Buy,44280800,900,-0.001070133686850161,1.0771774513012184,100568600,1.005686
2024-11-04,VCB,62877,63746,61806,61873,1853600,61488.5,257.263203480863,199.04390639748652,61104.7539024675,60732.38617156119,True,False,True,False,Buy,37993100,1000,-0.010696811742509027,1.0656550868913737,99866100,0.998661
2024-11-05,VCB,61940,62208,61539,61940,1082700,61525.3,252.9621839599131,209.82756190997185,61137.508651390344,60756.29931667879,True,False,True,False,Buy,31799100,1100,0.001082863284469715,1.0668090456588768,99933100,0.999331
2024-11-06,VCB,62074,62475,62074,62141,1416800,61588.85,262.7438674240111,220.4108230127797,61176.86125329661,60783.719132190105,True,False,True,False,Buy,25591700,1200,0.003245075879883652,1.0702709219613862,100160900,1.001609
2024-11-07,VCB,62341,62810,62341,62341,1418900,61632.3,283.36776338677737,233.00221108757924,61222.51375316733,60814.55637709723,True,False,True,False,Buy,19357600,1300,0.0032184869892664114,1.073715574998709,100400900,1.004009
2024-11-08,VCB,62542,62810,61673,61673,1380000,61655.75,243.00907488596567,235.00358384725652,61240.179880494106,60831.55526071907,True,False,True,False,Buy,13103400,1400,-0.010715259620474482,1.0622104338540508,99445600,0.994456
2024-11-11,VCB,62074,62074,61472,61539,1873400,61675.85,197.93022691654187,227.58891246111358,61251.89831655316,60845.5640674375,False,False,True,False,Buy,6896000,1500,-0.0021727498256935984,1.0599025163190445,99204500,0.992045
2024-11-12,VCB,61539,62341,61472,61472,1336300,61692.6,155.0116967192298,213.07346931273682,61260.5297551197,60857.96873936943,False,False,False,False,,6896000,1500,-0.0010887404735208106,1.0587485575515414,99104000,0.99104
2024-11-13,VCB,61472,62141,61472,61873,1331800,61726.05,151.6081565735367,200.78040676489678,61284.5481960954,60878.068368292814,False,False,False,False,,6896000,1500,0.0065232951587714805,1.0656550868913737,99705500,0.997055
2024-11-14,VCB,61539,61873,61472,61539,1719700,61719.35,120.56996236737905,184.73831788539323,61294.5266982093,60891.156123376124,False,False,False,False,,6896000,1500,-0.005398154283774881,1.0599025163190445,99204500,0.992045
2024-11-15,VCB,61539,61873,61271,61338,1508600,61695.95,78.8440841447009,163.55947113725477,61296.23153357364,60900.004516972636,False,False,False,False,,6896000,1500,-0.003266221420562543,1.0564406400165351,98903000,0.98903
2024-11-18,VCB,61338,61739,60803,60870,1874900,61662.5,7.921027598218643,132.43178242944754,61279.51657147271,60899.410368121695,False,False,False,False,,6896000,1500,-0.007629854250220114,1.0483801519091998,98201000,0.98201
2024-11-19,VCB,61204,61271,60201,60201,1577000,61615.7,-101.10325918433955,85.72477410669012,61237.22180396398,60885.58045984206,False,False,False,False,,6896000,1500,-0.010990635781172986,1.036857787499355,97197500,0.971975
2024-11-20,VCB,60201,61004,60134,60402,1640700,61575.6,-169.33478576116613,34.71286213311887,61204.468007730095,60876.004609152114,False,False,False,False,,6896000,1500,0.0033388149698510006,1.0403196638018644,97499000,0.97499
2024-11-21,VCB,60469,61071,60335,60535,1461100,61535.45,-210.25310674572393,-14.280331642649692,61178.21436036813,60869.25204263425,False,False,False,False,,6896000,1500,0.0022019138439124397,1.0426103580716841,97698500,0.976985
2024-11-22,VCB,60870,61071,60602,60602,1729700,61495.3,-234.5708441923707,-58.3384341525939,61155.61771878507,60863.95992297813,False,False,False,False,,6896000,1500,0.0011067977203271795,1.0437643168391875,97799000,0.97799
2024-11-25,VCB,60803,61673,60803,61071,1814000,61471.9,-213.53692516404408,-89.37813235488395,61152.29937687193,60868.059726483516,False,False,False,False,,6896000,1500,0.0077390185142405254,1.0518420282117096,98502500,0.985025
2024-11-26,VCB,61137,62141,61137,61806,1759900,61485.25,-135.9914111086473,-98.70078810563662,61177.934695425974,60886.632801206615,False,False,False,False,,6896000,1500,0.012035172176646958,1.064501128123871,99605000,0.99605
2024-11-27,VCB,61739,62341,61739,62007,1047200,61518.7,-57.652431024114776,-90.49111668933224,61210.44706031123,60908.81829029163,True,False,False,False,,6896000,1500,0.0032521114454906463,1.0679630044263804,99906500,0.999065
2024-11-28,VCB,62275,62542,61873,61940,1289900,61485.25,-0.9634588094631908,-72.58558511335843,61239.05697951471,60929.237730087836,True,False,True,False,Buy,668500,1600,-0.0010805231667392334,1.0668090456588772,99772500,0.997725
2024-11-29,VCB,61940,62408,61873,62408,1010500,61478.55,80.79529103175446,-41.90940988433586,61284.89788227884,60958.52015127421,True,False,True,False,,668500,1600,0.007555699063609866,1.0748695337662126,100521300,1.005213
2024-12-02,VCB,63479,63612,62810,63010,1573100,61535.4,191.95333958505216,4.863140009541745,61352.54894571889,60999.143514615316,True,False,True,False,,668500,1600,0.009646199205230133,1.0852379394085543,101484500,1.014845
2024-12-03,VCB,63144,63144,61940,62208,2445800,61548.8,212.8782683423633,46.46616567610606,61386.09604588678,61023.08126680115,True,False,True,False,,668500,1600,-0.012728138390731614,1.0714248807288898,100201300,1.002013
2024-12-04,VCB,62074,62810,61873,62542,1204400,61568.85,253.49035476655263,87.87100349419538,61431.425612714746,61053.158865478355,True,False,True,False,,668500,1600,0.005369084362139898,1.077177451301219,100735700,1.007357
2024-12-05,VCB,62208,63278,62208,62877,2333000,61595.65,309.143808748282,132.1255645450127,61488.11480437299,61089.27453150849,True,False,True,False,,668500,1600,0.005356400498864655,1.0829472451387345,101271700,1.012717
2024-12-06,VCB,62877,63746,62810,63010,1700100,61662.5,359.8336224519371,177.66717612639758,61547.79657675052,61127.30869920139,True,False,True,False,,668500,1600,0.002115240867089696,1.0852379394085543,101484500,1.014845
2024-12-09,VCB,63010,63746,62810,63746,1957500,61772.85,454.15944660776586,232.96563022267122,61634.000632564224,61179.16397248453,True,False,True,False,,668500,1600,0.011680685605459429,1.0979142625859022,102662100,1.026621
2024-12-10,VCB,63746,63746,63211,63211,912700,61859.8,480.2077766830407,282.41405951474513,61695.84374501269,61219.398349267016,True,False,True,False,,668500,1600,-0.008392683462491779,1.0886998157110637,101806100,1.018061
2024-12-11,VCB,63211,63412,62341,62408,1609700,61886.55,431.0865791444885,312.1485634406938,61723.7714412867,61242.93501561816,True,False,True,False,,668500,1600,-0.012703485152900651,1.0748695337662124,100521300,1.005213
2024-12-12,VCB,62542,63144,62542,62542,671500,61936.7,398.37810153856844,329.39447106026876,61755.85883574605,61268.65907471483,True,False,True,False,,668500,1600,0.002147160620433297,1.0771774513012187,100735700,1.007357
2024-12-13,VCB,62341,62609,62141,62275,1227700,61983.55,346.9127347357644,332.8981237953679,61776.21731277561,61288.586617789784,True,False,True,False,,668500,1600,-0.004269131143871285,1.0725788394963927,100308500,1.003085
2024-12-16,VCB,62208,62341,62141,62275,1121800,62053.8,302.63744467959623,326.84598797221355,61795.77741815696,61308.11955605137,False,False,True,False,,668500,1600,0.0,1.0725788394963927,100308500,1.003085
2024-12-17,VCB,62208,62275,62074,62208,1048100,62154.15,259.15523800106894,313.3078379779846,61811.94300960179,61325.93897078303,False,False,False,False,,668500,1600,-0.0010758731433159197,1.0714248807288895,100201300,1.002013
2024-12-18,VCB,62208,62408,62208,62275,530300,62247.8,227.47937535549136,296.14214545348597,61830.102107264465,61344.732258490294,False,False,False,False,,668500,1600,0.0010770318930040101,1.0725788394963927,100308500,1.003085
2024-12-19,VCB,62074,62074,61673,61806,1869700,62311.35,162.65664108496276,269.4450445797813,61829.15692658743,61353.866273173655,False,False,False,False,,668500,1600,-0.007531112003211549,1.0645011281238708,99558100,0.995581
2024-12-20,VCB,61806,62141,61739,61873,1245900,62374.9,115.36069097460131,238.62817385874533,61830.876262799684,61364.14614895239,False,False,False,False,,668500,1600,0.001084037148496808,1.065655086891374,99665300,0.996653
2024-12-23,VCB,61940,62074,61806,61806,707200,62411.65,71.6460783129296,205.2317547495822,61829.90072308205,61372.89573016125,False,False,False,False,,668500,1600,-0.001082863284469826,1.0645011281238708,99558100,0.995581
2024-12-24,VCB,62007,62074,61539,61606,1024300,62401.65,20.625842429137265,168.3105722854932,61821.12030256903,61377.51165629667,False,False,False,False,,668500,1600,-0.0032359317865578996,1.0610564750865479,99238100,0.992381
2024-12-25,VCB,61673,62743,61673,61806,1827700,62391.6,-3.6279132339986973,133.92287518159483,61820.5273495271,61385.99657399377,False,False,False,False,,668500,1600,0.0032464370353537664,1.0645011281238708,99558100,0.995581
2024-12-26,VCB,61873,62074,61539,61606,2202900,62374.9,-38.5432156682582,99.42965701162422,61812.11451229075,61390.35307747904,False,False,False,False,,668500,1600,-0.0032359317865578996,1.0610564750865479,99238100,0.992381
2024-12-27,VCB,61873,62208,61673,61673,1639900,62338.15,-60.11454132851213,67.52081734359695,61806.65904122052,61395.95004624184,False,False,False,False,,668500,1600,0.0010875564068435484,1.062210433854051,99345300,0.993453
2024-12-30,VCB,61673,61873,61539,61539,1706700,62264.6,-87.0195452922053,36.612744816436496,61796.162608231476,61398.78271859348,False,False,False,False,,668500,1600,-0.0021727498256935984,1.0599025163190448,99130900,0.991309
2024-12-31,VCB,61673,61806,61004,61004,2374000,62204.4,-149.78535130031378,-0.6668744069135641,61765.09740790867,61390.96523901737,False,False,False,False,,668500,1600,-0.00869367393035314,1.0506880694442062,98274900,0.982749
2025-01-02,VCB,61271,61873,61204,61472,1630500,62150.9,-159.9205514343048,-32.51760981239181,61753.60339191226,61392.569887749705,False,False,False,False,,668500,1600,0.007671628089961358,1.0587485575515416,99023700,0.990237
2025-01-03,VCB,61472,61806,61472,61539,1402200,62084.0,-160.6940495286326,-58.15289775563997,61745.18757262158,61395.46949393288,False,False,False,False,,668500,1600,0.0010899271212909678,1.0599025163190448,99130900,0.991309
2025-01-06,VCB,61539,62475,61472,62141,1936800,62040.55,-111.446003311612,-68.81151886683438,61760.70962859721,61410.23247425104,False,False,False,False,,668500,1600,0.009782414403874062,1.0702709219613866,100094100,1.000941
2025-01-07,VCB,62341,62341,61739,61739,1252400,61940.2,-103.6596878616765,-75.78115266580281,61759.858270613004,61416.74272228567,False,False,False,False,,668500,1600,-0.00646915884842536,1.0633471693563679,99450900,0.994509
2025-01-08,VCB,61739,61806,61204,61806,1052000,61869.95,-91.03326193524117,-78.83157451969048,61761.66775019681,61424.45078719091,False,False,False,False,,668500,1600,0.0010852135603103275,1.064501128123871,99558100,0.995581
2025-01-09,VCB,61539,61673,61338,61472,738300,61823.15,-106.74722154347546,-84.41470392444748,61750.30823058125,61425.39235576138,False,False,False,False,,668500,1600,-0.005404006083551738,1.0587485575515418,99023700,0.990237
2025-01-10,VCB,61472,61806,61137,61137,1112500,61752.9,-144.5658825294813,-96.44493964545424,61726.2569274212,61419.68161604334,False,False,False,False,,668500,1600,-0.00544963560645495,1.0529787637140262,98487700,0.984877
2025-01-13,VCB,61071,61472,60937,61472,937600,61712.75,-145.82476640707318,-106.32090499777803,61716.28606752233,61420.71762364644,False,False,False,False,,668500,1600,0.005479496867690559,1.0587485575515418,99023700,0.990237
2025-01-14,VCB,61472,61472,61004,61338,677300,61665.9,-155.8387094290374,-116.22446588402991,61701.45131977635,61419.07965090096,False,False,False,False,,668500,1600,-0.0021798542425819356,1.0564406400165356,98809300,0.988093
2025-01-15,VCB,61472,61472,61137,61137,445300,61612.35,-177.94263960944954,-128.56810062911384,61679.31597390277,61413.49391523955,False,False,False,False,,668500,1600,-0.003276924581825269,1.0529787637140262,98487700,0.984877
2025-01-16,VCB,61472,62341,61405,62007,2460200,61598.95,-123.83098787490599,-127.62067807827228,61692.166327867366,61425.246510977384,True,False,False,False,,668500,1600,0.014230335148927908,1.0679630044263806,99879700,0.998797
2025-01-17,VCB,62007,62208,61673,61873,1122600,61602.3,-90.71409847747418,-120.23936215811266,61699.25784442158,61434.11291670061,True,False,True,False,,668500,1600,-0.002161046333478467,1.0656550868913743,99665300,0.996653
2025-01-20,VCB,61739,61873,61271,61338,1761500,61575.55,-106.41210138857423,-117.47391000420497,61685.09087013054,61432.20969062733,False,False,True,False,,668500,1600,-0.008646744137184248,1.0564406400165358,98809300,0.988093
2025-01-21,VCB,61606,61606,61071,61137,1264900,61542.1,-133.53262103244924,-120.68565220985383,61663.59711051758,61426.363954179265,False,False,False,False,,668500,1600,-0.003276924581825269,1.0529787637140264,98487700,0.984877
2025-01-22,VCB,61539,61539,61004,61004,979100,61512.0,-163.8688387473594,-129.32228951735493,61637.730557163944,61418.00031152225,False,False,False,False,,668500,1600,-0.002175442040008524,1.0506880694442067,98274900,0.982749
2025-01-23,VCB,61071,62141,61071,61873,1685100,61515.35,-116.4471422134884,-126.74726005658162,61646.95680982418,61427.01020634359,True,False,False,False,,668500,1600,0.014244967543111997,1.0656550868913743,99665300,0.996653
2025-01-24,VCB,61606,62208,61606,61940,944000,61532.05,-72.6216290634402,-115.92213385795334,61658.448699634995,61437.16842007936,True,False,True,False,,668500,1600,0.001082863284469715,1.0668090456588775,99772500,0.997725
2025-02-03,VCB,61739,61806,61271,61271,1435800,61511.95,-90.8253252670911,-110.9027721397809,61643.254632982644,61433.87795631541,False,False,True,False,,668500,1600,-0.01080077494349374,1.0552866812490327,98702100,0.987021
2025-02-04,VCB,61606,61673,61338,61539,855200,61511.95,-82.67351659169071,-105.25692103016286,61639.16621600293,61435.95958094283,True,False,False,False,,668500,1600,0.00437401054332387,1.0599025163190452,99130900,0.991309
2025-02-05,VCB,61539,62074,61539,61940,1345800,61558.75,-43.356019577156985,-92.87674073956168,61650.963619296934,61445.94057934,True,False,True,False,,668500,1600,0.0065161929833112975,1.0668090456588772,99772500,0.997725
2025-02-06,VCB,62074,62475,62007,62141,1351600,61592.2,3.9765609279857017,-73.5060804060522,61670.18073226568,61459.70413222435,True,False,True,False,,668500,1600,0.003245075879883652,1.0702709219613866,100094100,1.000941
2025-02-07,VCB,62141,62341,61873,62208,2260900,61625.65,46.35990393425891,-49.53288353798998,61691.27168394154,61474.5218721803,True,False,True,False,,668500,1600,0.0010781931414041157,1.0714248807288898,100201300,1.002013
2025-02-10,VCB,62141,62141,61472,61673,2298100,61602.25,36.359846130806545,-32.35433760423068,61690.55514731638,61478.45213213713,True,False,True,False,,668500,1600,-0.008600180041152261,1.0622104338540512,99345300,0.993453
2025-02-11,VCB,61673,61739,61338,61472,1039400,61588.9,12.076497753398144,-23.468170532704914,61681.98435722554,61478.32436714431,False,False,True,False,,668500,1600,-0.0032591247385403976,1.0587485575515418,99023700,0.990237
2025-02-12,VCB,61472,61873,61204,61204,1054100,61558.8,-28.465458926955762,-24.467628211555084,61663.23987262846,61472.892201458286,False,False,False,False,,668500,1600,-0.004359708485163982,1.0541327224815293,98594900,0.985949
2025-02-13,VCB,61472,61472,61137,61271,862300,61548.75,-54.55997816168383,-30.486098201580834,61647.85791683911,61468.89433608287,False,False,False,False,,668500,1600,0.001094699692830492,1.0552866812490325,98702100,0.987021
2025-02-14,VCB,61673,61673,61204,61271,947800,61555.45,-74.38263593064039,-39.26540574739275,61633.07917500228,61464.97563635846,False,False,False,False,,668500,1600,0.0,1.0552866812490325,98702100,0.987021
2025-02-17,VCB,61204,61539,61204,61271,787100,61545.4,-89.0655428900136,-49.22543317591692,61618.87999166886,61461.134534648394,False,False,False,False,,668500,1600,0.0,1.0552866812490325,98702100,0.987021
2025-02-18,VCB,61271,61539,61137,61271,1065500,61542.05,-99.55425298194314,-59.29119713712216,61605.237639054394,61457.369494358325,False,False,False,False,,668500,1600,0.0,1.0552866812490325,98702100,0.987021
2025-02-19,VCB,61271,61338,61071,61338,1509500,61552.1,-101.29265259263775,-67.69148822822528,61594.75773164049,61455.00574199479,False,False,False,False,,668500,1600,0.0010935026358309674,1.0564406400165356,98809300,0.988093
2025-02-20,VCB,61673,61739,61338,61338,1636600,61518.65,-101.50031436634163,-74.45325345584855,61584.688800987926,61452.68879660876,False,False,False,False,,668500,1600,0.0,1.0564406400165356,98809300,0.988093
2025-02-21,VCB,61606,62275,61606,62275,2513400,61538.75,-25.75987485153746,-64.71457773498634,61611.759828400165,61468.972186774925,True,False,False,False,,668500,1600,0.015276011607812556,1.072578839496393,100308500,1.003085
2025-02-24,VCB,62408,62542,62007,62542,1956000,61598.95,55.173630464640155,-40.73693609506104,61648.23983512957,61490.22026228433,True,False,True,False,,668500,1600,0.004287434765154474,1.077177451301219,100735700,1.007357
2025-02-25,VCB,62542,62609,61873,61940,1926600,61639.1,69.93152060734428,-18.603244754579976,61659.681410222525,61499.12679174405,True,False,True,False,,668500,1600,-0.009625531642736052,1.0668090456588772,99772500,0.997725
2025-02-26,VCB,61940,62141,61673,61739,769200,61675.85,64.66284170938161,-1.9500274617876592,61662.791943154974,61503.87675626397,True,False,True,False,,668500,1600,-0.003245075879883763,1.0633471693563679,99450900,0.994509
2025-02-27,VCB,63479,63813,62877,62877,5028800,61726.05,150.57868768152548,28.555715566874973,61710.40794538419,61531.06731554587,True,False,True,False,,668500,1600,0.01843243330795774,1.0829472451387347,101271700,1.012717
2025-02-28,VCB,63010,63010,62408,62408,2070800,61749.45,178.76257056361646,58.597086566223275,61737.7644965456,61548.43231919843,True,False,True,False,,668500,1600,-0.007459007268158513,1.0748695337662126,100521300,1.005213
2025-03-03,VCB,62542,62542,62208,62408,1251000,61806.3,198.8067799947239,86.6390252519234,61764.048241779106,61565.45346139252,True,False,True,False,,668500,1600,0.0,1.0748695337662126,100521300,1.005213
2025-03-04,VCB,62341,62475,62007,62208,2498900,61839.75,196.29091239807894,108.56940268115451,61781.458114650515,61578.17715522633,True,False,True,False,,668500,1600,-0.003204717343930241,1.0714248807288898,100201300,1.002013
2025-03-05,VCB,62208,62743,62208,62208,1820200,61853.15,192.0828575870546,125.27209366233453,61798.18524740932,61590.6488947268,True,False,True,False,,668500,1600,0.0,1.0714248807288898,100201300,1.002013
2025-03-06,VCB,62542,63010,62341,62542,2357600,61873.2,213.24084475691052,142.86584388124973,61827.354453393265,61609.487530474784,True,False,True,False,,668500,1600,0.005369084362139898,1.077177451301219,100735700,1.007357
2025-03-07,VCB,62609,63746,62542,63612,3999500,61943.4,312.7436455907664,176.84140422315306,61897.3405532602,61649.14124274261,True,False,True,False,,668500,1600,0.017108503085926152,1.095606345050896,102447700,1.024477
2025-03-10,VCB,64482,65151,64281,64750,4428800,62097.25,477.91827706354525,237.0567787912315,62009.20955117156,61710.54438645068,True,False,True,False,,668500,1600,0.017889706344714762,1.1152064208332626,104268500,1.042685
2025-03-11,VCB,64214,64750,63947,64750,3640200,62261.15,601.8822387352266,310.0218707800305,62116.691529556985,61770.731626322944,True,False,True,False,,668500,1600,0.0,1.1152064208332626,104268500,1.042685
2025-03-12,VCB,66000,68600,65600,66700,7560300,62535.95,847.70149943258,417.5577965105404,62296.42911663318,61868.340901049225,True,False,True,False,,668500,1600,0.03011583011583019,1.14879178794716,107388500,1.073885
2025-03-13,VCB,67200,67200,65200,65500,4496300,62747.4,934.9080256264351,521.0278423337194,62422.059347353446,61940.254942612606,True,False,True,False,,668500,1600,-0.01799100449775115,1.1281238697232232,105468500,1.054685
2025-03-14,VCB,65400,66800,65400,66000,4920600,62983.85,1032.4640444321485,623.3150827534052,62562.370745496446,62020.645933848,True,False,True,False,,668500,1600,0.007633587786259444,1.1367355023165302,106268500,1.062685
2025-03-17,VCB,66000,67300,66000,67300,4940800,63285.3,1200.8345543861142,738.818977079947,62748.160128026,62125.18759852427,True,False,True,False,,668500,1600,0.01969696969696977,1.1591257470591285,108348500,1.083485
2025-03-18,VCB,67800,67800,66800,66800,3656000,63561.75,1279.1780074339695,846.8907831507515,62907.05580927988,62217.75814112775,True,False,True,False,,668500,1600,-0.007429420505200568,1.1505141144658215,107548500,1.075485
2025-03-19,VCB,67200,67200,66500,66500,3674000,63819.85,1302.049054608964,937.9224374423941,63047.95558146499,62302.55500962027,True,False,True,False,,668500,1600,-0.004491017964071808,1.1453471349098374,107068500,1.070685
2025-03-20,VCB,66500,67000,66200,66800,1688900,64092.95,1329.061424280444,1016.1502348100041,63195.094578270284,62391.61332626145,True,False,True,False,,668500,1600,0.004511278195488799,1.1505141144658217,107548500,1.075485
2025-03-21,VCB,67000,67000,66000,66000,1701500,64279.2,1271.2612988175679,1067.1724476115169,63305.090869318505,62463.066527721625,True,False,True,False,,668500,1600,-0.0119760479041916,1.1367355023165304,106268500,1.062685
2025-03-24,VCB,66300,66500,65500,66500,1977600,64477.1,1251.3750318729508,1104.0129644638037,63430.38142346287,62543.0058044004,True,False,True,False,,668500,1600,0.007575757575757569,1.1453471349098374,107068500,1.070685
2025-03-25,VCB,66500,66600,66200,66200,2028100,64690.1,1197.6023152425769,1122.7308346195582,63538.99391666041,62615.42153104594,True,False,True,False,,668500,1600,-0.004511278195488688,1.1401801553538533,106588500,1.065885
2025-03-26,VCB,66400,66600,65800,65800,1507400,64893.15,1109.915972409748,1120.1678621775961,63627.66082188941,62678.482490827206,False,False,True,False,,668500,1600,-0.0060422960725075026,1.1332908492792078,105948500,1.059485
2025-03-27,VCB,65800,65900,65500,65500,901500,65024.3,1004.6356072568597,1097.0614111934487,63701.08588769767,62734.35412467221,False,False,False,False,,668500,1600,-0.00455927051671734,1.1281238697232234,105468500,1.054685
2025-03-28,VCB,65500,65700,64800,64800,1650600,65143.9,854.8616960144864,1048.6214681576562,63744.18055876835,62775.25800339157,False,False,False,False,,668500,1600,-0.010687022900763399,1.1160675840925935,104348500,1.043485
2025-03-31,VCB,64700,65200,64000,64000,1771900,65223.5,663.9577861121725,971.6887317485595,63754.21269371861,62799.5103201561,False,False,False,False,,668500,1600,-0.012345679012345734,1.1022889719433022,103068500,1.030685
2025-04-01,VCB,64700,65300,64000,64500,1715200,65338.1,546.7087651219044,886.6927384232284,63783.45925474926,62833.18338312331,False,False,False,False,,668500,1600,0.0078125,1.1109006045366092,103868500,1.038685
2025-04-02,VCB,65000,66000,64600,64800,2330700,65467.7,472.5483211537794,803.8638549693386,63823.32359770027,62872.130246823835,False,False,False,False,,668500,1600,0.0046511627906977715,1.1160675840925935,104348500,1.043485
2025-04-03,VCB,64000,64400,60300,60300,9806100,65355.6,50.08588418554427,653.1082608125797,63685.15404484928,62821.196974609506,False,False,False,False,,668500,1600,-0.06944444444444442,1.0385628907528301,97148500,0.971485
2025-04-04,VCB,56700,60000,56200,60000,11887700,65175.0,-305.40560784580885,461.405487080902,63540.63819995323,62765.33168798358,False,False,False,False,,668500,1600,-0.00497512437810943,1.033395911196846,96668500,0.966685
2025-04-08,VCB,59800,59800,55800,55800,7181200,64727.5,-915.4869123393728,186.02700719684702,63237.08376073938,62627.40432782548,False,False,False,False,,668500,1600,-0.06999999999999995,0.9610581974130669,89948500,0.899485
2025-04-09,VCB,52000,59700,52000,52500,8995800,64115.0,-1646.2858043233355,-180.4355551071895,62816.02165247509,62426.86166786854,False,False,False,False,,668500,1600,-0.05913978494623651,0.9042214222972403,84668500,0.846685
2025-04-10,VCB,56100,56100,56100,56100,174400,63585.0,-1912.9084598170593,-526.9301360491635,62552.64825433881,62301.5772784058,False,False,False,False,,668500,1600,0.0685714285714285,0.9662251769690511,90428500,0.904285
2025-04-11,VCB,59800,59900,58000,59800,8059500,63300.0,-1804.844631958098,-782.5130352309504,62444.70126397259,62252.04109467499,False,False,False,False,,668500,1600,0.06595365418894827,1.0299512581595232,96348500,0.963485
2025-04-14,VCB,60000,60000,58700,59300,3619500,62965.0,-1739.497249653119,-973.9098781153841,62321.37964577758,62193.584835374495,False,False,False,False,,668500,1600,-0.00836120401337792,1.0213396255662162,95548500,0.955485
2025-04-15,VCB,59100,60900,58300,60000,5633100,62600.0,-1612.6353717828097,-1101.6549768488692,62230.345149864734,62150.147511901734,False,False,False,False,,668500,1600,0.01180438448566612,1.033395911196846,96668500,0.966685
2025-04-16,VCB,59700,60300,59000,59300,2625800,62225.0,-1550.7050073911669,-1191.4649829573286,62115.42965379161,62093.70894730962,False,False,False,False,,668500,1600,-0.011666666666666714,1.0213396255662162,95548500,0.955485
2025-04-17,VCB,59300,59300,58100,58100,3151800,61805.0,-1580.2387104188965,-1269.2197284496422,61957.961824231155,62014.62560181834,False,True,False,False,,668500,1600,-0.0202360876897133,1.0006717073422793,93628500,0.936285
2025-04-18,VCB,58700,59600,58100,58100,2165400,61370.0,-1585.3692331851344,-1332.4496293967406,61806.66920367307,61937.10826316848,False,True,False,True,Sell,94588500,0,0.0,1.0006717073422793,94588500,0.945885
2025-04-21,VCB,58500,58900,58100,58200,1290500,60980.0,-1563.344779703577,-1378.628659458108,61665.23119568589,61863.106119343356,False,True,False,True,,94588500,0,0.001721170395869276,1.0023940338609407,94588500,0.945885
2025-04-22,VCB,58100,58800,54700,58500,3850700,60580.0,-1504.3416348994724,-1403.7712545463808,61541.10448212958,61796.50995856428,False,True,False,True,,94588500,0,0.005154639175257714,1.0075610134169248,94588500,0.945885
2025-04-23,VCB,59400,59400,58000,58000,1928700,60170.0,-1480.856645267777,-1419.18833269066,61402.23763969313,61721.33154354321,False,True,False,True,,94588500,0,-0.008547008547008517,0.9989493808236178,94588500,0.945885
2025-04-24,VCB,58200,58600,58000,58200,1861200,59790.0,-1429.6264494564093,-1421.2759560438099,61276.6596930385,61651.602206047304,False,True,False,True,,94588500,0,0.0034482758620688614,1.0023940338609405,94588500,0.945885
2025-04-25,VCB,58200,59000,57500,57500,3682000,59390.0,-1429.0372481858867,-1422.8282144722252,61128.55539135072,61569.3922613731,False,True,False,True,,94588500,0,-0.012027491408934665,0.9903377482303107,94588500,0.945885
2025-04-28,VCB,57700,58300,57500,57500,1654600,59025.0,-1412.2902984931934,-1420.7206312764188,60986.25910149383,61488.81023639541,False,False,False,True,,94588500,0,0.0,0.9903377482303107,94588500,0.945885
2025-04-29,VCB,57700,58500,57300,57300,2432200,58690.0,-1399.0294085801943,-1416.3823867371739,60841.699921043095,61405.86349904104,False,False,False,False,,94588500,0,-0.003478260869565264,0.9868930951929878,94588500,0.945885
2025-05-05,VCB,57500,58000,57000,57100,2101500,58320.0,-1388.6508833369007,-1410.8360860571192,60694.966590806114,61320.598875297655,False,False,False,False,,94588500,0,-0.003490401396160525,0.9834484421556651,94588500,0.945885
2025-05-06,VCB,57300,58000,57000,57000,2992900,57930.0,-1372.6716868262083,-1403.203206210937,60550.065940186265,61235.042461925426,False,False,False,False,,94588500,0,-0.0017513134851138146,0.9817261156370036,94588500,0.945885
2025-05-07,VCB,57100,57500,57000,57000,2415400,57765.0,-1344.5093911346266,-1391.464443195675,60410.8476680221,61151.180234956606,False,False,False,False,,94588500,0,0.0,0.9817261156370036,94588500,0.945885
2025-05-08,VCB,57400,57700,56900,57100,3022300,57620.0,-1299.1456621325633,-1373.0006869830527,60281.01050457025,61070.95884416538,False,False,False,False,,94588500,0,0.0017543859649122862,0.9834484421556651,94588500,0.945885
2025-05-09,VCB,57300,57600,56600,56600,5827400,57660.0,-1288.685240126586,-1356.1375976117592,60136.65715144985,60982.42500566706,False,False,False,False,,94588500,0,-0.008756567425569184,0.974836809562358,94588500,0.945885
2025-05-12,VCB,57000,57300,56200,56600,5992500,57865.0,-1265.8038811176157,-1338.0708543129306,59997.96471413809,60895.64431248553,False,False,False,False,,94588500,0,0.0,0.974836809562358,94588500,0.945885
2025-05-13,VCB,57100,57300,56600,56800,7392600,57900.0,-1217.4973590323207,-1313.9561552568086,59872.5543331915,60814.54244491156,False,False,False,False,,94588500,0,0.0035335689045936647,0.9782814625996809,94588500,0.945885
2025-05-14,VCB,57200,58800,57200,58700,8014200,57845.0,-1014.2088034494518,-1254.0066848953372,59826.57181032125,60772.67031728955,False,False,False,False,,94588500,0,0.03345070422535201,1.0110056664542475,94588500,0.945885
2025-05-15,VCB,59300,59800,58700,58700,8070600,57815.0,-843.3792080104686,-1171.8811895183635,59782.39252364198,60731.62734070956,False,False,False,False,,94588500,0,0.0,1.0110056664542475,94588500,0.945885
2025-05-16,VCB,58800,59000,57500,57500,8364800,57690.0,-795.6536935439071,-1096.6356903234723,59692.88693447955,60667.63472010145,False,False,False,False,,94588500,0,-0.020442930153321992,0.9903377482303105,94588500,0.945885
2025-05-19,VCB,57400,57600,57000,57000,4784400,57575.0,-789.0806700325629,-1035.1246862652904,59587.28352528428,60595.008290000434,False,False,False,False,,94588500,0,-0.008695652173912993,0.9817261156370035,94588500,0.945885
2025-05-20,VCB,57000,57400,56800,57100,3867000,57525.0,-766.9612850019403,-981.4920060126203,59489.74299488097,60525.800205049934,False,False,False,False,,94588500,0,0.0017543859649122862,0.983448442155665,94588500,0.945885
2025-05-21,VCB,57500,57900,57000,57100,5161800,57475.0,-740.8909829408876,-933.3718013982738,59396.027583317016,60457.96257722716,False,False,False,False,,94588500,0,0.0,0.983448442155665,94588500,0.945885
2025-05-22,VCB,57100,57400,56900,56900,3694300,57410.0,-727.976746477776,-892.2927904141742,59298.14414867714,60387.50787272761,False,False,False,False,,94588500,0,-0.003502626970227629,0.9800037891183422,94588500,0.945885
2025-05-23,VCB,56900,57500,56700,56800,3546500,57325.0,-717.5399316251642,-857.3422186563722,59200.17771147411,60316.46811287162,False,False,False,False,,94588500,0,-0.0017574692442882123,0.9782814625996807,94588500,0.945885
2025-05-26,VCB,56900,57000,56000,57000,4728300,57275.0,-685.2314307392153,-822.9200610729408,59113.89623259277,60250.79547697317,False,False,False,False,,94588500,0,0.0035211267605634866,0.9817261156370036,94588500,0.945885
2025-05-27,VCB,56800,57200,56700,56800,5548900,57205.0,-668.0640134554706,-791.9488515494468,59023.155203863644,60182.462893270735,False,False,False,False,,94588500,0,-0.0035087719298245723,0.9782814625996809,94588500,0.945885
2025-05-28,VCB,57100,57600,56800,56800,4950200,57170.0,-647.0004926382244,-762.9591797672023,58935.97264684938,60115.48343003765,False,False,False,False,,94588500,0,0.0,0.9782814625996809,94588500,0.945885
2025-05-29,VCB,57200,57200,56700,56700,3904500,57130.0,-631.101717153062,-736.5876872443743,58848.28744501215,60047.850094789384,False,False,False,False,,94588500,0,-0.0017605633802817433,0.9765591360810194,94588500,0.945885
2025-05-30,VCB,56800,56900,56400,56400,3934000,57085.0,-635.3849931444202,-716.3471484243835,58752.276172658734,59975.61543944702,False,False,False,False,,94588500,0,-0.005291005291005346,0.9713921565250351,94588500,0.945885
2025-06-02,VCB,56500,56500,56100,56200,3225700,57040.0,-647.4543974892804,-702.5685982373628,58652.186910985845,59900.85077727975,False,False,False,False,,94588500,0,-0.0035460992907800915,0.9679475034877123,94588500,0.945885
2025-06-03,VCB,56700,56900,56400,56800,3364000,57030.0,-601.6688379590196,-682.3886461816942,58579.55213016287,59839.44779159105,False,False,False,False,,94588500,0,0.01067615658362997,0.9782814625996809,94588500,0.945885
2025-06-04,VCB,56900,57000,56500,56600,2690500,57010.0,-574.8947518545829,-660.8898673162719,58501.92263486236,59775.300310569444,False,False,False,False,,94588500,0,-0.0035211267605633756,0.9748368095623581,94588500,0.945885
2025-06-05,VCB,56700,56800,56300,56300,2783100,56970.0,-571.2980205550411,-642.9714979640257,58415.57272761286,59706.48248263737,False,False,False,False,,94588500,0,-0.005300353356890497,0.9696698300063739,94588500,0.945885
2025-06-06,VCB,56300,56600,56100,56100,2531900,56945.0,-577.9239658838342,-629.9619915479874,58324.76595398098,59635.066987931685,False,False,False,False,,94588500,0,-0.003552397868561319,0.966225176969051,94588500,0.945885
2025-06-09,VCB,56200,56400,55900,55900,2223900,56910.0,-592.4836214447569,-622.4663175273413,58229.677093040555,59561.105265398386,False,False,False,False,,94588500,0,-0.0035650623885917776,0.9627805239317282,94588500,0.945885
2025-06-10,VCB,56000,56200,55900,55900,2231400,56865.0,-597.1388088905514,-617.4008157999833,58138.31720703896,59488.608131430105,False,False,False,False,,94588500,0,0.0,0.9627805239317282,94588500,0.945885
2025-06-11,VCB,56200,56200,55700,55700,2295800,56715.0,-609.9354508051692,-615.9077428010205,58042.69692440998,59413.58618823347,False,False,False,False,,94588500,0,-0.003577817531305927,0.9593358708944053,94588500,0.945885
2025-06-12,VCB,56000,56100,55700,56000,2560800,56580.0,-589.0788545752512,-610.5419651558666,57962.59116266842,59345.99042212984,False,False,False,False,,94588500,0,0.0053859964093356805,0.9645028504503895,94588500,0.945885
2025-06-13,VCB,55900,57100,55600,56200,5364900,56515.0,-550.0706512090765,-598.4477023665086,57893.46994060299,59283.69358208767,False,False,False,False,,94588500,0,0.0035714285714285587,0.9679475034877123,94588500,0.945885
2025-06-16,VCB,56200,56700,56200,56600,4336600,56495.0,-481.33122519616154,-575.0244069324392,57842.745629206795,59230.551134917616,False,False,False,False,,94588500,0,0.007117437722419906,0.974836809562358,94588500,0.945885
2025-06-17,VCB,56900,57500,56800,57200,5159800,56500.0,-374.1270455541744,-534.8449346567862,57817.539918257506,59190.342201552914,False,False,False,False,,94588500,0,0.010600706713780994,0.9851707686743265,94588500,0.945885
2025-06-18,VCB,57200,57300,56500,56700,3421100,56480.0,-325.7576507286358,-493.0274778711561,57773.71482342388,59141.02849459147,False,False,False,False,,94588500,0,-0.00874125874125875,0.9765591360810194,94588500,0.945885
2025-06-19,VCB,56700,57000,56500,56600,2368700,56465.0,-292.12627129862085,-452.8472365566491,57727.68679113274,59090.71109865896,False,False,False,False,,94588500,0,-0.0017636684303351524,0.974836809562358,94588500,0.945885
2025-06-20,VCB,56700,57200,56500,57100,6886500,56480.0,-222.561785747479,-406.79014639481505,57703.07162285303,59051.29107690334,False,False,False,False,,94588500,0,0.008833922261484162,0.9834484421556651,94588500,0.945885
2025-06-23,VCB,56700,56900,56500,56600,2480600,56460.0,-205.409419167554,-366.51400094936287,57659.81391215291,59002.75065953892,False,False,False,False,,94588500,0,-0.008756567425569184,0.974836809562358,94588500,0.945885
2025-06-24,VCB,56900,57100,56600,56600,3507600,56450.0,-189.6301072412025,-331.1372222077308,57618.25258226456,58955.171438557954,False,False,False,False,,94588500,0,0.0,0.974836809562358,94588500,0.945885
2025-06-25,VCB,56800,56900,56600,56600,2739800,56440.0,-175.10637160384795,-299.93105208695425,57578.32110845027,58908.534380368685,False,False,False,False,,94588500,0,0.0,0.974836809562358,94588500,0.945885
2025-06-26,VCB,56700,56800,56400,56400,2842900,56425.0,-177.6862781944801,-275.4820973084594,57532.11243753065,58858.860432242574,False,False,False,False,,94588500,0,-0.0035335689045936647,0.9713921565250351,94588500,0.945885
2025-06-27,VCB,56600,57300,56400,56700,4082600,56440.0,-153.75103374902392,-251.1358845965723,57499.480577235336,58816.11072071302,False,False,False,False,,94588500,0,0.005319148936170137,0.9765591360810192,94588500,0.945885
2025-06-30,VCB,57000,57200,56900,57000,2952200,56480.0,-109.31457689006493,-222.77162305527082,57479.89310361826,58780.14813218405,False,False,False,False,,94588500,0,0.005291005291005346,0.9817261156370035,94588500,0.945885
2025-07-01,VCB,57200,58800,57100,58200,10049500,56550.0,22.472556852881098,-173.72278707364043,57508.13258975088,58768.66005035862,False,False,False,False,,94588500,0,0.021052631578947434,1.0023940338609405,94588500,0.945885
2025-07-02,VCB,58300,58600,57700,58000,2913600,56620.0,109.5140712457578,-117.07541540976078,57527.42150779987,58753.43905926241,False,False,False,False,,94588500,0,-0.0034364261168384758,0.9989493808236177,94588500,0.945885
2025-07-03,VCB,58100,58800,57700,57900,7395300,56700.0,168.48375834848412,-59.963580658111795,57542.032429062616,58736.53927591068,False,False,False,False,,94588500,0,-0.0017241379310344307,0.9972270543049564,94588500,0.945885
2025-07-04,VCB,57900,58800,57800,58400,4849800,56815.0,252.651077208473,2.5593509152051723,57575.6782161582,58729.87513183324,False,False,False,False,,94588500,0,0.008635578583765069,1.0058386868982634,94588500,0.945885
